DELETE FROM Aluno_TCC;
DELETE FROM TCC;
DELETE FROM Historico_Professor;
DELETE FROM Historico_Aluno;
DELETE FROM Disciplina;
DELETE FROM Aluno;
DELETE FROM Curso;
DELETE FROM Professor;
DELETE FROM Departamento;
INSERT INTO Departamento (id_departamento, nome) VALUES (1, 'Engenharia');
INSERT INTO Departamento (id_departamento, nome) VALUES (2, 'Tecnologia da Informacao');
INSERT INTO Departamento (id_departamento, nome) VALUES (3, 'Matematica');
INSERT INTO Departamento (id_departamento, nome) VALUES (4, 'Fisica');
INSERT INTO Departamento (id_departamento, nome) VALUES (5, 'Quimica');
INSERT INTO Professor (id_professor, nome, cpf, email, id_departamento) VALUES (1, 'Liam Nogueira', '761.453.208-26', 'liam@exemplo.com.br', 4);
INSERT INTO Professor (id_professor, nome, cpf, email, id_departamento) VALUES (2, 'João Pedro Montenegro', '693.281.450-15', 'joão@exemplo.com.br', 3);
INSERT INTO Professor (id_professor, nome, cpf, email, id_departamento) VALUES (3, 'Isabela da Paz', '794.283.601-04', 'isabela@exemplo.com.br', 5);
INSERT INTO Professor (id_professor, nome, cpf, email, id_departamento) VALUES (4, 'Dr. Isaac da Luz', '210.965.847-94', 'dr.@exemplo.com.br', 5);
INSERT INTO Professor (id_professor, nome, cpf, email, id_departamento) VALUES (5, 'Ana Clara Pires', '765.328.041-26', 'ana@exemplo.com.br', 2);
INSERT INTO Professor (id_professor, nome, cpf, email, id_departamento) VALUES (6, 'Sra. Bella Siqueira', '153.206.897-21', 'sra.@exemplo.com.br', 4);
INSERT INTO Professor (id_professor, nome, cpf, email, id_departamento) VALUES (7, 'Noah Borges', '869.453.127-55', 'noah@exemplo.com.br', 2);
INSERT INTO Professor (id_professor, nome, cpf, email, id_departamento) VALUES (8, 'Dr. João Siqueira', '807.562.934-56', 'dr.@exemplo.com.br', 4);
INSERT INTO Professor (id_professor, nome, cpf, email, id_departamento) VALUES (9, 'Caio Fogaça', '146.579.820-01', 'caio@exemplo.com.br', 4);
INSERT INTO Professor (id_professor, nome, cpf, email, id_departamento) VALUES (10, 'Mariane Pereira', '908.574.132-79', 'mariane@exemplo.com.br', 3);
INSERT INTO Professor (id_professor, nome, cpf, email, id_departamento) VALUES (11, 'Gustavo Caldeira', '472.386.095-92', 'gustavo@exemplo.com.br', 1);
INSERT INTO Professor (id_professor, nome, cpf, email, id_departamento) VALUES (12, 'Brenda da Costa', '748.610.952-20', 'brenda@exemplo.com.br', 3);
INSERT INTO Professor (id_professor, nome, cpf, email, id_departamento) VALUES (13, 'Raul Araújo', '394.761.825-55', 'raul@exemplo.com.br', 1);
INSERT INTO Professor (id_professor, nome, cpf, email, id_departamento) VALUES (14, 'Luiz Otávio Barbosa', '605.734.928-83', 'luiz@exemplo.com.br', 3);
INSERT INTO Professor (id_professor, nome, cpf, email, id_departamento) VALUES (15, 'Mariana Câmara', '389.025.641-42', 'mariana@exemplo.com.br', 5);
INSERT INTO Professor (id_professor, nome, cpf, email, id_departamento) VALUES (16, 'Sra. Aylla Sales', '297.586.341-19', 'sra.@exemplo.com.br', 3);
INSERT INTO Professor (id_professor, nome, cpf, email, id_departamento) VALUES (17, 'Vitor Gabriel Pimenta', '742.813.906-69', 'vitor@exemplo.com.br', 1);
INSERT INTO Professor (id_professor, nome, cpf, email, id_departamento) VALUES (18, 'Vinícius da Rosa', '594.021.738-97', 'vinícius@exemplo.com.br', 4);
INSERT INTO Professor (id_professor, nome, cpf, email, id_departamento) VALUES (19, 'Matheus Borges', '059.621.843-51', 'matheus@exemplo.com.br', 2);
INSERT INTO Professor (id_professor, nome, cpf, email, id_departamento) VALUES (20, 'Sr. Vinícius Costa', '306.754.821-35', 'sr.@exemplo.com.br', 1);
UPDATE Departamento SET id_chefe_departamento = 11 WHERE id_departamento = 1;
UPDATE Departamento SET id_chefe_departamento = 5 WHERE id_departamento = 2;
UPDATE Departamento SET id_chefe_departamento = 2 WHERE id_departamento = 3;
UPDATE Departamento SET id_chefe_departamento = 1 WHERE id_departamento = 4;
UPDATE Departamento SET id_chefe_departamento = 3 WHERE id_departamento = 5;
INSERT INTO Curso (id_curso, nome, id_departamento, id_coordenador) VALUES (1, 'Engenharia Civil', 1, 17);
INSERT INTO Curso (id_curso, nome, id_departamento, id_coordenador) VALUES (2, 'Ciencia da Computacao', 2, 5);
INSERT INTO Curso (id_curso, nome, id_departamento, id_coordenador) VALUES (3, 'Estatistica', 3, 10);
INSERT INTO Curso (id_curso, nome, id_departamento, id_coordenador) VALUES (4, 'Fisica Computacional', 4, 9);
INSERT INTO Curso (id_curso, nome, id_departamento, id_coordenador) VALUES (5, 'Quimica Aplicada', 5, 3);
INSERT INTO Aluno (id_aluno, nome, cpf, email, matricula, id_curso) VALUES (1, 'Matteo Sá', '178.429.536-19', 'matteo@exemplo.com.br', 'MAT00001', 2);
INSERT INTO Aluno (id_aluno, nome, cpf, email, matricula, id_curso) VALUES (2, 'Lívia Nascimento', '364.982.701-87', 'lívia@exemplo.com.br', 'MAT00002', 4);
INSERT INTO Aluno (id_aluno, nome, cpf, email, matricula, id_curso) VALUES (3, 'Dr. Lucas Gabriel Mendes', '340.728.916-22', 'dr.@exemplo.com.br', 'MAT00003', 4);
INSERT INTO Aluno (id_aluno, nome, cpf, email, matricula, id_curso) VALUES (4, 'Bento Sousa', '812.643.079-69', 'bento@exemplo.com.br', 'MAT00004', 4);
INSERT INTO Aluno (id_aluno, nome, cpf, email, matricula, id_curso) VALUES (5, 'Maria Isis Andrade', '920.364.751-16', 'maria@exemplo.com.br', 'MAT00005', 3);
INSERT INTO Aluno (id_aluno, nome, cpf, email, matricula, id_curso) VALUES (6, 'Dr. Dante Fonseca', '789.436.051-10', 'dr.@exemplo.com.br', 'MAT00006', 4);
INSERT INTO Aluno (id_aluno, nome, cpf, email, matricula, id_curso) VALUES (7, 'Leandro Moraes', '594.126.873-46', 'leandro@exemplo.com.br', 'MAT00007', 3);
INSERT INTO Aluno (id_aluno, nome, cpf, email, matricula, id_curso) VALUES (8, 'Alexia Fernandes', '629.804.137-04', 'alexia@exemplo.com.br', 'MAT00008', 4);
INSERT INTO Aluno (id_aluno, nome, cpf, email, matricula, id_curso) VALUES (9, 'Eduardo Duarte', '730.925.814-23', 'eduardo@exemplo.com.br', 'MAT00009', 4);
INSERT INTO Aluno (id_aluno, nome, cpf, email, matricula, id_curso) VALUES (10, 'Eduardo Fogaça', '349.051.278-23', 'eduardo@exemplo.com.br', 'MAT00010', 4);
INSERT INTO Aluno (id_aluno, nome, cpf, email, matricula, id_curso) VALUES (11, 'Eduardo Castro', '352.487.091-05', 'eduardo@exemplo.com.br', 'MAT00011', 3);
INSERT INTO Aluno (id_aluno, nome, cpf, email, matricula, id_curso) VALUES (12, 'Enrico Jesus', '930.821.576-02', 'enrico@exemplo.com.br', 'MAT00012', 5);
INSERT INTO Aluno (id_aluno, nome, cpf, email, matricula, id_curso) VALUES (13, 'Davi Lucca Silva', '574.961.328-37', 'davi@exemplo.com.br', 'MAT00013', 1);
INSERT INTO Aluno (id_aluno, nome, cpf, email, matricula, id_curso) VALUES (14, 'João Felipe Machado', '713.625.408-62', 'joão@exemplo.com.br', 'MAT00014', 5);
INSERT INTO Aluno (id_aluno, nome, cpf, email, matricula, id_curso) VALUES (15, 'Luna da Luz', '280.769.354-74', 'luna@exemplo.com.br', 'MAT00015', 5);
INSERT INTO Aluno (id_aluno, nome, cpf, email, matricula, id_curso) VALUES (16, 'Renan Silva', '476.290.158-01', 'renan@exemplo.com.br', 'MAT00016', 3);
INSERT INTO Aluno (id_aluno, nome, cpf, email, matricula, id_curso) VALUES (17, 'Dr. Valentim Guerra', '964.582.173-82', 'dr.@exemplo.com.br', 'MAT00017', 2);
INSERT INTO Aluno (id_aluno, nome, cpf, email, matricula, id_curso) VALUES (18, 'Eduarda Abreu', '642.357.809-56', 'eduarda@exemplo.com.br', 'MAT00018', 1);
INSERT INTO Aluno (id_aluno, nome, cpf, email, matricula, id_curso) VALUES (19, 'Erick Barros', '502.468.319-60', 'erick@exemplo.com.br', 'MAT00019', 3);
INSERT INTO Aluno (id_aluno, nome, cpf, email, matricula, id_curso) VALUES (20, 'Sr. João Vitor Lopes', '485.693.207-10', 'sr.@exemplo.com.br', 'MAT00020', 2);
INSERT INTO Aluno (id_aluno, nome, cpf, email, matricula, id_curso) VALUES (21, 'Sra. Maria Alice Mendes', '607.139.824-03', 'sra.@exemplo.com.br', 'MAT00021', 5);
INSERT INTO Aluno (id_aluno, nome, cpf, email, matricula, id_curso) VALUES (22, 'Isis Costela', '702.361.845-71', 'isis@exemplo.com.br', 'MAT00022', 5);
INSERT INTO Aluno (id_aluno, nome, cpf, email, matricula, id_curso) VALUES (23, 'Ana Liz Sales', '135.628.490-60', 'ana@exemplo.com.br', 'MAT00023', 5);
INSERT INTO Aluno (id_aluno, nome, cpf, email, matricula, id_curso) VALUES (24, 'Sr. Valentim Cunha', '203.675.984-00', 'sr.@exemplo.com.br', 'MAT00024', 4);
INSERT INTO Aluno (id_aluno, nome, cpf, email, matricula, id_curso) VALUES (25, 'Dr. Raul Mendonça', '985.102.367-12', 'dr.@exemplo.com.br', 'MAT00025', 5);
INSERT INTO Aluno (id_aluno, nome, cpf, email, matricula, id_curso) VALUES (26, 'Sr. Lucca Vargas', '746.389.025-29', 'sr.@exemplo.com.br', 'MAT00026', 5);
INSERT INTO Aluno (id_aluno, nome, cpf, email, matricula, id_curso) VALUES (27, 'Davi Miguel Pires', '954.813.260-51', 'davi@exemplo.com.br', 'MAT00027', 2);
INSERT INTO Aluno (id_aluno, nome, cpf, email, matricula, id_curso) VALUES (28, 'Pedro Pires', '104.375.698-10', 'pedro@exemplo.com.br', 'MAT00028', 5);
INSERT INTO Aluno (id_aluno, nome, cpf, email, matricula, id_curso) VALUES (29, 'Fernando Martins', '593.861.402-33', 'fernando@exemplo.com.br', 'MAT00029', 5);
INSERT INTO Aluno (id_aluno, nome, cpf, email, matricula, id_curso) VALUES (30, 'Mathias Carvalho', '316.580.942-98', 'mathias@exemplo.com.br', 'MAT00030', 2);
INSERT INTO Aluno (id_aluno, nome, cpf, email, matricula, id_curso) VALUES (31, 'Dr. Carlos Eduardo Montenegro', '720.684.319-04', 'dr.@exemplo.com.br', 'MAT00031', 3);
INSERT INTO Aluno (id_aluno, nome, cpf, email, matricula, id_curso) VALUES (32, 'Valentim Barros', '321.076.584-71', 'valentim@exemplo.com.br', 'MAT00032', 2);
INSERT INTO Aluno (id_aluno, nome, cpf, email, matricula, id_curso) VALUES (33, 'Sra. Allana Pinto', '630.547.981-00', 'sra.@exemplo.com.br', 'MAT00033', 4);
INSERT INTO Aluno (id_aluno, nome, cpf, email, matricula, id_curso) VALUES (34, 'Eloá Martins', '309.276.158-86', 'eloá@exemplo.com.br', 'MAT00034', 5);
INSERT INTO Aluno (id_aluno, nome, cpf, email, matricula, id_curso) VALUES (35, 'Vitor da Conceição', '105.946.728-30', 'vitor@exemplo.com.br', 'MAT00035', 4);
INSERT INTO Aluno (id_aluno, nome, cpf, email, matricula, id_curso) VALUES (36, 'Mariane Fonseca', '641.897.205-85', 'mariane@exemplo.com.br', 'MAT00036', 2);
INSERT INTO Aluno (id_aluno, nome, cpf, email, matricula, id_curso) VALUES (37, 'Fernando Campos', '871.430.596-84', 'fernando@exemplo.com.br', 'MAT00037', 5);
INSERT INTO Aluno (id_aluno, nome, cpf, email, matricula, id_curso) VALUES (38, 'Dra. Kamilly da Mota', '397.514.026-70', 'dra.@exemplo.com.br', 'MAT00038', 2);
INSERT INTO Aluno (id_aluno, nome, cpf, email, matricula, id_curso) VALUES (39, 'Srta. Larissa da Rosa', '649.713.280-50', 'srta.@exemplo.com.br', 'MAT00039', 4);
INSERT INTO Aluno (id_aluno, nome, cpf, email, matricula, id_curso) VALUES (40, 'Isabel Sá', '397.068.452-83', 'isabel@exemplo.com.br', 'MAT00040', 2);
INSERT INTO Aluno (id_aluno, nome, cpf, email, matricula, id_curso) VALUES (41, 'Thales Marques', '752.104.938-14', 'thales@exemplo.com.br', 'MAT00041', 3);
INSERT INTO Aluno (id_aluno, nome, cpf, email, matricula, id_curso) VALUES (42, 'Calebe Cirino', '187.245.630-80', 'calebe@exemplo.com.br', 'MAT00042', 2);
INSERT INTO Aluno (id_aluno, nome, cpf, email, matricula, id_curso) VALUES (43, 'Stella Nogueira', '386.072.951-95', 'stella@exemplo.com.br', 'MAT00043', 2);
INSERT INTO Aluno (id_aluno, nome, cpf, email, matricula, id_curso) VALUES (44, 'Otávio Casa Grande', '290.137.685-12', 'otávio@exemplo.com.br', 'MAT00044', 2);
INSERT INTO Aluno (id_aluno, nome, cpf, email, matricula, id_curso) VALUES (45, 'Maria Luísa Oliveira', '204.819.735-32', 'maria@exemplo.com.br', 'MAT00045', 5);
INSERT INTO Aluno (id_aluno, nome, cpf, email, matricula, id_curso) VALUES (46, 'Nicole Câmara', '841.976.503-10', 'nicole@exemplo.com.br', 'MAT00046', 1);
INSERT INTO Aluno (id_aluno, nome, cpf, email, matricula, id_curso) VALUES (47, 'Valentina Nunes', '193.024.658-70', 'valentina@exemplo.com.br', 'MAT00047', 1);
INSERT INTO Aluno (id_aluno, nome, cpf, email, matricula, id_curso) VALUES (48, 'Daniela Araújo', '976.835.214-00', 'daniela@exemplo.com.br', 'MAT00048', 3);
INSERT INTO Aluno (id_aluno, nome, cpf, email, matricula, id_curso) VALUES (49, 'Josué Vieira', '823.145.760-71', 'josué@exemplo.com.br', 'MAT00049', 2);
INSERT INTO Aluno (id_aluno, nome, cpf, email, matricula, id_curso) VALUES (50, 'Clara Lima', '613.257.048-90', 'clara@exemplo.com.br', 'MAT00050', 4);
INSERT INTO Aluno (id_aluno, nome, cpf, email, matricula, id_curso) VALUES (51, 'Carolina Melo', '056.297.341-99', 'carolina@exemplo.com.br', 'MAT00051', 5);
INSERT INTO Aluno (id_aluno, nome, cpf, email, matricula, id_curso) VALUES (52, 'Rael Brito', '485.291.630-60', 'rael@exemplo.com.br', 'MAT00052', 1);
INSERT INTO Aluno (id_aluno, nome, cpf, email, matricula, id_curso) VALUES (53, 'Rebeca Alves', '481.690.257-02', 'rebeca@exemplo.com.br', 'MAT00053', 5);
INSERT INTO Aluno (id_aluno, nome, cpf, email, matricula, id_curso) VALUES (54, 'Asafe Novaes', '216.570.483-90', 'asafe@exemplo.com.br', 'MAT00054', 4);
INSERT INTO Aluno (id_aluno, nome, cpf, email, matricula, id_curso) VALUES (55, 'Helena Souza', '957.063.142-25', 'helena@exemplo.com.br', 'MAT00055', 4);
INSERT INTO Aluno (id_aluno, nome, cpf, email, matricula, id_curso) VALUES (56, 'Manuella Araújo', '153.920.746-34', 'manuella@exemplo.com.br', 'MAT00056', 4);
INSERT INTO Aluno (id_aluno, nome, cpf, email, matricula, id_curso) VALUES (57, 'Liam Carvalho', '891.673.204-22', 'liam@exemplo.com.br', 'MAT00057', 3);
INSERT INTO Aluno (id_aluno, nome, cpf, email, matricula, id_curso) VALUES (58, 'Luara Ribeiro', '863.910.547-20', 'luara@exemplo.com.br', 'MAT00058', 2);
INSERT INTO Aluno (id_aluno, nome, cpf, email, matricula, id_curso) VALUES (59, 'Emanuelly das Neves', '504.819.736-48', 'emanuelly@exemplo.com.br', 'MAT00059', 3);
INSERT INTO Aluno (id_aluno, nome, cpf, email, matricula, id_curso) VALUES (60, 'Bella Aragão', '054.136.872-90', 'bella@exemplo.com.br', 'MAT00060', 1);
INSERT INTO Aluno (id_aluno, nome, cpf, email, matricula, id_curso) VALUES (61, 'Vitória Fernandes', '085.372.469-56', 'vitória@exemplo.com.br', 'MAT00061', 4);
INSERT INTO Aluno (id_aluno, nome, cpf, email, matricula, id_curso) VALUES (62, 'Henry Lopes', '189.763.240-13', 'henry@exemplo.com.br', 'MAT00062', 2);
INSERT INTO Aluno (id_aluno, nome, cpf, email, matricula, id_curso) VALUES (63, 'Dr. Matheus Gonçalves', '375.012.964-99', 'dr.@exemplo.com.br', 'MAT00063', 1);
INSERT INTO Aluno (id_aluno, nome, cpf, email, matricula, id_curso) VALUES (64, 'José da Mata', '762.530.489-29', 'josé@exemplo.com.br', 'MAT00064', 5);
INSERT INTO Aluno (id_aluno, nome, cpf, email, matricula, id_curso) VALUES (65, 'Isabel Porto', '084.923.165-51', 'isabel@exemplo.com.br', 'MAT00065', 1);
INSERT INTO Aluno (id_aluno, nome, cpf, email, matricula, id_curso) VALUES (66, 'Srta. Maria Fernanda Guerra', '941.728.653-64', 'srta.@exemplo.com.br', 'MAT00066', 1);
INSERT INTO Aluno (id_aluno, nome, cpf, email, matricula, id_curso) VALUES (67, 'Maria Nogueira', '180.523.746-26', 'maria@exemplo.com.br', 'MAT00067', 1);
INSERT INTO Aluno (id_aluno, nome, cpf, email, matricula, id_curso) VALUES (68, 'Srta. Emanuelly Garcia', '124.395.067-61', 'srta.@exemplo.com.br', 'MAT00068', 5);
INSERT INTO Aluno (id_aluno, nome, cpf, email, matricula, id_curso) VALUES (69, 'Nicolas Nunes', '526.187.093-30', 'nicolas@exemplo.com.br', 'MAT00069', 2);
INSERT INTO Aluno (id_aluno, nome, cpf, email, matricula, id_curso) VALUES (70, 'Luiz Henrique Lopes', '701.283.469-22', 'luiz@exemplo.com.br', 'MAT00070', 3);
INSERT INTO Aluno (id_aluno, nome, cpf, email, matricula, id_curso) VALUES (71, 'Lucas Gabriel Almeida', '450.193.872-23', 'lucas@exemplo.com.br', 'MAT00071', 4);
INSERT INTO Aluno (id_aluno, nome, cpf, email, matricula, id_curso) VALUES (72, 'Francisco Vasconcelos', '468.931.507-84', 'francisco@exemplo.com.br', 'MAT00072', 4);
INSERT INTO Aluno (id_aluno, nome, cpf, email, matricula, id_curso) VALUES (73, 'Maria Julia Novais', '245.867.109-85', 'maria@exemplo.com.br', 'MAT00073', 3);
INSERT INTO Aluno (id_aluno, nome, cpf, email, matricula, id_curso) VALUES (74, 'Yasmin Abreu', '186.372.059-68', 'yasmin@exemplo.com.br', 'MAT00074', 1);
INSERT INTO Aluno (id_aluno, nome, cpf, email, matricula, id_curso) VALUES (75, 'Fernanda da Mata', '132.647.508-80', 'fernanda@exemplo.com.br', 'MAT00075', 5);
INSERT INTO Aluno (id_aluno, nome, cpf, email, matricula, id_curso) VALUES (76, 'Noah Ribeiro', '576.129.480-01', 'noah@exemplo.com.br', 'MAT00076', 4);
INSERT INTO Aluno (id_aluno, nome, cpf, email, matricula, id_curso) VALUES (77, 'Matheus Borges', '678.219.305-12', 'matheus@exemplo.com.br', 'MAT00077', 3);
INSERT INTO Aluno (id_aluno, nome, cpf, email, matricula, id_curso) VALUES (78, 'Catarina da Rocha', '439.217.650-99', 'catarina@exemplo.com.br', 'MAT00078', 1);
INSERT INTO Aluno (id_aluno, nome, cpf, email, matricula, id_curso) VALUES (79, 'Nina Carvalho', '410.839.572-79', 'nina@exemplo.com.br', 'MAT00079', 5);
INSERT INTO Aluno (id_aluno, nome, cpf, email, matricula, id_curso) VALUES (80, 'Benjamin Correia', '749.853.261-19', 'benjamin@exemplo.com.br', 'MAT00080', 4);
INSERT INTO Aluno (id_aluno, nome, cpf, email, matricula, id_curso) VALUES (81, 'Srta. Clara da Mota', '872.456.019-76', 'srta.@exemplo.com.br', 'MAT00081', 2);
INSERT INTO Aluno (id_aluno, nome, cpf, email, matricula, id_curso) VALUES (82, 'Igor da Cruz', '804.952.716-67', 'igor@exemplo.com.br', 'MAT00082', 2);
INSERT INTO Aluno (id_aluno, nome, cpf, email, matricula, id_curso) VALUES (83, 'Théo Abreu', '108.425.976-11', 'théo@exemplo.com.br', 'MAT00083', 4);
INSERT INTO Aluno (id_aluno, nome, cpf, email, matricula, id_curso) VALUES (84, 'Dra. Luara Vieira', '452.198.763-09', 'dra.@exemplo.com.br', 'MAT00084', 5);
INSERT INTO Aluno (id_aluno, nome, cpf, email, matricula, id_curso) VALUES (85, 'Liam Pinto', '164.983.270-22', 'liam@exemplo.com.br', 'MAT00085', 2);
INSERT INTO Aluno (id_aluno, nome, cpf, email, matricula, id_curso) VALUES (86, 'Isis Moraes', '296.580.314-98', 'isis@exemplo.com.br', 'MAT00086', 2);
INSERT INTO Aluno (id_aluno, nome, cpf, email, matricula, id_curso) VALUES (87, 'Jade Dias', '749.035.821-32', 'jade@exemplo.com.br', 'MAT00087', 1);
INSERT INTO Aluno (id_aluno, nome, cpf, email, matricula, id_curso) VALUES (88, 'Guilherme Nunes', '327.810.964-31', 'guilherme@exemplo.com.br', 'MAT00088', 2);
INSERT INTO Aluno (id_aluno, nome, cpf, email, matricula, id_curso) VALUES (89, 'Luiz Henrique da Costa', '904.785.631-75', 'luiz@exemplo.com.br', 'MAT00089', 4);
INSERT INTO Aluno (id_aluno, nome, cpf, email, matricula, id_curso) VALUES (90, 'Maria Eduarda Monteiro', '417.236.950-25', 'maria@exemplo.com.br', 'MAT00090', 5);
INSERT INTO Aluno (id_aluno, nome, cpf, email, matricula, id_curso) VALUES (91, 'Manuella Nascimento', '412.379.086-04', 'manuella@exemplo.com.br', 'MAT00091', 4);
INSERT INTO Aluno (id_aluno, nome, cpf, email, matricula, id_curso) VALUES (92, 'Leonardo da Paz', '354.210.786-71', 'leonardo@exemplo.com.br', 'MAT00092', 2);
INSERT INTO Aluno (id_aluno, nome, cpf, email, matricula, id_curso) VALUES (93, 'Sr. Leandro Cirino', '649.180.537-93', 'sr.@exemplo.com.br', 'MAT00093', 3);
INSERT INTO Aluno (id_aluno, nome, cpf, email, matricula, id_curso) VALUES (94, 'Augusto Leão', '793.802.516-02', 'augusto@exemplo.com.br', 'MAT00094', 3);
INSERT INTO Aluno (id_aluno, nome, cpf, email, matricula, id_curso) VALUES (95, 'Sr. Gabriel da Mata', '745.980.162-30', 'sr.@exemplo.com.br', 'MAT00095', 2);
INSERT INTO Aluno (id_aluno, nome, cpf, email, matricula, id_curso) VALUES (96, 'Benicio Pimenta', '479.836.250-65', 'benicio@exemplo.com.br', 'MAT00096', 4);
INSERT INTO Aluno (id_aluno, nome, cpf, email, matricula, id_curso) VALUES (97, 'Eduarda da Paz', '926.785.140-30', 'eduarda@exemplo.com.br', 'MAT00097', 4);
INSERT INTO Aluno (id_aluno, nome, cpf, email, matricula, id_curso) VALUES (98, 'Maria Isis Duarte', '218.063.479-03', 'maria@exemplo.com.br', 'MAT00098', 1);
INSERT INTO Aluno (id_aluno, nome, cpf, email, matricula, id_curso) VALUES (99, 'Ísis Viana', '283.940.571-79', 'ísis@exemplo.com.br', 'MAT00099', 3);
INSERT INTO Aluno (id_aluno, nome, cpf, email, matricula, id_curso) VALUES (100, 'Luana Pinto', '160.827.943-03', 'luana@exemplo.com.br', 'MAT00100', 1);
INSERT INTO Disciplina (id_disciplina, nome, codigo, id_departamento) VALUES (1, 'Disciplina de Dolor', 'D001', 5);
INSERT INTO Disciplina (id_disciplina, nome, codigo, id_departamento) VALUES (2, 'Disciplina de Aut', 'D002', 5);
INSERT INTO Disciplina (id_disciplina, nome, codigo, id_departamento) VALUES (3, 'Disciplina de Eum', 'D003', 3);
INSERT INTO Disciplina (id_disciplina, nome, codigo, id_departamento) VALUES (4, 'Disciplina de Harum', 'D004', 3);
INSERT INTO Disciplina (id_disciplina, nome, codigo, id_departamento) VALUES (5, 'Disciplina de Rem', 'D005', 1);
INSERT INTO Disciplina (id_disciplina, nome, codigo, id_departamento) VALUES (6, 'Disciplina de Nobis', 'D006', 3);
INSERT INTO Disciplina (id_disciplina, nome, codigo, id_departamento) VALUES (7, 'Disciplina de Ullam', 'D007', 4);
INSERT INTO Disciplina (id_disciplina, nome, codigo, id_departamento) VALUES (8, 'Disciplina de Neque', 'D008', 1);
INSERT INTO Disciplina (id_disciplina, nome, codigo, id_departamento) VALUES (9, 'Disciplina de Beatae', 'D009', 2);
INSERT INTO Disciplina (id_disciplina, nome, codigo, id_departamento) VALUES (10, 'Disciplina de Ex', 'D010', 2);
INSERT INTO Disciplina (id_disciplina, nome, codigo, id_departamento) VALUES (11, 'Disciplina de Quibusdam', 'D011', 3);
INSERT INTO Disciplina (id_disciplina, nome, codigo, id_departamento) VALUES (12, 'Disciplina de Harum', 'D012', 5);
INSERT INTO Disciplina (id_disciplina, nome, codigo, id_departamento) VALUES (13, 'Disciplina de Iusto', 'D013', 5);
INSERT INTO Disciplina (id_disciplina, nome, codigo, id_departamento) VALUES (14, 'Disciplina de Quia', 'D014', 1);
INSERT INTO Disciplina (id_disciplina, nome, codigo, id_departamento) VALUES (15, 'Disciplina de Saepe', 'D015', 1);
INSERT INTO Disciplina (id_disciplina, nome, codigo, id_departamento) VALUES (16, 'Disciplina de Minus', 'D016', 1);
INSERT INTO Disciplina (id_disciplina, nome, codigo, id_departamento) VALUES (17, 'Disciplina de Non', 'D017', 3);
INSERT INTO Disciplina (id_disciplina, nome, codigo, id_departamento) VALUES (18, 'Disciplina de Ex', 'D018', 1);
INSERT INTO Disciplina (id_disciplina, nome, codigo, id_departamento) VALUES (19, 'Disciplina de Vero', 'D019', 2);
INSERT INTO Disciplina (id_disciplina, nome, codigo, id_departamento) VALUES (20, 'Disciplina de Blanditiis', 'D020', 4);
INSERT INTO Disciplina (id_disciplina, nome, codigo, id_departamento) VALUES (21, 'Disciplina de Eligendi', 'D021', 5);
INSERT INTO Disciplina (id_disciplina, nome, codigo, id_departamento) VALUES (22, 'Disciplina de Placeat', 'D022', 5);
INSERT INTO Disciplina (id_disciplina, nome, codigo, id_departamento) VALUES (23, 'Disciplina de Facilis', 'D023', 3);
INSERT INTO Disciplina (id_disciplina, nome, codigo, id_departamento) VALUES (24, 'Disciplina de Odit', 'D024', 1);
INSERT INTO Disciplina (id_disciplina, nome, codigo, id_departamento) VALUES (25, 'Disciplina de Facilis', 'D025', 5);
INSERT INTO Disciplina (id_disciplina, nome, codigo, id_departamento) VALUES (26, 'Disciplina de Placeat', 'D026', 5);
INSERT INTO Disciplina (id_disciplina, nome, codigo, id_departamento) VALUES (27, 'Disciplina de Id', 'D027', 1);
INSERT INTO Disciplina (id_disciplina, nome, codigo, id_departamento) VALUES (28, 'Disciplina de Architecto', 'D028', 4);
INSERT INTO Disciplina (id_disciplina, nome, codigo, id_departamento) VALUES (29, 'Disciplina de Id', 'D029', 3);
INSERT INTO Disciplina (id_disciplina, nome, codigo, id_departamento) VALUES (30, 'Disciplina de Delectus', 'D030', 5);
INSERT INTO Historico_Professor (id_professor, id_disciplina, semestre) VALUES (1, 15, '2025/1');
INSERT INTO Historico_Professor (id_professor, id_disciplina, semestre) VALUES (1, 2, '2022/1');
INSERT INTO Historico_Professor (id_professor, id_disciplina, semestre) VALUES (1, 14, '2023/2');
INSERT INTO Historico_Professor (id_professor, id_disciplina, semestre) VALUES (1, 23, '2023/2');
INSERT INTO Historico_Professor (id_professor, id_disciplina, semestre) VALUES (2, 19, '2023/2');
INSERT INTO Historico_Professor (id_professor, id_disciplina, semestre) VALUES (2, 28, '2024/2');
INSERT INTO Historico_Professor (id_professor, id_disciplina, semestre) VALUES (3, 22, '2022/2');
INSERT INTO Historico_Professor (id_professor, id_disciplina, semestre) VALUES (4, 24, '2025/2');
INSERT INTO Historico_Professor (id_professor, id_disciplina, semestre) VALUES (4, 22, '2024/1');
INSERT INTO Historico_Professor (id_professor, id_disciplina, semestre) VALUES (5, 26, '2025/2');
INSERT INTO Historico_Professor (id_professor, id_disciplina, semestre) VALUES (5, 16, '2024/2');
INSERT INTO Historico_Professor (id_professor, id_disciplina, semestre) VALUES (5, 29, '2022/1');
INSERT INTO Historico_Professor (id_professor, id_disciplina, semestre) VALUES (6, 12, '2025/2');
INSERT INTO Historico_Professor (id_professor, id_disciplina, semestre) VALUES (6, 15, '2022/2');
INSERT INTO Historico_Professor (id_professor, id_disciplina, semestre) VALUES (7, 11, '2022/1');
INSERT INTO Historico_Professor (id_professor, id_disciplina, semestre) VALUES (7, 24, '2023/1');
INSERT INTO Historico_Professor (id_professor, id_disciplina, semestre) VALUES (7, 6, '2023/2');
INSERT INTO Historico_Professor (id_professor, id_disciplina, semestre) VALUES (8, 14, '2024/1');
INSERT INTO Historico_Professor (id_professor, id_disciplina, semestre) VALUES (9, 25, '2022/1');
INSERT INTO Historico_Professor (id_professor, id_disciplina, semestre) VALUES (9, 21, '2022/2');
INSERT INTO Historico_Professor (id_professor, id_disciplina, semestre) VALUES (9, 23, '2022/1');
INSERT INTO Historico_Professor (id_professor, id_disciplina, semestre) VALUES (10, 9, '2023/1');
INSERT INTO Historico_Professor (id_professor, id_disciplina, semestre) VALUES (10, 9, '2023/1');
INSERT INTO Historico_Professor (id_professor, id_disciplina, semestre) VALUES (10, 12, '2022/1');
INSERT INTO Historico_Professor (id_professor, id_disciplina, semestre) VALUES (10, 20, '2024/2');
INSERT INTO Historico_Professor (id_professor, id_disciplina, semestre) VALUES (11, 8, '2022/1');
INSERT INTO Historico_Professor (id_professor, id_disciplina, semestre) VALUES (12, 22, '2024/2');
INSERT INTO Historico_Professor (id_professor, id_disciplina, semestre) VALUES (12, 23, '2022/1');
INSERT INTO Historico_Professor (id_professor, id_disciplina, semestre) VALUES (12, 3, '2025/2');
INSERT INTO Historico_Professor (id_professor, id_disciplina, semestre) VALUES (12, 12, '2023/2');
INSERT INTO Historico_Professor (id_professor, id_disciplina, semestre) VALUES (13, 26, '2023/1');
INSERT INTO Historico_Professor (id_professor, id_disciplina, semestre) VALUES (13, 26, '2022/2');
INSERT INTO Historico_Professor (id_professor, id_disciplina, semestre) VALUES (13, 6, '2024/2');
INSERT INTO Historico_Professor (id_professor, id_disciplina, semestre) VALUES (13, 27, '2023/2');
INSERT INTO Historico_Professor (id_professor, id_disciplina, semestre) VALUES (14, 8, '2024/1');
INSERT INTO Historico_Professor (id_professor, id_disciplina, semestre) VALUES (14, 16, '2022/2');
INSERT INTO Historico_Professor (id_professor, id_disciplina, semestre) VALUES (14, 6, '2025/2');
INSERT INTO Historico_Professor (id_professor, id_disciplina, semestre) VALUES (14, 10, '2024/2');
INSERT INTO Historico_Professor (id_professor, id_disciplina, semestre) VALUES (15, 24, '2022/1');
INSERT INTO Historico_Professor (id_professor, id_disciplina, semestre) VALUES (15, 13, '2023/1');
INSERT INTO Historico_Professor (id_professor, id_disciplina, semestre) VALUES (15, 20, '2024/2');
INSERT INTO Historico_Professor (id_professor, id_disciplina, semestre) VALUES (15, 1, '2025/1');
INSERT INTO Historico_Professor (id_professor, id_disciplina, semestre) VALUES (16, 28, '2024/2');
INSERT INTO Historico_Professor (id_professor, id_disciplina, semestre) VALUES (17, 21, '2025/1');
INSERT INTO Historico_Professor (id_professor, id_disciplina, semestre) VALUES (18, 17, '2024/1');
INSERT INTO Historico_Professor (id_professor, id_disciplina, semestre) VALUES (18, 27, '2025/2');
INSERT INTO Historico_Professor (id_professor, id_disciplina, semestre) VALUES (18, 13, '2022/1');
INSERT INTO Historico_Professor (id_professor, id_disciplina, semestre) VALUES (18, 20, '2022/2');
INSERT INTO Historico_Professor (id_professor, id_disciplina, semestre) VALUES (19, 12, '2022/2');
INSERT INTO Historico_Professor (id_professor, id_disciplina, semestre) VALUES (20, 12, '2025/2');
INSERT INTO Historico_Professor (id_professor, id_disciplina, semestre) VALUES (20, 2, '2024/2');
INSERT INTO Historico_Professor (id_professor, id_disciplina, semestre) VALUES (20, 18, '2022/1');
INSERT INTO Historico_Aluno (id_aluno, id_disciplina, semestre, nota, situacao, id_professor) VALUES (1, 30, '2025/2', 6.76, 'aprovado', 2);
INSERT INTO Historico_Aluno (id_aluno, id_disciplina, semestre, nota, situacao, id_professor) VALUES (1, 12, '2025/2', 7.47, 'aprovado', 10);
INSERT INTO Historico_Aluno (id_aluno, id_disciplina, semestre, nota, situacao, id_professor) VALUES (1, 14, '2025/2', 2.46, 'reprovado', 15);
INSERT INTO Historico_Aluno (id_aluno, id_disciplina, semestre, nota, situacao, id_professor) VALUES (1, 11, '2025/2', 2.2, 'reprovado', 8);
INSERT INTO Historico_Aluno (id_aluno, id_disciplina, semestre, nota, situacao, id_professor) VALUES (1, 13, '2025/2', 1.38, 'reprovado', 12);
INSERT INTO Historico_Aluno (id_aluno, id_disciplina, semestre, nota, situacao, id_professor) VALUES (1, 5, '2025/2', 8.03, 'aprovado', 19);
INSERT INTO Historico_Aluno (id_aluno, id_disciplina, semestre, nota, situacao, id_professor) VALUES (1, 9, '2022/2', 7.22, 'aprovado', 2);
INSERT INTO Historico_Aluno (id_aluno, id_disciplina, semestre, nota, situacao, id_professor) VALUES (1, 7, '2022/2', 6.06, 'aprovado', 2);
INSERT INTO Historico_Aluno (id_aluno, id_disciplina, semestre, nota, situacao, id_professor) VALUES (1, 28, '2022/2', 5.14, 'aprovado', 6);
INSERT INTO Historico_Aluno (id_aluno, id_disciplina, semestre, nota, situacao, id_professor) VALUES (1, 11, '2022/2', 7.48, 'aprovado', 5);
INSERT INTO Historico_Aluno (id_aluno, id_disciplina, semestre, nota, situacao, id_professor) VALUES (1, 8, '2022/2', 2.24, 'reprovado', 14);
INSERT INTO Historico_Aluno (id_aluno, id_disciplina, semestre, nota, situacao, id_professor) VALUES (1, 13, '2022/2', 9.72, 'aprovado', 18);
INSERT INTO Historico_Aluno (id_aluno, id_disciplina, semestre, nota, situacao, id_professor) VALUES (1, 26, '2025/1', 6.35, 'aprovado', 1);
INSERT INTO Historico_Aluno (id_aluno, id_disciplina, semestre, nota, situacao, id_professor) VALUES (1, 4, '2025/1', 8.67, 'aprovado', 18);
INSERT INTO Historico_Aluno (id_aluno, id_disciplina, semestre, nota, situacao, id_professor) VALUES (1, 25, '2025/1', 4.48, 'reprovado', 10);
INSERT INTO Historico_Aluno (id_aluno, id_disciplina, semestre, nota, situacao, id_professor) VALUES (1, 8, '2025/1', 8.38, 'aprovado', 4);
INSERT INTO Historico_Aluno (id_aluno, id_disciplina, semestre, nota, situacao, id_professor) VALUES (1, 1, '2025/1', 1.03, 'reprovado', 9);
INSERT INTO Historico_Aluno (id_aluno, id_disciplina, semestre, nota, situacao, id_professor) VALUES (2, 26, '2023/2', 5.59, 'aprovado', 15);
INSERT INTO Historico_Aluno (id_aluno, id_disciplina, semestre, nota, situacao, id_professor) VALUES (2, 1, '2023/2', 1.96, 'reprovado', 8);
INSERT INTO Historico_Aluno (id_aluno, id_disciplina, semestre, nota, situacao, id_professor) VALUES (2, 14, '2023/2', 8.29, 'aprovado', 16);
INSERT INTO Historico_Aluno (id_aluno, id_disciplina, semestre, nota, situacao, id_professor) VALUES (2, 27, '2023/2', 9.4, 'aprovado', 10);
INSERT INTO Historico_Aluno (id_aluno, id_disciplina, semestre, nota, situacao, id_professor) VALUES (2, 6, '2023/2', 9.35, 'aprovado', 20);
INSERT INTO Historico_Aluno (id_aluno, id_disciplina, semestre, nota, situacao, id_professor) VALUES (2, 25, '2023/2', 5.13, 'aprovado', 3);
INSERT INTO Historico_Aluno (id_aluno, id_disciplina, semestre, nota, situacao, id_professor) VALUES (2, 30, '2023/2', 1.76, 'reprovado', 16);
INSERT INTO Historico_Aluno (id_aluno, id_disciplina, semestre, nota, situacao, id_professor) VALUES (2, 17, '2023/2', 2.23, 'reprovado', 20);
INSERT INTO Historico_Aluno (id_aluno, id_disciplina, semestre, nota, situacao, id_professor) VALUES (2, 3, '2023/2', 4.52, 'reprovado', 11);
INSERT INTO Historico_Aluno (id_aluno, id_disciplina, semestre, nota, situacao, id_professor) VALUES (3, 30, '2022/1', 2.28, 'reprovado', 6);
INSERT INTO Historico_Aluno (id_aluno, id_disciplina, semestre, nota, situacao, id_professor) VALUES (3, 29, '2022/1', 6.51, 'aprovado', 9);
INSERT INTO Historico_Aluno (id_aluno, id_disciplina, semestre, nota, situacao, id_professor) VALUES (3, 4, '2022/1', 5.15, 'aprovado', 12);
INSERT INTO Historico_Aluno (id_aluno, id_disciplina, semestre, nota, situacao, id_professor) VALUES (3, 15, '2022/1', 2.4, 'reprovado', 19);
INSERT INTO Historico_Aluno (id_aluno, id_disciplina, semestre, nota, situacao, id_professor) VALUES (3, 20, '2022/1', 1.76, 'reprovado', 20);
INSERT INTO Historico_Aluno (id_aluno, id_disciplina, semestre, nota, situacao, id_professor) VALUES (3, 11, '2024/1', 2.8, 'reprovado', 10);
INSERT INTO Historico_Aluno (id_aluno, id_disciplina, semestre, nota, situacao, id_professor) VALUES (3, 10, '2024/1', 1.49, 'reprovado', 20);
INSERT INTO Historico_Aluno (id_aluno, id_disciplina, semestre, nota, situacao, id_professor) VALUES (3, 27, '2024/1', 4.7, 'reprovado', 14);
INSERT INTO Historico_Aluno (id_aluno, id_disciplina, semestre, nota, situacao, id_professor) VALUES (3, 26, '2024/1', 4.83, 'reprovado', 5);
INSERT INTO Historico_Aluno (id_aluno, id_disciplina, semestre, nota, situacao, id_professor) VALUES (3, 18, '2022/2', 9.64, 'aprovado', 17);
INSERT INTO Historico_Aluno (id_aluno, id_disciplina, semestre, nota, situacao, id_professor) VALUES (3, 24, '2022/2', 5.76, 'aprovado', 3);
INSERT INTO Historico_Aluno (id_aluno, id_disciplina, semestre, nota, situacao, id_professor) VALUES (3, 17, '2022/2', 0.48, 'reprovado', 3);
INSERT INTO Historico_Aluno (id_aluno, id_disciplina, semestre, nota, situacao, id_professor) VALUES (3, 30, '2022/2', 6.64, 'aprovado', 11);
INSERT INTO Historico_Aluno (id_aluno, id_disciplina, semestre, nota, situacao, id_professor) VALUES (3, 10, '2022/2', 7.37, 'aprovado', 14);
INSERT INTO Historico_Aluno (id_aluno, id_disciplina, semestre, nota, situacao, id_professor) VALUES (3, 9, '2022/2', 0.55, 'reprovado', 1);
INSERT INTO Historico_Aluno (id_aluno, id_disciplina, semestre, nota, situacao, id_professor) VALUES (3, 21, '2024/2', 4.16, 'reprovado', 13);
INSERT INTO Historico_Aluno (id_aluno, id_disciplina, semestre, nota, situacao, id_professor) VALUES (3, 16, '2024/2', 0.13, 'reprovado', 7);
INSERT INTO Historico_Aluno (id_aluno, id_disciplina, semestre, nota, situacao, id_professor) VALUES (3, 13, '2024/2', 3.16, 'reprovado', 13);
INSERT INTO Historico_Aluno (id_aluno, id_disciplina, semestre, nota, situacao, id_professor) VALUES (3, 26, '2024/2', 8.41, 'aprovado', 19);
INSERT INTO Historico_Aluno (id_aluno, id_disciplina, semestre, nota, situacao, id_professor) VALUES (3, 9, '2024/2', 2.51, 'reprovado', 20);
INSERT INTO Historico_Aluno (id_aluno, id_disciplina, semestre, nota, situacao, id_professor) VALUES (3, 7, '2024/2', 5.31, 'aprovado', 10);
INSERT INTO Historico_Aluno (id_aluno, id_disciplina, semestre, nota, situacao, id_professor) VALUES (4, 2, '2023/1', 8.4, 'aprovado', 19);
INSERT INTO Historico_Aluno (id_aluno, id_disciplina, semestre, nota, situacao, id_professor) VALUES (4, 13, '2023/1', 7.67, 'aprovado', 14);
INSERT INTO Historico_Aluno (id_aluno, id_disciplina, semestre, nota, situacao, id_professor) VALUES (4, 26, '2023/1', 9.59, 'aprovado', 11);
INSERT INTO Historico_Aluno (id_aluno, id_disciplina, semestre, nota, situacao, id_professor) VALUES (4, 17, '2023/1', 4.52, 'reprovado', 11);
INSERT INTO Historico_Aluno (id_aluno, id_disciplina, semestre, nota, situacao, id_professor) VALUES (4, 4, '2023/1', 3.85, 'reprovado', 14);
INSERT INTO Historico_Aluno (id_aluno, id_disciplina, semestre, nota, situacao, id_professor) VALUES (4, 7, '2025/2', 5.1, 'aprovado', 14);
INSERT INTO Historico_Aluno (id_aluno, id_disciplina, semestre, nota, situacao, id_professor) VALUES (4, 19, '2025/2', 7.93, 'aprovado', 12);
INSERT INTO Historico_Aluno (id_aluno, id_disciplina, semestre, nota, situacao, id_professor) VALUES (4, 27, '2025/2', 2.82, 'reprovado', 6);
INSERT INTO Historico_Aluno (id_aluno, id_disciplina, semestre, nota, situacao, id_professor) VALUES (4, 25, '2025/2', 0.16, 'reprovado', 7);
INSERT INTO Historico_Aluno (id_aluno, id_disciplina, semestre, nota, situacao, id_professor) VALUES (4, 29, '2025/2', 3.11, 'reprovado', 20);
INSERT INTO Historico_Aluno (id_aluno, id_disciplina, semestre, nota, situacao, id_professor) VALUES (4, 20, '2025/2', 7.67, 'aprovado', 18);
INSERT INTO Historico_Aluno (id_aluno, id_disciplina, semestre, nota, situacao, id_professor) VALUES (4, 1, '2025/2', 6.46, 'aprovado', 2);
INSERT INTO Historico_Aluno (id_aluno, id_disciplina, semestre, nota, situacao, id_professor) VALUES (4, 3, '2025/2', 1.62, 'reprovado', 18);
INSERT INTO Historico_Aluno (id_aluno, id_disciplina, semestre, nota, situacao, id_professor) VALUES (4, 23, '2025/2', 4.43, 'reprovado', 5);
INSERT INTO Historico_Aluno (id_aluno, id_disciplina, semestre, nota, situacao, id_professor) VALUES (4, 11, '2025/2', 1.79, 'reprovado', 9);
INSERT INTO Historico_Aluno (id_aluno, id_disciplina, semestre, nota, situacao, id_professor) VALUES (5, 2, '2024/1', 7.85, 'aprovado', 19);
INSERT INTO Historico_Aluno (id_aluno, id_disciplina, semestre, nota, situacao, id_professor) VALUES (5, 15, '2024/1', 2.69, 'reprovado', 4);
INSERT INTO Historico_Aluno (id_aluno, id_disciplina, semestre, nota, situacao, id_professor) VALUES (5, 25, '2024/1', 4.19, 'reprovado', 13);
INSERT INTO Historico_Aluno (id_aluno, id_disciplina, semestre, nota, situacao, id_professor) VALUES (5, 29, '2024/1', 5.37, 'aprovado', 7);
INSERT INTO Historico_Aluno (id_aluno, id_disciplina, semestre, nota, situacao, id_professor) VALUES (5, 11, '2024/1', 1.87, 'reprovado', 17);
INSERT INTO Historico_Aluno (id_aluno, id_disciplina, semestre, nota, situacao, id_professor) VALUES (5, 6, '2024/1', 2.89, 'reprovado', 14);
INSERT INTO Historico_Aluno (id_aluno, id_disciplina, semestre, nota, situacao, id_professor) VALUES (5, 13, '2022/1', 5.53, 'aprovado', 20);
INSERT INTO Historico_Aluno (id_aluno, id_disciplina, semestre, nota, situacao, id_professor) VALUES (5, 14, '2022/1', 1.5, 'reprovado', 6);
INSERT INTO Historico_Aluno (id_aluno, id_disciplina, semestre, nota, situacao, id_professor) VALUES (5, 23, '2022/1', 1.94, 'reprovado', 5);
INSERT INTO Historico_Aluno (id_aluno, id_disciplina, semestre, nota, situacao, id_professor) VALUES (5, 10, '2022/1', 8.44, 'aprovado', 9);
INSERT INTO Historico_Aluno (id_aluno, id_disciplina, semestre, nota, situacao, id_professor) VALUES (5, 8, '2025/2', 5.44, 'aprovado', 6);
INSERT INTO Historico_Aluno (id_aluno, id_disciplina, semestre, nota, situacao, id_professor) VALUES (5, 23, '2025/2', 6.31, 'aprovado', 20);
INSERT INTO Historico_Aluno (id_aluno, id_disciplina, semestre, nota, situacao, id_professor) VALUES (5, 21, '2025/2', 0.28, 'reprovado', 11);
INSERT INTO Historico_Aluno (id_aluno, id_disciplina, semestre, nota, situacao, id_professor) VALUES (5, 16, '2025/2', 3.77, 'reprovado', 9);
INSERT INTO Historico_Aluno (id_aluno, id_disciplina, semestre, nota, situacao, id_professor) VALUES (5, 9, '2023/1', 5.74, 'aprovado', 3);
INSERT INTO Historico_Aluno (id_aluno, id_disciplina, semestre, nota, situacao, id_professor) VALUES (5, 4, '2023/1', 6.83, 'aprovado', 15);
INSERT INTO Historico_Aluno (id_aluno, id_disciplina, semestre, nota, situacao, id_professor) VALUES (5, 16, '2023/1', 5.7, 'aprovado', 16);
INSERT INTO Historico_Aluno (id_aluno, id_disciplina, semestre, nota, situacao, id_professor) VALUES (5, 18, '2023/1', 6.54, 'aprovado', 20);
INSERT INTO Historico_Aluno (id_aluno, id_disciplina, semestre, nota, situacao, id_professor) VALUES (5, 20, '2023/1', 5.33, 'aprovado', 9);
INSERT INTO Historico_Aluno (id_aluno, id_disciplina, semestre, nota, situacao, id_professor) VALUES (6, 13, '2022/2', 3.2, 'reprovado', 20);
INSERT INTO Historico_Aluno (id_aluno, id_disciplina, semestre, nota, situacao, id_professor) VALUES (6, 17, '2022/2', 1.66, 'reprovado', 20);
INSERT INTO Historico_Aluno (id_aluno, id_disciplina, semestre, nota, situacao, id_professor) VALUES (6, 5, '2022/2', 5.18, 'aprovado', 5);
INSERT INTO Historico_Aluno (id_aluno, id_disciplina, semestre, nota, situacao, id_professor) VALUES (6, 18, '2022/2', 9.18, 'aprovado', 16);
INSERT INTO Historico_Aluno (id_aluno, id_disciplina, semestre, nota, situacao, id_professor) VALUES (6, 14, '2022/2', 3.86, 'reprovado', 16);
INSERT INTO Historico_Aluno (id_aluno, id_disciplina, semestre, nota, situacao, id_professor) VALUES (6, 16, '2022/2', 3.78, 'reprovado', 17);
INSERT INTO Historico_Aluno (id_aluno, id_disciplina, semestre, nota, situacao, id_professor) VALUES (6, 7, '2024/1', 1.14, 'reprovado', 18);
INSERT INTO Historico_Aluno (id_aluno, id_disciplina, semestre, nota, situacao, id_professor) VALUES (6, 17, '2024/1', 3.45, 'reprovado', 20);
INSERT INTO Historico_Aluno (id_aluno, id_disciplina, semestre, nota, situacao, id_professor) VALUES (6, 22, '2024/1', 3.31, 'reprovado', 8);
INSERT INTO Historico_Aluno (id_aluno, id_disciplina, semestre, nota, situacao, id_professor) VALUES (6, 1, '2024/1', 1.63, 'reprovado', 10);
INSERT INTO Historico_Aluno (id_aluno, id_disciplina, semestre, nota, situacao, id_professor) VALUES (6, 3, '2024/1', 9.79, 'aprovado', 7);
INSERT INTO Historico_Aluno (id_aluno, id_disciplina, semestre, nota, situacao, id_professor) VALUES (6, 25, '2022/2', 4.8, 'reprovado', 19);
INSERT INTO Historico_Aluno (id_aluno, id_disciplina, semestre, nota, situacao, id_professor) VALUES (6, 4, '2022/2', 1.65, 'reprovado', 14);
INSERT INTO Historico_Aluno (id_aluno, id_disciplina, semestre, nota, situacao, id_professor) VALUES (6, 11, '2022/2', 0.63, 'reprovado', 17);
INSERT INTO Historico_Aluno (id_aluno, id_disciplina, semestre, nota, situacao, id_professor) VALUES (6, 14, '2022/2', 1.39, 'reprovado', 12);
INSERT INTO Historico_Aluno (id_aluno, id_disciplina, semestre, nota, situacao, id_professor) VALUES (7, 11, '2025/2', 2.44, 'reprovado', 20);
INSERT INTO Historico_Aluno (id_aluno, id_disciplina, semestre, nota, situacao, id_professor) VALUES (7, 22, '2025/2', 3.6, 'reprovado', 16);
INSERT INTO Historico_Aluno (id_aluno, id_disciplina, semestre, nota, situacao, id_professor) VALUES (7, 8, '2025/2', 0.75, 'reprovado', 17);
INSERT INTO Historico_Aluno (id_aluno, id_disciplina, semestre, nota, situacao, id_professor) VALUES (7, 26, '2025/2', 9.05, 'aprovado', 20);
INSERT INTO Historico_Aluno (id_aluno, id_disciplina, semestre, nota, situacao, id_professor) VALUES (7, 10, '2025/2', 8.12, 'aprovado', 1);
INSERT INTO Historico_Aluno (id_aluno, id_disciplina, semestre, nota, situacao, id_professor) VALUES (7, 30, '2025/2', 2.28, 'reprovado', 8);
INSERT INTO Historico_Aluno (id_aluno, id_disciplina, semestre, nota, situacao, id_professor) VALUES (7, 20, '2025/2', 4.3, 'reprovado', 5);
INSERT INTO Historico_Aluno (id_aluno, id_disciplina, semestre, nota, situacao, id_professor) VALUES (7, 2, '2025/2', 9.15, 'aprovado', 20);
INSERT INTO Historico_Aluno (id_aluno, id_disciplina, semestre, nota, situacao, id_professor) VALUES (7, 15, '2025/2', 2.71, 'reprovado', 3);
INSERT INTO Historico_Aluno (id_aluno, id_disciplina, semestre, nota, situacao, id_professor) VALUES (7, 27, '2025/2', 5.69, 'aprovado', 18);
INSERT INTO Historico_Aluno (id_aluno, id_disciplina, semestre, nota, situacao, id_professor) VALUES (7, 21, '2025/2', 5.16, 'aprovado', 6);
INSERT INTO Historico_Aluno (id_aluno, id_disciplina, semestre, nota, situacao, id_professor) VALUES (7, 25, '2025/2', 4.98, 'reprovado', 20);
INSERT INTO Historico_Aluno (id_aluno, id_disciplina, semestre, nota, situacao, id_professor) VALUES (7, 12, '2025/2', 9.17, 'aprovado', 10);
INSERT INTO Historico_Aluno (id_aluno, id_disciplina, semestre, nota, situacao, id_professor) VALUES (7, 29, '2025/2', 5.59, 'aprovado', 6);
INSERT INTO Historico_Aluno (id_aluno, id_disciplina, semestre, nota, situacao, id_professor) VALUES (7, 7, '2025/2', 7.95, 'aprovado', 9);
INSERT INTO Historico_Aluno (id_aluno, id_disciplina, semestre, nota, situacao, id_professor) VALUES (8, 2, '2025/2', 7.28, 'aprovado', 6);
INSERT INTO Historico_Aluno (id_aluno, id_disciplina, semestre, nota, situacao, id_professor) VALUES (8, 20, '2025/2', 1.59, 'reprovado', 3);
INSERT INTO Historico_Aluno (id_aluno, id_disciplina, semestre, nota, situacao, id_professor) VALUES (8, 24, '2025/2', 8.53, 'aprovado', 1);
INSERT INTO Historico_Aluno (id_aluno, id_disciplina, semestre, nota, situacao, id_professor) VALUES (8, 4, '2025/2', 1.29, 'reprovado', 20);
INSERT INTO Historico_Aluno (id_aluno, id_disciplina, semestre, nota, situacao, id_professor) VALUES (8, 26, '2025/2', 3.45, 'reprovado', 11);
INSERT INTO Historico_Aluno (id_aluno, id_disciplina, semestre, nota, situacao, id_professor) VALUES (8, 23, '2022/1', 5.23, 'aprovado', 5);
INSERT INTO Historico_Aluno (id_aluno, id_disciplina, semestre, nota, situacao, id_professor) VALUES (8, 14, '2022/1', 3.87, 'reprovado', 15);
INSERT INTO Historico_Aluno (id_aluno, id_disciplina, semestre, nota, situacao, id_professor) VALUES (8, 5, '2022/1', 6.28, 'aprovado', 11);
INSERT INTO Historico_Aluno (id_aluno, id_disciplina, semestre, nota, situacao, id_professor) VALUES (8, 11, '2022/1', 4.0, 'reprovado', 8);
INSERT INTO Historico_Aluno (id_aluno, id_disciplina, semestre, nota, situacao, id_professor) VALUES (8, 4, '2022/1', 0.5, 'reprovado', 5);
INSERT INTO Historico_Aluno (id_aluno, id_disciplina, semestre, nota, situacao, id_professor) VALUES (8, 15, '2022/1', 6.33, 'aprovado', 7);
INSERT INTO Historico_Aluno (id_aluno, id_disciplina, semestre, nota, situacao, id_professor) VALUES (9, 14, '2025/1', 5.62, 'aprovado', 17);
INSERT INTO Historico_Aluno (id_aluno, id_disciplina, semestre, nota, situacao, id_professor) VALUES (9, 30, '2025/1', 5.29, 'aprovado', 3);
INSERT INTO Historico_Aluno (id_aluno, id_disciplina, semestre, nota, situacao, id_professor) VALUES (9, 13, '2025/1', 9.0, 'aprovado', 16);
INSERT INTO Historico_Aluno (id_aluno, id_disciplina, semestre, nota, situacao, id_professor) VALUES (9, 19, '2025/1', 5.26, 'aprovado', 4);
INSERT INTO Historico_Aluno (id_aluno, id_disciplina, semestre, nota, situacao, id_professor) VALUES (9, 15, '2025/1', 1.33, 'reprovado', 15);
INSERT INTO Historico_Aluno (id_aluno, id_disciplina, semestre, nota, situacao, id_professor) VALUES (9, 1, '2023/1', 6.89, 'aprovado', 9);
INSERT INTO Historico_Aluno (id_aluno, id_disciplina, semestre, nota, situacao, id_professor) VALUES (9, 23, '2023/1', 1.72, 'reprovado', 5);
INSERT INTO Historico_Aluno (id_aluno, id_disciplina, semestre, nota, situacao, id_professor) VALUES (9, 25, '2023/1', 2.71, 'reprovado', 10);
INSERT INTO Historico_Aluno (id_aluno, id_disciplina, semestre, nota, situacao, id_professor) VALUES (9, 8, '2023/1', 8.82, 'aprovado', 7);
INSERT INTO Historico_Aluno (id_aluno, id_disciplina, semestre, nota, situacao, id_professor) VALUES (10, 24, '2023/1', 9.25, 'aprovado', 12);
INSERT INTO Historico_Aluno (id_aluno, id_disciplina, semestre, nota, situacao, id_professor) VALUES (10, 1, '2023/1', 0.6, 'reprovado', 8);
INSERT INTO Historico_Aluno (id_aluno, id_disciplina, semestre, nota, situacao, id_professor) VALUES (10, 15, '2023/1', 2.09, 'reprovado', 15);
INSERT INTO Historico_Aluno (id_aluno, id_disciplina, semestre, nota, situacao, id_professor) VALUES (10, 14, '2023/1', 3.98, 'reprovado', 10);
INSERT INTO Historico_Aluno (id_aluno, id_disciplina, semestre, nota, situacao, id_professor) VALUES (10, 21, '2023/1', 9.74, 'aprovado', 3);
INSERT INTO Historico_Aluno (id_aluno, id_disciplina, semestre, nota, situacao, id_professor) VALUES (10, 4, '2022/1', 5.7, 'aprovado', 1);
INSERT INTO Historico_Aluno (id_aluno, id_disciplina, semestre, nota, situacao, id_professor) VALUES (10, 18, '2022/1', 9.36, 'aprovado', 10);
INSERT INTO Historico_Aluno (id_aluno, id_disciplina, semestre, nota, situacao, id_professor) VALUES (10, 23, '2022/1', 1.21, 'reprovado', 18);
INSERT INTO Historico_Aluno (id_aluno, id_disciplina, semestre, nota, situacao, id_professor) VALUES (10, 7, '2022/1', 3.73, 'reprovado', 10);
INSERT INTO Historico_Aluno (id_aluno, id_disciplina, semestre, nota, situacao, id_professor) VALUES (10, 15, '2022/1', 3.48, 'reprovado', 2);
INSERT INTO Historico_Aluno (id_aluno, id_disciplina, semestre, nota, situacao, id_professor) VALUES (10, 12, '2022/1', 6.4, 'aprovado', 3);
INSERT INTO Historico_Aluno (id_aluno, id_disciplina, semestre, nota, situacao, id_professor) VALUES (10, 7, '2025/1', 4.51, 'reprovado', 20);
INSERT INTO Historico_Aluno (id_aluno, id_disciplina, semestre, nota, situacao, id_professor) VALUES (10, 19, '2025/1', 9.64, 'aprovado', 2);
INSERT INTO Historico_Aluno (id_aluno, id_disciplina, semestre, nota, situacao, id_professor) VALUES (10, 11, '2025/1', 6.06, 'aprovado', 18);
INSERT INTO Historico_Aluno (id_aluno, id_disciplina, semestre, nota, situacao, id_professor) VALUES (10, 20, '2025/1', 6.55, 'aprovado', 15);
INSERT INTO Historico_Aluno (id_aluno, id_disciplina, semestre, nota, situacao, id_professor) VALUES (11, 4, '2024/1', 3.27, 'reprovado', 20);
INSERT INTO Historico_Aluno (id_aluno, id_disciplina, semestre, nota, situacao, id_professor) VALUES (11, 15, '2024/1', 3.61, 'reprovado', 5);
INSERT INTO Historico_Aluno (id_aluno, id_disciplina, semestre, nota, situacao, id_professor) VALUES (11, 28, '2024/1', 4.61, 'reprovado', 20);
INSERT INTO Historico_Aluno (id_aluno, id_disciplina, semestre, nota, situacao, id_professor) VALUES (11, 30, '2024/1', 0.35, 'reprovado', 8);
INSERT INTO Historico_Aluno (id_aluno, id_disciplina, semestre, nota, situacao, id_professor) VALUES (11, 1, '2024/1', 4.55, 'reprovado', 1);
INSERT INTO Historico_Aluno (id_aluno, id_disciplina, semestre, nota, situacao, id_professor) VALUES (11, 1, '2024/1', 1.92, 'reprovado', 18);
INSERT INTO Historico_Aluno (id_aluno, id_disciplina, semestre, nota, situacao, id_professor) VALUES (11, 13, '2024/1', 3.75, 'reprovado', 7);
INSERT INTO Historico_Aluno (id_aluno, id_disciplina, semestre, nota, situacao, id_professor) VALUES (11, 23, '2024/1', 0.65, 'reprovado', 18);
INSERT INTO Historico_Aluno (id_aluno, id_disciplina, semestre, nota, situacao, id_professor) VALUES (11, 29, '2024/1', 9.98, 'aprovado', 7);
INSERT INTO Historico_Aluno (id_aluno, id_disciplina, semestre, nota, situacao, id_professor) VALUES (11, 8, '2024/1', 0.2, 'reprovado', 2);
INSERT INTO Historico_Aluno (id_aluno, id_disciplina, semestre, nota, situacao, id_professor) VALUES (11, 18, '2024/1', 3.15, 'reprovado', 8);
INSERT INTO Historico_Aluno (id_aluno, id_disciplina, semestre, nota, situacao, id_professor) VALUES (12, 18, '2022/1', 9.91, 'aprovado', 6);
INSERT INTO Historico_Aluno (id_aluno, id_disciplina, semestre, nota, situacao, id_professor) VALUES (12, 1, '2022/1', 4.3, 'reprovado', 9);
INSERT INTO Historico_Aluno (id_aluno, id_disciplina, semestre, nota, situacao, id_professor) VALUES (12, 26, '2022/1', 6.23, 'aprovado', 4);
INSERT INTO Historico_Aluno (id_aluno, id_disciplina, semestre, nota, situacao, id_professor) VALUES (12, 7, '2022/1', 6.61, 'aprovado', 10);
INSERT INTO Historico_Aluno (id_aluno, id_disciplina, semestre, nota, situacao, id_professor) VALUES (12, 13, '2022/1', 1.98, 'reprovado', 1);
INSERT INTO Historico_Aluno (id_aluno, id_disciplina, semestre, nota, situacao, id_professor) VALUES (12, 30, '2024/1', 5.87, 'aprovado', 5);
INSERT INTO Historico_Aluno (id_aluno, id_disciplina, semestre, nota, situacao, id_professor) VALUES (12, 23, '2024/1', 6.97, 'aprovado', 11);
INSERT INTO Historico_Aluno (id_aluno, id_disciplina, semestre, nota, situacao, id_professor) VALUES (12, 25, '2024/1', 0.77, 'reprovado', 2);
INSERT INTO Historico_Aluno (id_aluno, id_disciplina, semestre, nota, situacao, id_professor) VALUES (12, 17, '2024/1', 0.15, 'reprovado', 6);
INSERT INTO Historico_Aluno (id_aluno, id_disciplina, semestre, nota, situacao, id_professor) VALUES (12, 12, '2022/2', 9.84, 'aprovado', 12);
INSERT INTO Historico_Aluno (id_aluno, id_disciplina, semestre, nota, situacao, id_professor) VALUES (12, 19, '2022/2', 8.42, 'aprovado', 5);
INSERT INTO Historico_Aluno (id_aluno, id_disciplina, semestre, nota, situacao, id_professor) VALUES (12, 17, '2022/2', 6.93, 'aprovado', 20);
INSERT INTO Historico_Aluno (id_aluno, id_disciplina, semestre, nota, situacao, id_professor) VALUES (12, 10, '2022/2', 5.71, 'aprovado', 2);
INSERT INTO Historico_Aluno (id_aluno, id_disciplina, semestre, nota, situacao, id_professor) VALUES (12, 27, '2022/2', 7.02, 'aprovado', 17);
INSERT INTO Historico_Aluno (id_aluno, id_disciplina, semestre, nota, situacao, id_professor) VALUES (12, 6, '2024/1', 7.89, 'aprovado', 18);
INSERT INTO Historico_Aluno (id_aluno, id_disciplina, semestre, nota, situacao, id_professor) VALUES (12, 15, '2024/1', 3.47, 'reprovado', 10);
INSERT INTO Historico_Aluno (id_aluno, id_disciplina, semestre, nota, situacao, id_professor) VALUES (12, 11, '2024/1', 4.98, 'reprovado', 13);
INSERT INTO Historico_Aluno (id_aluno, id_disciplina, semestre, nota, situacao, id_professor) VALUES (12, 14, '2024/1', 8.69, 'aprovado', 9);
INSERT INTO Historico_Aluno (id_aluno, id_disciplina, semestre, nota, situacao, id_professor) VALUES (13, 1, '2024/1', 7.77, 'aprovado', 5);
INSERT INTO Historico_Aluno (id_aluno, id_disciplina, semestre, nota, situacao, id_professor) VALUES (13, 20, '2024/1', 6.86, 'aprovado', 18);
INSERT INTO Historico_Aluno (id_aluno, id_disciplina, semestre, nota, situacao, id_professor) VALUES (13, 26, '2024/1', 1.26, 'reprovado', 18);
INSERT INTO Historico_Aluno (id_aluno, id_disciplina, semestre, nota, situacao, id_professor) VALUES (13, 17, '2024/1', 1.62, 'reprovado', 8);
INSERT INTO Historico_Aluno (id_aluno, id_disciplina, semestre, nota, situacao, id_professor) VALUES (13, 18, '2024/1', 1.14, 'reprovado', 14);
INSERT INTO Historico_Aluno (id_aluno, id_disciplina, semestre, nota, situacao, id_professor) VALUES (13, 19, '2025/1', 9.71, 'aprovado', 20);
INSERT INTO Historico_Aluno (id_aluno, id_disciplina, semestre, nota, situacao, id_professor) VALUES (13, 12, '2025/1', 4.8, 'reprovado', 13);
INSERT INTO Historico_Aluno (id_aluno, id_disciplina, semestre, nota, situacao, id_professor) VALUES (13, 14, '2025/1', 5.06, 'aprovado', 17);
INSERT INTO Historico_Aluno (id_aluno, id_disciplina, semestre, nota, situacao, id_professor) VALUES (13, 9, '2025/1', 5.05, 'aprovado', 15);
INSERT INTO Historico_Aluno (id_aluno, id_disciplina, semestre, nota, situacao, id_professor) VALUES (13, 24, '2025/1', 5.58, 'aprovado', 20);
INSERT INTO Historico_Aluno (id_aluno, id_disciplina, semestre, nota, situacao, id_professor) VALUES (13, 29, '2022/1', 7.09, 'aprovado', 7);
INSERT INTO Historico_Aluno (id_aluno, id_disciplina, semestre, nota, situacao, id_professor) VALUES (13, 23, '2022/1', 8.84, 'aprovado', 18);
INSERT INTO Historico_Aluno (id_aluno, id_disciplina, semestre, nota, situacao, id_professor) VALUES (13, 27, '2022/1', 1.39, 'reprovado', 17);
INSERT INTO Historico_Aluno (id_aluno, id_disciplina, semestre, nota, situacao, id_professor) VALUES (13, 10, '2022/1', 2.55, 'reprovado', 20);
INSERT INTO Historico_Aluno (id_aluno, id_disciplina, semestre, nota, situacao, id_professor) VALUES (13, 6, '2022/1', 0.99, 'reprovado', 12);
INSERT INTO Historico_Aluno (id_aluno, id_disciplina, semestre, nota, situacao, id_professor) VALUES (13, 16, '2022/1', 5.15, 'aprovado', 14);
INSERT INTO Historico_Aluno (id_aluno, id_disciplina, semestre, nota, situacao, id_professor) VALUES (14, 17, '2025/1', 5.65, 'aprovado', 8);
INSERT INTO Historico_Aluno (id_aluno, id_disciplina, semestre, nota, situacao, id_professor) VALUES (14, 21, '2025/1', 1.35, 'reprovado', 18);
INSERT INTO Historico_Aluno (id_aluno, id_disciplina, semestre, nota, situacao, id_professor) VALUES (14, 4, '2025/1', 6.56, 'aprovado', 6);
INSERT INTO Historico_Aluno (id_aluno, id_disciplina, semestre, nota, situacao, id_professor) VALUES (14, 5, '2025/1', 5.12, 'aprovado', 4);
INSERT INTO Historico_Aluno (id_aluno, id_disciplina, semestre, nota, situacao, id_professor) VALUES (14, 6, '2025/1', 5.03, 'aprovado', 19);
INSERT INTO Historico_Aluno (id_aluno, id_disciplina, semestre, nota, situacao, id_professor) VALUES (14, 12, '2022/1', 8.47, 'aprovado', 19);
INSERT INTO Historico_Aluno (id_aluno, id_disciplina, semestre, nota, situacao, id_professor) VALUES (14, 21, '2022/1', 2.75, 'reprovado', 17);
INSERT INTO Historico_Aluno (id_aluno, id_disciplina, semestre, nota, situacao, id_professor) VALUES (14, 26, '2022/1', 8.73, 'aprovado', 12);
INSERT INTO Historico_Aluno (id_aluno, id_disciplina, semestre, nota, situacao, id_professor) VALUES (14, 20, '2022/1', 2.48, 'reprovado', 3);
INSERT INTO Historico_Aluno (id_aluno, id_disciplina, semestre, nota, situacao, id_professor) VALUES (15, 11, '2022/1', 1.93, 'reprovado', 16);
INSERT INTO Historico_Aluno (id_aluno, id_disciplina, semestre, nota, situacao, id_professor) VALUES (15, 22, '2022/1', 6.37, 'aprovado', 14);
INSERT INTO Historico_Aluno (id_aluno, id_disciplina, semestre, nota, situacao, id_professor) VALUES (15, 16, '2022/1', 5.99, 'aprovado', 7);
INSERT INTO Historico_Aluno (id_aluno, id_disciplina, semestre, nota, situacao, id_professor) VALUES (15, 19, '2022/1', 5.85, 'aprovado', 5);
INSERT INTO Historico_Aluno (id_aluno, id_disciplina, semestre, nota, situacao, id_professor) VALUES (15, 26, '2024/1', 9.52, 'aprovado', 8);
INSERT INTO Historico_Aluno (id_aluno, id_disciplina, semestre, nota, situacao, id_professor) VALUES (15, 25, '2024/1', 6.14, 'aprovado', 6);
INSERT INTO Historico_Aluno (id_aluno, id_disciplina, semestre, nota, situacao, id_professor) VALUES (15, 6, '2024/1', 7.45, 'aprovado', 15);
INSERT INTO Historico_Aluno (id_aluno, id_disciplina, semestre, nota, situacao, id_professor) VALUES (15, 14, '2024/1', 7.07, 'aprovado', 15);
INSERT INTO Historico_Aluno (id_aluno, id_disciplina, semestre, nota, situacao, id_professor) VALUES (15, 4, '2024/1', 5.62, 'aprovado', 15);
INSERT INTO Historico_Aluno (id_aluno, id_disciplina, semestre, nota, situacao, id_professor) VALUES (15, 15, '2024/1', 4.48, 'reprovado', 4);
INSERT INTO Historico_Aluno (id_aluno, id_disciplina, semestre, nota, situacao, id_professor) VALUES (15, 20, '2024/1', 2.72, 'reprovado', 12);
INSERT INTO Historico_Aluno (id_aluno, id_disciplina, semestre, nota, situacao, id_professor) VALUES (15, 3, '2024/1', 8.46, 'aprovado', 1);
INSERT INTO Historico_Aluno (id_aluno, id_disciplina, semestre, nota, situacao, id_professor) VALUES (15, 8, '2024/1', 4.36, 'reprovado', 2);
INSERT INTO Historico_Aluno (id_aluno, id_disciplina, semestre, nota, situacao, id_professor) VALUES (15, 5, '2022/1', 5.63, 'aprovado', 6);
INSERT INTO Historico_Aluno (id_aluno, id_disciplina, semestre, nota, situacao, id_professor) VALUES (15, 20, '2022/1', 8.23, 'aprovado', 7);
INSERT INTO Historico_Aluno (id_aluno, id_disciplina, semestre, nota, situacao, id_professor) VALUES (15, 7, '2022/1', 7.23, 'aprovado', 13);
INSERT INTO Historico_Aluno (id_aluno, id_disciplina, semestre, nota, situacao, id_professor) VALUES (15, 15, '2022/1', 0.1, 'reprovado', 16);
INSERT INTO Historico_Aluno (id_aluno, id_disciplina, semestre, nota, situacao, id_professor) VALUES (15, 30, '2022/1', 1.22, 'reprovado', 2);
INSERT INTO Historico_Aluno (id_aluno, id_disciplina, semestre, nota, situacao, id_professor) VALUES (15, 11, '2022/1', 6.63, 'aprovado', 20);
INSERT INTO Historico_Aluno (id_aluno, id_disciplina, semestre, nota, situacao, id_professor) VALUES (16, 6, '2024/1', 1.81, 'reprovado', 20);
INSERT INTO Historico_Aluno (id_aluno, id_disciplina, semestre, nota, situacao, id_professor) VALUES (16, 5, '2024/1', 9.93, 'aprovado', 12);
INSERT INTO Historico_Aluno (id_aluno, id_disciplina, semestre, nota, situacao, id_professor) VALUES (16, 16, '2024/1', 4.04, 'reprovado', 13);
INSERT INTO Historico_Aluno (id_aluno, id_disciplina, semestre, nota, situacao, id_professor) VALUES (16, 3, '2024/1', 2.56, 'reprovado', 18);
INSERT INTO Historico_Aluno (id_aluno, id_disciplina, semestre, nota, situacao, id_professor) VALUES (16, 13, '2024/1', 3.52, 'reprovado', 5);
INSERT INTO Historico_Aluno (id_aluno, id_disciplina, semestre, nota, situacao, id_professor) VALUES (16, 18, '2024/1', 2.18, 'reprovado', 8);
INSERT INTO Historico_Aluno (id_aluno, id_disciplina, semestre, nota, situacao, id_professor) VALUES (16, 17, '2024/1', 6.87, 'aprovado', 16);
INSERT INTO Historico_Aluno (id_aluno, id_disciplina, semestre, nota, situacao, id_professor) VALUES (16, 25, '2024/1', 2.62, 'reprovado', 3);
INSERT INTO Historico_Aluno (id_aluno, id_disciplina, semestre, nota, situacao, id_professor) VALUES (16, 6, '2024/1', 0.6, 'reprovado', 8);
INSERT INTO Historico_Aluno (id_aluno, id_disciplina, semestre, nota, situacao, id_professor) VALUES (16, 30, '2024/1', 1.7, 'reprovado', 13);
INSERT INTO Historico_Aluno (id_aluno, id_disciplina, semestre, nota, situacao, id_professor) VALUES (16, 18, '2023/1', 2.9, 'reprovado', 3);
INSERT INTO Historico_Aluno (id_aluno, id_disciplina, semestre, nota, situacao, id_professor) VALUES (16, 16, '2023/1', 5.13, 'aprovado', 2);
INSERT INTO Historico_Aluno (id_aluno, id_disciplina, semestre, nota, situacao, id_professor) VALUES (16, 22, '2023/1', 3.24, 'reprovado', 19);
INSERT INTO Historico_Aluno (id_aluno, id_disciplina, semestre, nota, situacao, id_professor) VALUES (16, 8, '2023/1', 6.93, 'aprovado', 15);
INSERT INTO Historico_Aluno (id_aluno, id_disciplina, semestre, nota, situacao, id_professor) VALUES (16, 1, '2025/2', 7.3, 'aprovado', 11);
INSERT INTO Historico_Aluno (id_aluno, id_disciplina, semestre, nota, situacao, id_professor) VALUES (16, 23, '2025/2', 4.06, 'reprovado', 6);
INSERT INTO Historico_Aluno (id_aluno, id_disciplina, semestre, nota, situacao, id_professor) VALUES (16, 22, '2025/2', 3.39, 'reprovado', 7);
INSERT INTO Historico_Aluno (id_aluno, id_disciplina, semestre, nota, situacao, id_professor) VALUES (16, 18, '2025/2', 5.11, 'aprovado', 4);
INSERT INTO Historico_Aluno (id_aluno, id_disciplina, semestre, nota, situacao, id_professor) VALUES (16, 30, '2025/2', 3.61, 'reprovado', 9);
INSERT INTO Historico_Aluno (id_aluno, id_disciplina, semestre, nota, situacao, id_professor) VALUES (17, 5, '2023/2', 1.95, 'reprovado', 14);
INSERT INTO Historico_Aluno (id_aluno, id_disciplina, semestre, nota, situacao, id_professor) VALUES (17, 11, '2023/2', 1.96, 'reprovado', 7);
INSERT INTO Historico_Aluno (id_aluno, id_disciplina, semestre, nota, situacao, id_professor) VALUES (17, 23, '2023/2', 2.94, 'reprovado', 6);
INSERT INTO Historico_Aluno (id_aluno, id_disciplina, semestre, nota, situacao, id_professor) VALUES (17, 17, '2023/2', 0.43, 'reprovado', 16);
INSERT INTO Historico_Aluno (id_aluno, id_disciplina, semestre, nota, situacao, id_professor) VALUES (17, 19, '2023/2', 3.93, 'reprovado', 3);
INSERT INTO Historico_Aluno (id_aluno, id_disciplina, semestre, nota, situacao, id_professor) VALUES (17, 16, '2023/2', 7.08, 'aprovado', 15);
INSERT INTO Historico_Aluno (id_aluno, id_disciplina, semestre, nota, situacao, id_professor) VALUES (17, 1, '2023/2', 4.01, 'reprovado', 11);
INSERT INTO Historico_Aluno (id_aluno, id_disciplina, semestre, nota, situacao, id_professor) VALUES (17, 4, '2023/2', 3.88, 'reprovado', 1);
INSERT INTO Historico_Aluno (id_aluno, id_disciplina, semestre, nota, situacao, id_professor) VALUES (17, 19, '2023/2', 2.65, 'reprovado', 3);
INSERT INTO Historico_Aluno (id_aluno, id_disciplina, semestre, nota, situacao, id_professor) VALUES (17, 28, '2023/2', 8.98, 'aprovado', 4);
INSERT INTO Historico_Aluno (id_aluno, id_disciplina, semestre, nota, situacao, id_professor) VALUES (17, 2, '2023/2', 3.31, 'reprovado', 7);
INSERT INTO Historico_Aluno (id_aluno, id_disciplina, semestre, nota, situacao, id_professor) VALUES (17, 30, '2023/2', 7.8, 'aprovado', 6);
INSERT INTO Historico_Aluno (id_aluno, id_disciplina, semestre, nota, situacao, id_professor) VALUES (17, 26, '2024/2', 3.39, 'reprovado', 9);
INSERT INTO Historico_Aluno (id_aluno, id_disciplina, semestre, nota, situacao, id_professor) VALUES (17, 10, '2024/2', 3.76, 'reprovado', 10);
INSERT INTO Historico_Aluno (id_aluno, id_disciplina, semestre, nota, situacao, id_professor) VALUES (17, 23, '2024/2', 2.61, 'reprovado', 8);
INSERT INTO Historico_Aluno (id_aluno, id_disciplina, semestre, nota, situacao, id_professor) VALUES (17, 20, '2024/2', 7.74, 'aprovado', 14);
INSERT INTO Historico_Aluno (id_aluno, id_disciplina, semestre, nota, situacao, id_professor) VALUES (17, 4, '2024/2', 5.66, 'aprovado', 6);
INSERT INTO Historico_Aluno (id_aluno, id_disciplina, semestre, nota, situacao, id_professor) VALUES (17, 13, '2024/2', 2.36, 'reprovado', 6);
INSERT INTO Historico_Aluno (id_aluno, id_disciplina, semestre, nota, situacao, id_professor) VALUES (18, 30, '2024/1', 8.66, 'aprovado', 8);
INSERT INTO Historico_Aluno (id_aluno, id_disciplina, semestre, nota, situacao, id_professor) VALUES (18, 2, '2024/1', 2.24, 'reprovado', 13);
INSERT INTO Historico_Aluno (id_aluno, id_disciplina, semestre, nota, situacao, id_professor) VALUES (18, 24, '2024/1', 7.33, 'aprovado', 6);
INSERT INTO Historico_Aluno (id_aluno, id_disciplina, semestre, nota, situacao, id_professor) VALUES (18, 13, '2024/1', 1.35, 'reprovado', 1);
INSERT INTO Historico_Aluno (id_aluno, id_disciplina, semestre, nota, situacao, id_professor) VALUES (18, 11, '2024/1', 0.89, 'reprovado', 9);
INSERT INTO Historico_Aluno (id_aluno, id_disciplina, semestre, nota, situacao, id_professor) VALUES (18, 6, '2022/2', 4.8, 'reprovado', 2);
INSERT INTO Historico_Aluno (id_aluno, id_disciplina, semestre, nota, situacao, id_professor) VALUES (18, 16, '2022/2', 5.85, 'aprovado', 10);
INSERT INTO Historico_Aluno (id_aluno, id_disciplina, semestre, nota, situacao, id_professor) VALUES (18, 3, '2022/2', 4.34, 'reprovado', 1);
INSERT INTO Historico_Aluno (id_aluno, id_disciplina, semestre, nota, situacao, id_professor) VALUES (18, 28, '2022/2', 8.39, 'aprovado', 9);
INSERT INTO Historico_Aluno (id_aluno, id_disciplina, semestre, nota, situacao, id_professor) VALUES (18, 17, '2022/2', 8.41, 'aprovado', 17);
INSERT INTO Historico_Aluno (id_aluno, id_disciplina, semestre, nota, situacao, id_professor) VALUES (18, 7, '2022/2', 5.8, 'aprovado', 18);
INSERT INTO Historico_Aluno (id_aluno, id_disciplina, semestre, nota, situacao, id_professor) VALUES (18, 19, '2022/2', 9.24, 'aprovado', 20);
INSERT INTO Historico_Aluno (id_aluno, id_disciplina, semestre, nota, situacao, id_professor) VALUES (18, 3, '2022/2', 5.4, 'aprovado', 19);
INSERT INTO Historico_Aluno (id_aluno, id_disciplina, semestre, nota, situacao, id_professor) VALUES (18, 22, '2022/2', 4.35, 'reprovado', 15);
INSERT INTO Historico_Aluno (id_aluno, id_disciplina, semestre, nota, situacao, id_professor) VALUES (18, 20, '2022/2', 8.29, 'aprovado', 11);
INSERT INTO Historico_Aluno (id_aluno, id_disciplina, semestre, nota, situacao, id_professor) VALUES (19, 13, '2023/1', 1.97, 'reprovado', 15);
INSERT INTO Historico_Aluno (id_aluno, id_disciplina, semestre, nota, situacao, id_professor) VALUES (19, 12, '2023/1', 8.7, 'aprovado', 12);
INSERT INTO Historico_Aluno (id_aluno, id_disciplina, semestre, nota, situacao, id_professor) VALUES (19, 19, '2023/1', 8.5, 'aprovado', 9);
INSERT INTO Historico_Aluno (id_aluno, id_disciplina, semestre, nota, situacao, id_professor) VALUES (19, 9, '2023/1', 6.96, 'aprovado', 5);
INSERT INTO Historico_Aluno (id_aluno, id_disciplina, semestre, nota, situacao, id_professor) VALUES (19, 5, '2024/2', 9.43, 'aprovado', 1);
INSERT INTO Historico_Aluno (id_aluno, id_disciplina, semestre, nota, situacao, id_professor) VALUES (19, 24, '2024/2', 7.34, 'aprovado', 3);
INSERT INTO Historico_Aluno (id_aluno, id_disciplina, semestre, nota, situacao, id_professor) VALUES (19, 25, '2024/2', 3.41, 'reprovado', 11);
INSERT INTO Historico_Aluno (id_aluno, id_disciplina, semestre, nota, situacao, id_professor) VALUES (19, 14, '2024/2', 4.3, 'reprovado', 12);
INSERT INTO Historico_Aluno (id_aluno, id_disciplina, semestre, nota, situacao, id_professor) VALUES (19, 29, '2024/2', 4.83, 'reprovado', 3);
INSERT INTO Historico_Aluno (id_aluno, id_disciplina, semestre, nota, situacao, id_professor) VALUES (19, 17, '2023/1', 5.93, 'aprovado', 13);
INSERT INTO Historico_Aluno (id_aluno, id_disciplina, semestre, nota, situacao, id_professor) VALUES (19, 8, '2023/1', 7.37, 'aprovado', 4);
INSERT INTO Historico_Aluno (id_aluno, id_disciplina, semestre, nota, situacao, id_professor) VALUES (19, 21, '2023/1', 6.14, 'aprovado', 4);
INSERT INTO Historico_Aluno (id_aluno, id_disciplina, semestre, nota, situacao, id_professor) VALUES (19, 22, '2023/1', 9.13, 'aprovado', 2);
INSERT INTO Historico_Aluno (id_aluno, id_disciplina, semestre, nota, situacao, id_professor) VALUES (19, 3, '2024/1', 0.77, 'reprovado', 12);
INSERT INTO Historico_Aluno (id_aluno, id_disciplina, semestre, nota, situacao, id_professor) VALUES (19, 10, '2024/1', 3.06, 'reprovado', 4);
INSERT INTO Historico_Aluno (id_aluno, id_disciplina, semestre, nota, situacao, id_professor) VALUES (19, 16, '2024/1', 6.74, 'aprovado', 2);
INSERT INTO Historico_Aluno (id_aluno, id_disciplina, semestre, nota, situacao, id_professor) VALUES (19, 20, '2024/1', 0.74, 'reprovado', 17);
INSERT INTO Historico_Aluno (id_aluno, id_disciplina, semestre, nota, situacao, id_professor) VALUES (19, 2, '2024/1', 6.94, 'aprovado', 15);
INSERT INTO Historico_Aluno (id_aluno, id_disciplina, semestre, nota, situacao, id_professor) VALUES (20, 13, '2024/2', 3.65, 'reprovado', 18);
INSERT INTO Historico_Aluno (id_aluno, id_disciplina, semestre, nota, situacao, id_professor) VALUES (20, 6, '2024/2', 1.28, 'reprovado', 7);
INSERT INTO Historico_Aluno (id_aluno, id_disciplina, semestre, nota, situacao, id_professor) VALUES (20, 9, '2024/2', 9.01, 'aprovado', 9);
INSERT INTO Historico_Aluno (id_aluno, id_disciplina, semestre, nota, situacao, id_professor) VALUES (20, 19, '2024/2', 6.21, 'aprovado', 5);
INSERT INTO Historico_Aluno (id_aluno, id_disciplina, semestre, nota, situacao, id_professor) VALUES (20, 1, '2024/2', 1.96, 'reprovado', 4);
INSERT INTO Historico_Aluno (id_aluno, id_disciplina, semestre, nota, situacao, id_professor) VALUES (20, 17, '2024/2', 1.6, 'reprovado', 1);
INSERT INTO Historico_Aluno (id_aluno, id_disciplina, semestre, nota, situacao, id_professor) VALUES (20, 14, '2024/2', 7.32, 'aprovado', 4);
INSERT INTO Historico_Aluno (id_aluno, id_disciplina, semestre, nota, situacao, id_professor) VALUES (20, 15, '2024/2', 6.26, 'aprovado', 20);
INSERT INTO Historico_Aluno (id_aluno, id_disciplina, semestre, nota, situacao, id_professor) VALUES (20, 30, '2024/2', 2.64, 'reprovado', 9);
INSERT INTO Historico_Aluno (id_aluno, id_disciplina, semestre, nota, situacao, id_professor) VALUES (20, 8, '2024/2', 7.01, 'aprovado', 12);
INSERT INTO Historico_Aluno (id_aluno, id_disciplina, semestre, nota, situacao, id_professor) VALUES (21, 23, '2025/1', 5.9, 'aprovado', 15);
INSERT INTO Historico_Aluno (id_aluno, id_disciplina, semestre, nota, situacao, id_professor) VALUES (21, 27, '2025/1', 3.35, 'reprovado', 16);
INSERT INTO Historico_Aluno (id_aluno, id_disciplina, semestre, nota, situacao, id_professor) VALUES (21, 5, '2025/1', 3.09, 'reprovado', 7);
INSERT INTO Historico_Aluno (id_aluno, id_disciplina, semestre, nota, situacao, id_professor) VALUES (21, 6, '2025/1', 6.27, 'aprovado', 8);
INSERT INTO Historico_Aluno (id_aluno, id_disciplina, semestre, nota, situacao, id_professor) VALUES (21, 9, '2025/1', 1.04, 'reprovado', 17);
INSERT INTO Historico_Aluno (id_aluno, id_disciplina, semestre, nota, situacao, id_professor) VALUES (21, 24, '2025/1', 3.47, 'reprovado', 5);
INSERT INTO Historico_Aluno (id_aluno, id_disciplina, semestre, nota, situacao, id_professor) VALUES (21, 21, '2025/1', 1.88, 'reprovado', 16);
INSERT INTO Historico_Aluno (id_aluno, id_disciplina, semestre, nota, situacao, id_professor) VALUES (21, 26, '2025/1', 0.32, 'reprovado', 1);
INSERT INTO Historico_Aluno (id_aluno, id_disciplina, semestre, nota, situacao, id_professor) VALUES (22, 21, '2025/1', 8.83, 'aprovado', 9);
INSERT INTO Historico_Aluno (id_aluno, id_disciplina, semestre, nota, situacao, id_professor) VALUES (22, 25, '2025/1', 7.46, 'aprovado', 7);
INSERT INTO Historico_Aluno (id_aluno, id_disciplina, semestre, nota, situacao, id_professor) VALUES (22, 14, '2025/1', 9.62, 'aprovado', 18);
INSERT INTO Historico_Aluno (id_aluno, id_disciplina, semestre, nota, situacao, id_professor) VALUES (22, 5, '2025/1', 2.69, 'reprovado', 14);
INSERT INTO Historico_Aluno (id_aluno, id_disciplina, semestre, nota, situacao, id_professor) VALUES (22, 15, '2025/1', 7.8, 'aprovado', 9);
INSERT INTO Historico_Aluno (id_aluno, id_disciplina, semestre, nota, situacao, id_professor) VALUES (22, 26, '2022/2', 3.63, 'reprovado', 5);
INSERT INTO Historico_Aluno (id_aluno, id_disciplina, semestre, nota, situacao, id_professor) VALUES (22, 27, '2022/2', 6.61, 'aprovado', 3);
INSERT INTO Historico_Aluno (id_aluno, id_disciplina, semestre, nota, situacao, id_professor) VALUES (22, 11, '2022/2', 3.52, 'reprovado', 17);
INSERT INTO Historico_Aluno (id_aluno, id_disciplina, semestre, nota, situacao, id_professor) VALUES (22, 29, '2022/2', 3.35, 'reprovado', 8);
INSERT INTO Historico_Aluno (id_aluno, id_disciplina, semestre, nota, situacao, id_professor) VALUES (22, 13, '2023/1', 8.25, 'aprovado', 9);
INSERT INTO Historico_Aluno (id_aluno, id_disciplina, semestre, nota, situacao, id_professor) VALUES (22, 11, '2023/1', 3.11, 'reprovado', 12);
INSERT INTO Historico_Aluno (id_aluno, id_disciplina, semestre, nota, situacao, id_professor) VALUES (22, 1, '2023/1', 8.24, 'aprovado', 8);
INSERT INTO Historico_Aluno (id_aluno, id_disciplina, semestre, nota, situacao, id_professor) VALUES (22, 8, '2023/1', 1.58, 'reprovado', 13);
INSERT INTO Historico_Aluno (id_aluno, id_disciplina, semestre, nota, situacao, id_professor) VALUES (22, 3, '2023/1', 3.31, 'reprovado', 14);
INSERT INTO Historico_Aluno (id_aluno, id_disciplina, semestre, nota, situacao, id_professor) VALUES (22, 16, '2024/2', 5.69, 'aprovado', 18);
INSERT INTO Historico_Aluno (id_aluno, id_disciplina, semestre, nota, situacao, id_professor) VALUES (22, 23, '2024/2', 2.04, 'reprovado', 11);
INSERT INTO Historico_Aluno (id_aluno, id_disciplina, semestre, nota, situacao, id_professor) VALUES (22, 29, '2024/2', 5.99, 'aprovado', 9);
INSERT INTO Historico_Aluno (id_aluno, id_disciplina, semestre, nota, situacao, id_professor) VALUES (22, 8, '2024/2', 5.69, 'aprovado', 15);
INSERT INTO Historico_Aluno (id_aluno, id_disciplina, semestre, nota, situacao, id_professor) VALUES (22, 20, '2024/2', 7.91, 'aprovado', 1);
INSERT INTO Historico_Aluno (id_aluno, id_disciplina, semestre, nota, situacao, id_professor) VALUES (23, 3, '2025/1', 5.6, 'aprovado', 4);
INSERT INTO Historico_Aluno (id_aluno, id_disciplina, semestre, nota, situacao, id_professor) VALUES (23, 22, '2025/1', 6.95, 'aprovado', 15);
INSERT INTO Historico_Aluno (id_aluno, id_disciplina, semestre, nota, situacao, id_professor) VALUES (23, 8, '2025/1', 5.7, 'aprovado', 5);
INSERT INTO Historico_Aluno (id_aluno, id_disciplina, semestre, nota, situacao, id_professor) VALUES (23, 12, '2025/1', 2.34, 'reprovado', 4);
INSERT INTO Historico_Aluno (id_aluno, id_disciplina, semestre, nota, situacao, id_professor) VALUES (23, 27, '2025/2', 9.78, 'aprovado', 2);
INSERT INTO Historico_Aluno (id_aluno, id_disciplina, semestre, nota, situacao, id_professor) VALUES (23, 7, '2025/2', 2.94, 'reprovado', 7);
INSERT INTO Historico_Aluno (id_aluno, id_disciplina, semestre, nota, situacao, id_professor) VALUES (23, 21, '2025/2', 1.78, 'reprovado', 11);
INSERT INTO Historico_Aluno (id_aluno, id_disciplina, semestre, nota, situacao, id_professor) VALUES (23, 17, '2025/2', 1.02, 'reprovado', 16);
INSERT INTO Historico_Aluno (id_aluno, id_disciplina, semestre, nota, situacao, id_professor) VALUES (23, 14, '2025/2', 8.78, 'aprovado', 12);
INSERT INTO Historico_Aluno (id_aluno, id_disciplina, semestre, nota, situacao, id_professor) VALUES (24, 4, '2023/2', 2.88, 'reprovado', 19);
INSERT INTO Historico_Aluno (id_aluno, id_disciplina, semestre, nota, situacao, id_professor) VALUES (24, 28, '2023/2', 4.82, 'reprovado', 13);
INSERT INTO Historico_Aluno (id_aluno, id_disciplina, semestre, nota, situacao, id_professor) VALUES (24, 27, '2023/2', 9.28, 'aprovado', 16);
INSERT INTO Historico_Aluno (id_aluno, id_disciplina, semestre, nota, situacao, id_professor) VALUES (24, 6, '2023/2', 9.75, 'aprovado', 9);
INSERT INTO Historico_Aluno (id_aluno, id_disciplina, semestre, nota, situacao, id_professor) VALUES (24, 16, '2023/2', 6.73, 'aprovado', 20);
INSERT INTO Historico_Aluno (id_aluno, id_disciplina, semestre, nota, situacao, id_professor) VALUES (24, 4, '2023/2', 1.54, 'reprovado', 5);
INSERT INTO Historico_Aluno (id_aluno, id_disciplina, semestre, nota, situacao, id_professor) VALUES (24, 8, '2023/2', 0.8, 'reprovado', 17);
INSERT INTO Historico_Aluno (id_aluno, id_disciplina, semestre, nota, situacao, id_professor) VALUES (24, 17, '2023/2', 4.2, 'reprovado', 19);
INSERT INTO Historico_Aluno (id_aluno, id_disciplina, semestre, nota, situacao, id_professor) VALUES (24, 12, '2023/2', 9.87, 'aprovado', 18);
INSERT INTO Historico_Aluno (id_aluno, id_disciplina, semestre, nota, situacao, id_professor) VALUES (24, 14, '2023/2', 9.02, 'aprovado', 9);
INSERT INTO Historico_Aluno (id_aluno, id_disciplina, semestre, nota, situacao, id_professor) VALUES (24, 30, '2023/2', 8.31, 'aprovado', 15);
INSERT INTO Historico_Aluno (id_aluno, id_disciplina, semestre, nota, situacao, id_professor) VALUES (25, 1, '2024/1', 3.0, 'reprovado', 3);
INSERT INTO Historico_Aluno (id_aluno, id_disciplina, semestre, nota, situacao, id_professor) VALUES (25, 3, '2024/1', 1.05, 'reprovado', 19);
INSERT INTO Historico_Aluno (id_aluno, id_disciplina, semestre, nota, situacao, id_professor) VALUES (25, 13, '2024/1', 9.52, 'aprovado', 15);
INSERT INTO Historico_Aluno (id_aluno, id_disciplina, semestre, nota, situacao, id_professor) VALUES (25, 4, '2024/1', 4.42, 'reprovado', 12);
INSERT INTO Historico_Aluno (id_aluno, id_disciplina, semestre, nota, situacao, id_professor) VALUES (25, 21, '2024/1', 6.26, 'aprovado', 3);
INSERT INTO Historico_Aluno (id_aluno, id_disciplina, semestre, nota, situacao, id_professor) VALUES (25, 29, '2023/2', 1.47, 'reprovado', 1);
INSERT INTO Historico_Aluno (id_aluno, id_disciplina, semestre, nota, situacao, id_professor) VALUES (25, 24, '2023/2', 5.5, 'aprovado', 2);
INSERT INTO Historico_Aluno (id_aluno, id_disciplina, semestre, nota, situacao, id_professor) VALUES (25, 15, '2023/2', 9.07, 'aprovado', 4);
INSERT INTO Historico_Aluno (id_aluno, id_disciplina, semestre, nota, situacao, id_professor) VALUES (25, 14, '2023/2', 7.66, 'aprovado', 1);
INSERT INTO Historico_Aluno (id_aluno, id_disciplina, semestre, nota, situacao, id_professor) VALUES (25, 4, '2023/2', 6.18, 'aprovado', 2);
INSERT INTO Historico_Aluno (id_aluno, id_disciplina, semestre, nota, situacao, id_professor) VALUES (25, 1, '2024/1', 3.26, 'reprovado', 17);
INSERT INTO Historico_Aluno (id_aluno, id_disciplina, semestre, nota, situacao, id_professor) VALUES (25, 18, '2024/1', 2.12, 'reprovado', 11);
INSERT INTO Historico_Aluno (id_aluno, id_disciplina, semestre, nota, situacao, id_professor) VALUES (25, 7, '2024/1', 7.87, 'aprovado', 20);
INSERT INTO Historico_Aluno (id_aluno, id_disciplina, semestre, nota, situacao, id_professor) VALUES (25, 26, '2024/1', 9.16, 'aprovado', 8);
INSERT INTO Historico_Aluno (id_aluno, id_disciplina, semestre, nota, situacao, id_professor) VALUES (25, 17, '2023/2', 3.21, 'reprovado', 15);
INSERT INTO Historico_Aluno (id_aluno, id_disciplina, semestre, nota, situacao, id_professor) VALUES (25, 19, '2023/2', 3.6, 'reprovado', 9);
INSERT INTO Historico_Aluno (id_aluno, id_disciplina, semestre, nota, situacao, id_professor) VALUES (25, 29, '2023/2', 9.61, 'aprovado', 10);
INSERT INTO Historico_Aluno (id_aluno, id_disciplina, semestre, nota, situacao, id_professor) VALUES (25, 2, '2023/2', 1.64, 'reprovado', 18);
INSERT INTO Historico_Aluno (id_aluno, id_disciplina, semestre, nota, situacao, id_professor) VALUES (26, 11, '2022/2', 5.38, 'aprovado', 12);
INSERT INTO Historico_Aluno (id_aluno, id_disciplina, semestre, nota, situacao, id_professor) VALUES (26, 3, '2022/2', 9.86, 'aprovado', 6);
INSERT INTO Historico_Aluno (id_aluno, id_disciplina, semestre, nota, situacao, id_professor) VALUES (26, 6, '2022/2', 0.6, 'reprovado', 20);
INSERT INTO Historico_Aluno (id_aluno, id_disciplina, semestre, nota, situacao, id_professor) VALUES (26, 15, '2022/2', 4.94, 'reprovado', 2);
INSERT INTO Historico_Aluno (id_aluno, id_disciplina, semestre, nota, situacao, id_professor) VALUES (26, 25, '2022/2', 9.95, 'aprovado', 1);
INSERT INTO Historico_Aluno (id_aluno, id_disciplina, semestre, nota, situacao, id_professor) VALUES (26, 28, '2022/2', 3.92, 'reprovado', 8);
INSERT INTO Historico_Aluno (id_aluno, id_disciplina, semestre, nota, situacao, id_professor) VALUES (26, 28, '2022/2', 0.98, 'reprovado', 16);
INSERT INTO Historico_Aluno (id_aluno, id_disciplina, semestre, nota, situacao, id_professor) VALUES (26, 22, '2022/2', 7.91, 'aprovado', 14);
INSERT INTO Historico_Aluno (id_aluno, id_disciplina, semestre, nota, situacao, id_professor) VALUES (26, 21, '2022/2', 4.59, 'reprovado', 17);
INSERT INTO Historico_Aluno (id_aluno, id_disciplina, semestre, nota, situacao, id_professor) VALUES (26, 26, '2022/2', 4.84, 'reprovado', 8);
INSERT INTO Historico_Aluno (id_aluno, id_disciplina, semestre, nota, situacao, id_professor) VALUES (26, 15, '2024/1', 9.52, 'aprovado', 3);
INSERT INTO Historico_Aluno (id_aluno, id_disciplina, semestre, nota, situacao, id_professor) VALUES (26, 16, '2024/1', 9.96, 'aprovado', 14);
INSERT INTO Historico_Aluno (id_aluno, id_disciplina, semestre, nota, situacao, id_professor) VALUES (26, 6, '2024/1', 7.4, 'aprovado', 11);
INSERT INTO Historico_Aluno (id_aluno, id_disciplina, semestre, nota, situacao, id_professor) VALUES (26, 13, '2024/1', 2.9, 'reprovado', 3);
INSERT INTO Historico_Aluno (id_aluno, id_disciplina, semestre, nota, situacao, id_professor) VALUES (26, 12, '2024/1', 3.76, 'reprovado', 8);
INSERT INTO Historico_Aluno (id_aluno, id_disciplina, semestre, nota, situacao, id_professor) VALUES (26, 17, '2023/2', 2.79, 'reprovado', 11);
INSERT INTO Historico_Aluno (id_aluno, id_disciplina, semestre, nota, situacao, id_professor) VALUES (26, 23, '2023/2', 3.18, 'reprovado', 17);
INSERT INTO Historico_Aluno (id_aluno, id_disciplina, semestre, nota, situacao, id_professor) VALUES (26, 28, '2023/2', 3.13, 'reprovado', 5);
INSERT INTO Historico_Aluno (id_aluno, id_disciplina, semestre, nota, situacao, id_professor) VALUES (26, 10, '2023/2', 8.88, 'aprovado', 19);
INSERT INTO Historico_Aluno (id_aluno, id_disciplina, semestre, nota, situacao, id_professor) VALUES (27, 21, '2022/2', 2.05, 'reprovado', 3);
INSERT INTO Historico_Aluno (id_aluno, id_disciplina, semestre, nota, situacao, id_professor) VALUES (27, 29, '2022/2', 1.86, 'reprovado', 11);
INSERT INTO Historico_Aluno (id_aluno, id_disciplina, semestre, nota, situacao, id_professor) VALUES (27, 30, '2022/2', 5.87, 'aprovado', 1);
INSERT INTO Historico_Aluno (id_aluno, id_disciplina, semestre, nota, situacao, id_professor) VALUES (27, 6, '2022/2', 7.91, 'aprovado', 18);
INSERT INTO Historico_Aluno (id_aluno, id_disciplina, semestre, nota, situacao, id_professor) VALUES (27, 5, '2022/2', 7.93, 'aprovado', 4);
INSERT INTO Historico_Aluno (id_aluno, id_disciplina, semestre, nota, situacao, id_professor) VALUES (27, 10, '2022/2', 0.31, 'reprovado', 9);
INSERT INTO Historico_Aluno (id_aluno, id_disciplina, semestre, nota, situacao, id_professor) VALUES (27, 9, '2022/2', 3.86, 'reprovado', 4);
INSERT INTO Historico_Aluno (id_aluno, id_disciplina, semestre, nota, situacao, id_professor) VALUES (27, 15, '2022/2', 8.5, 'aprovado', 2);
INSERT INTO Historico_Aluno (id_aluno, id_disciplina, semestre, nota, situacao, id_professor) VALUES (27, 24, '2022/2', 5.0, 'aprovado', 9);
INSERT INTO Historico_Aluno (id_aluno, id_disciplina, semestre, nota, situacao, id_professor) VALUES (27, 16, '2022/2', 8.1, 'aprovado', 13);
INSERT INTO Historico_Aluno (id_aluno, id_disciplina, semestre, nota, situacao, id_professor) VALUES (27, 9, '2024/1', 4.41, 'reprovado', 10);
INSERT INTO Historico_Aluno (id_aluno, id_disciplina, semestre, nota, situacao, id_professor) VALUES (27, 1, '2024/1', 4.48, 'reprovado', 11);
INSERT INTO Historico_Aluno (id_aluno, id_disciplina, semestre, nota, situacao, id_professor) VALUES (27, 22, '2024/1', 6.72, 'aprovado', 3);
INSERT INTO Historico_Aluno (id_aluno, id_disciplina, semestre, nota, situacao, id_professor) VALUES (27, 10, '2024/1', 2.64, 'reprovado', 8);
INSERT INTO Historico_Aluno (id_aluno, id_disciplina, semestre, nota, situacao, id_professor) VALUES (27, 21, '2024/1', 4.35, 'reprovado', 18);
INSERT INTO Historico_Aluno (id_aluno, id_disciplina, semestre, nota, situacao, id_professor) VALUES (28, 25, '2022/1', 5.91, 'aprovado', 5);
INSERT INTO Historico_Aluno (id_aluno, id_disciplina, semestre, nota, situacao, id_professor) VALUES (28, 13, '2022/1', 7.79, 'aprovado', 14);
INSERT INTO Historico_Aluno (id_aluno, id_disciplina, semestre, nota, situacao, id_professor) VALUES (28, 12, '2022/1', 8.44, 'aprovado', 2);
INSERT INTO Historico_Aluno (id_aluno, id_disciplina, semestre, nota, situacao, id_professor) VALUES (28, 20, '2022/1', 0.91, 'reprovado', 19);
INSERT INTO Historico_Aluno (id_aluno, id_disciplina, semestre, nota, situacao, id_professor) VALUES (28, 28, '2022/1', 9.03, 'aprovado', 7);
INSERT INTO Historico_Aluno (id_aluno, id_disciplina, semestre, nota, situacao, id_professor) VALUES (28, 9, '2024/1', 6.57, 'aprovado', 4);
INSERT INTO Historico_Aluno (id_aluno, id_disciplina, semestre, nota, situacao, id_professor) VALUES (28, 6, '2024/1', 3.42, 'reprovado', 9);
INSERT INTO Historico_Aluno (id_aluno, id_disciplina, semestre, nota, situacao, id_professor) VALUES (28, 3, '2024/1', 9.73, 'aprovado', 10);
INSERT INTO Historico_Aluno (id_aluno, id_disciplina, semestre, nota, situacao, id_professor) VALUES (28, 14, '2024/1', 7.29, 'aprovado', 4);
INSERT INTO Historico_Aluno (id_aluno, id_disciplina, semestre, nota, situacao, id_professor) VALUES (28, 10, '2024/1', 5.82, 'aprovado', 15);
INSERT INTO Historico_Aluno (id_aluno, id_disciplina, semestre, nota, situacao, id_professor) VALUES (29, 7, '2023/2', 7.27, 'aprovado', 11);
INSERT INTO Historico_Aluno (id_aluno, id_disciplina, semestre, nota, situacao, id_professor) VALUES (29, 8, '2023/2', 5.88, 'aprovado', 1);
INSERT INTO Historico_Aluno (id_aluno, id_disciplina, semestre, nota, situacao, id_professor) VALUES (29, 10, '2023/2', 5.98, 'aprovado', 20);
INSERT INTO Historico_Aluno (id_aluno, id_disciplina, semestre, nota, situacao, id_professor) VALUES (29, 16, '2023/2', 0.79, 'reprovado', 8);
INSERT INTO Historico_Aluno (id_aluno, id_disciplina, semestre, nota, situacao, id_professor) VALUES (29, 25, '2023/2', 6.71, 'aprovado', 2);
INSERT INTO Historico_Aluno (id_aluno, id_disciplina, semestre, nota, situacao, id_professor) VALUES (29, 5, '2023/2', 3.3, 'reprovado', 4);
INSERT INTO Historico_Aluno (id_aluno, id_disciplina, semestre, nota, situacao, id_professor) VALUES (29, 30, '2023/2', 4.15, 'reprovado', 4);
INSERT INTO Historico_Aluno (id_aluno, id_disciplina, semestre, nota, situacao, id_professor) VALUES (29, 19, '2023/2', 2.03, 'reprovado', 6);
INSERT INTO Historico_Aluno (id_aluno, id_disciplina, semestre, nota, situacao, id_professor) VALUES (29, 2, '2023/2', 1.0, 'reprovado', 19);
INSERT INTO Historico_Aluno (id_aluno, id_disciplina, semestre, nota, situacao, id_professor) VALUES (29, 6, '2025/1', 5.65, 'aprovado', 12);
INSERT INTO Historico_Aluno (id_aluno, id_disciplina, semestre, nota, situacao, id_professor) VALUES (29, 20, '2025/1', 4.07, 'reprovado', 3);
INSERT INTO Historico_Aluno (id_aluno, id_disciplina, semestre, nota, situacao, id_professor) VALUES (29, 11, '2025/1', 2.53, 'reprovado', 16);
INSERT INTO Historico_Aluno (id_aluno, id_disciplina, semestre, nota, situacao, id_professor) VALUES (29, 14, '2025/1', 6.89, 'aprovado', 15);
INSERT INTO Historico_Aluno (id_aluno, id_disciplina, semestre, nota, situacao, id_professor) VALUES (30, 17, '2022/2', 2.26, 'reprovado', 5);
INSERT INTO Historico_Aluno (id_aluno, id_disciplina, semestre, nota, situacao, id_professor) VALUES (30, 10, '2022/2', 3.85, 'reprovado', 12);
INSERT INTO Historico_Aluno (id_aluno, id_disciplina, semestre, nota, situacao, id_professor) VALUES (30, 26, '2022/2', 5.34, 'aprovado', 3);
INSERT INTO Historico_Aluno (id_aluno, id_disciplina, semestre, nota, situacao, id_professor) VALUES (30, 4, '2022/2', 9.32, 'aprovado', 3);
INSERT INTO Historico_Aluno (id_aluno, id_disciplina, semestre, nota, situacao, id_professor) VALUES (30, 20, '2025/2', 7.41, 'aprovado', 6);
INSERT INTO Historico_Aluno (id_aluno, id_disciplina, semestre, nota, situacao, id_professor) VALUES (30, 11, '2025/2', 1.65, 'reprovado', 9);
INSERT INTO Historico_Aluno (id_aluno, id_disciplina, semestre, nota, situacao, id_professor) VALUES (30, 6, '2025/2', 4.09, 'reprovado', 18);
INSERT INTO Historico_Aluno (id_aluno, id_disciplina, semestre, nota, situacao, id_professor) VALUES (30, 10, '2025/2', 7.11, 'aprovado', 19);
INSERT INTO Historico_Aluno (id_aluno, id_disciplina, semestre, nota, situacao, id_professor) VALUES (30, 24, '2025/2', 2.19, 'reprovado', 14);
INSERT INTO Historico_Aluno (id_aluno, id_disciplina, semestre, nota, situacao, id_professor) VALUES (30, 14, '2022/1', 4.22, 'reprovado', 2);
INSERT INTO Historico_Aluno (id_aluno, id_disciplina, semestre, nota, situacao, id_professor) VALUES (30, 7, '2022/1', 0.56, 'reprovado', 11);
INSERT INTO Historico_Aluno (id_aluno, id_disciplina, semestre, nota, situacao, id_professor) VALUES (30, 21, '2022/1', 2.02, 'reprovado', 14);
INSERT INTO Historico_Aluno (id_aluno, id_disciplina, semestre, nota, situacao, id_professor) VALUES (30, 17, '2022/1', 2.53, 'reprovado', 15);
INSERT INTO Historico_Aluno (id_aluno, id_disciplina, semestre, nota, situacao, id_professor) VALUES (30, 2, '2022/1', 7.91, 'aprovado', 9);
INSERT INTO Historico_Aluno (id_aluno, id_disciplina, semestre, nota, situacao, id_professor) VALUES (30, 23, '2023/1', 3.93, 'reprovado', 4);
INSERT INTO Historico_Aluno (id_aluno, id_disciplina, semestre, nota, situacao, id_professor) VALUES (30, 13, '2023/1', 8.24, 'aprovado', 17);
INSERT INTO Historico_Aluno (id_aluno, id_disciplina, semestre, nota, situacao, id_professor) VALUES (30, 28, '2023/1', 1.82, 'reprovado', 12);
INSERT INTO Historico_Aluno (id_aluno, id_disciplina, semestre, nota, situacao, id_professor) VALUES (30, 17, '2023/1', 1.67, 'reprovado', 1);
INSERT INTO Historico_Aluno (id_aluno, id_disciplina, semestre, nota, situacao, id_professor) VALUES (31, 1, '2023/2', 4.86, 'reprovado', 3);
INSERT INTO Historico_Aluno (id_aluno, id_disciplina, semestre, nota, situacao, id_professor) VALUES (31, 21, '2023/2', 5.89, 'aprovado', 2);
INSERT INTO Historico_Aluno (id_aluno, id_disciplina, semestre, nota, situacao, id_professor) VALUES (31, 12, '2023/2', 8.99, 'aprovado', 8);
INSERT INTO Historico_Aluno (id_aluno, id_disciplina, semestre, nota, situacao, id_professor) VALUES (31, 19, '2023/2', 3.22, 'reprovado', 10);
INSERT INTO Historico_Aluno (id_aluno, id_disciplina, semestre, nota, situacao, id_professor) VALUES (31, 18, '2024/2', 3.63, 'reprovado', 17);
INSERT INTO Historico_Aluno (id_aluno, id_disciplina, semestre, nota, situacao, id_professor) VALUES (31, 28, '2024/2', 7.69, 'aprovado', 12);
INSERT INTO Historico_Aluno (id_aluno, id_disciplina, semestre, nota, situacao, id_professor) VALUES (31, 13, '2024/2', 9.7, 'aprovado', 14);
INSERT INTO Historico_Aluno (id_aluno, id_disciplina, semestre, nota, situacao, id_professor) VALUES (31, 3, '2024/2', 3.56, 'reprovado', 2);
INSERT INTO Historico_Aluno (id_aluno, id_disciplina, semestre, nota, situacao, id_professor) VALUES (31, 22, '2024/2', 9.26, 'aprovado', 8);
INSERT INTO Historico_Aluno (id_aluno, id_disciplina, semestre, nota, situacao, id_professor) VALUES (31, 9, '2023/2', 6.64, 'aprovado', 14);
INSERT INTO Historico_Aluno (id_aluno, id_disciplina, semestre, nota, situacao, id_professor) VALUES (31, 7, '2023/2', 8.72, 'aprovado', 12);
INSERT INTO Historico_Aluno (id_aluno, id_disciplina, semestre, nota, situacao, id_professor) VALUES (31, 30, '2023/2', 8.53, 'aprovado', 4);
INSERT INTO Historico_Aluno (id_aluno, id_disciplina, semestre, nota, situacao, id_professor) VALUES (31, 4, '2023/2', 6.7, 'aprovado', 8);
INSERT INTO Historico_Aluno (id_aluno, id_disciplina, semestre, nota, situacao, id_professor) VALUES (31, 17, '2023/2', 5.32, 'aprovado', 10);
INSERT INTO Historico_Aluno (id_aluno, id_disciplina, semestre, nota, situacao, id_professor) VALUES (32, 11, '2024/2', 0.83, 'reprovado', 15);
INSERT INTO Historico_Aluno (id_aluno, id_disciplina, semestre, nota, situacao, id_professor) VALUES (32, 3, '2024/2', 3.38, 'reprovado', 9);
INSERT INTO Historico_Aluno (id_aluno, id_disciplina, semestre, nota, situacao, id_professor) VALUES (32, 2, '2024/2', 5.65, 'aprovado', 9);
INSERT INTO Historico_Aluno (id_aluno, id_disciplina, semestre, nota, situacao, id_professor) VALUES (32, 7, '2024/2', 2.89, 'reprovado', 17);
INSERT INTO Historico_Aluno (id_aluno, id_disciplina, semestre, nota, situacao, id_professor) VALUES (32, 12, '2024/2', 2.71, 'reprovado', 14);
INSERT INTO Historico_Aluno (id_aluno, id_disciplina, semestre, nota, situacao, id_professor) VALUES (32, 16, '2025/2', 0.55, 'reprovado', 15);
INSERT INTO Historico_Aluno (id_aluno, id_disciplina, semestre, nota, situacao, id_professor) VALUES (32, 1, '2025/2', 4.67, 'reprovado', 19);
INSERT INTO Historico_Aluno (id_aluno, id_disciplina, semestre, nota, situacao, id_professor) VALUES (32, 13, '2025/2', 2.12, 'reprovado', 3);
INSERT INTO Historico_Aluno (id_aluno, id_disciplina, semestre, nota, situacao, id_professor) VALUES (32, 17, '2025/2', 8.28, 'aprovado', 20);
INSERT INTO Historico_Aluno (id_aluno, id_disciplina, semestre, nota, situacao, id_professor) VALUES (32, 4, '2025/2', 0.05, 'reprovado', 3);
INSERT INTO Historico_Aluno (id_aluno, id_disciplina, semestre, nota, situacao, id_professor) VALUES (32, 24, '2022/2', 3.01, 'reprovado', 19);
INSERT INTO Historico_Aluno (id_aluno, id_disciplina, semestre, nota, situacao, id_professor) VALUES (32, 28, '2022/2', 7.01, 'aprovado', 16);
INSERT INTO Historico_Aluno (id_aluno, id_disciplina, semestre, nota, situacao, id_professor) VALUES (32, 1, '2022/2', 4.5, 'reprovado', 1);
INSERT INTO Historico_Aluno (id_aluno, id_disciplina, semestre, nota, situacao, id_professor) VALUES (32, 18, '2022/2', 5.93, 'aprovado', 14);
INSERT INTO Historico_Aluno (id_aluno, id_disciplina, semestre, nota, situacao, id_professor) VALUES (32, 24, '2023/1', 2.93, 'reprovado', 20);
INSERT INTO Historico_Aluno (id_aluno, id_disciplina, semestre, nota, situacao, id_professor) VALUES (32, 30, '2023/1', 7.71, 'aprovado', 5);
INSERT INTO Historico_Aluno (id_aluno, id_disciplina, semestre, nota, situacao, id_professor) VALUES (32, 19, '2023/1', 0.45, 'reprovado', 15);
INSERT INTO Historico_Aluno (id_aluno, id_disciplina, semestre, nota, situacao, id_professor) VALUES (32, 29, '2023/1', 9.04, 'aprovado', 11);
INSERT INTO Historico_Aluno (id_aluno, id_disciplina, semestre, nota, situacao, id_professor) VALUES (32, 11, '2023/1', 0.13, 'reprovado', 12);
INSERT INTO Historico_Aluno (id_aluno, id_disciplina, semestre, nota, situacao, id_professor) VALUES (32, 16, '2023/1', 0.74, 'reprovado', 5);
INSERT INTO Historico_Aluno (id_aluno, id_disciplina, semestre, nota, situacao, id_professor) VALUES (33, 16, '2023/2', 6.92, 'aprovado', 9);
INSERT INTO Historico_Aluno (id_aluno, id_disciplina, semestre, nota, situacao, id_professor) VALUES (33, 7, '2023/2', 8.91, 'aprovado', 8);
INSERT INTO Historico_Aluno (id_aluno, id_disciplina, semestre, nota, situacao, id_professor) VALUES (33, 2, '2023/2', 0.66, 'reprovado', 19);
INSERT INTO Historico_Aluno (id_aluno, id_disciplina, semestre, nota, situacao, id_professor) VALUES (33, 30, '2023/2', 4.01, 'reprovado', 15);
INSERT INTO Historico_Aluno (id_aluno, id_disciplina, semestre, nota, situacao, id_professor) VALUES (33, 5, '2023/2', 0.2, 'reprovado', 2);
INSERT INTO Historico_Aluno (id_aluno, id_disciplina, semestre, nota, situacao, id_professor) VALUES (33, 15, '2022/1', 5.43, 'aprovado', 11);
INSERT INTO Historico_Aluno (id_aluno, id_disciplina, semestre, nota, situacao, id_professor) VALUES (33, 27, '2022/1', 4.66, 'reprovado', 7);
INSERT INTO Historico_Aluno (id_aluno, id_disciplina, semestre, nota, situacao, id_professor) VALUES (33, 30, '2022/1', 8.62, 'aprovado', 18);
INSERT INTO Historico_Aluno (id_aluno, id_disciplina, semestre, nota, situacao, id_professor) VALUES (33, 24, '2022/1', 0.96, 'reprovado', 8);
INSERT INTO Historico_Aluno (id_aluno, id_disciplina, semestre, nota, situacao, id_professor) VALUES (33, 29, '2022/1', 2.12, 'reprovado', 3);
INSERT INTO Historico_Aluno (id_aluno, id_disciplina, semestre, nota, situacao, id_professor) VALUES (33, 23, '2025/1', 3.06, 'reprovado', 20);
INSERT INTO Historico_Aluno (id_aluno, id_disciplina, semestre, nota, situacao, id_professor) VALUES (33, 19, '2025/1', 7.68, 'aprovado', 14);
INSERT INTO Historico_Aluno (id_aluno, id_disciplina, semestre, nota, situacao, id_professor) VALUES (33, 11, '2025/1', 6.83, 'aprovado', 16);
INSERT INTO Historico_Aluno (id_aluno, id_disciplina, semestre, nota, situacao, id_professor) VALUES (33, 21, '2025/1', 7.51, 'aprovado', 8);
INSERT INTO Historico_Aluno (id_aluno, id_disciplina, semestre, nota, situacao, id_professor) VALUES (33, 26, '2025/1', 7.04, 'aprovado', 16);
INSERT INTO Historico_Aluno (id_aluno, id_disciplina, semestre, nota, situacao, id_professor) VALUES (33, 22, '2025/1', 7.47, 'aprovado', 2);
INSERT INTO Historico_Aluno (id_aluno, id_disciplina, semestre, nota, situacao, id_professor) VALUES (33, 2, '2025/2', 6.25, 'aprovado', 13);
INSERT INTO Historico_Aluno (id_aluno, id_disciplina, semestre, nota, situacao, id_professor) VALUES (33, 17, '2025/2', 4.07, 'reprovado', 16);
INSERT INTO Historico_Aluno (id_aluno, id_disciplina, semestre, nota, situacao, id_professor) VALUES (33, 12, '2025/2', 1.38, 'reprovado', 18);
INSERT INTO Historico_Aluno (id_aluno, id_disciplina, semestre, nota, situacao, id_professor) VALUES (33, 3, '2025/2', 9.59, 'aprovado', 18);
INSERT INTO Historico_Aluno (id_aluno, id_disciplina, semestre, nota, situacao, id_professor) VALUES (34, 21, '2024/1', 1.27, 'reprovado', 16);
INSERT INTO Historico_Aluno (id_aluno, id_disciplina, semestre, nota, situacao, id_professor) VALUES (34, 16, '2024/1', 8.45, 'aprovado', 19);
INSERT INTO Historico_Aluno (id_aluno, id_disciplina, semestre, nota, situacao, id_professor) VALUES (34, 26, '2024/1', 1.41, 'reprovado', 2);
INSERT INTO Historico_Aluno (id_aluno, id_disciplina, semestre, nota, situacao, id_professor) VALUES (34, 6, '2024/1', 1.02, 'reprovado', 6);
INSERT INTO Historico_Aluno (id_aluno, id_disciplina, semestre, nota, situacao, id_professor) VALUES (34, 27, '2024/2', 3.01, 'reprovado', 1);
INSERT INTO Historico_Aluno (id_aluno, id_disciplina, semestre, nota, situacao, id_professor) VALUES (34, 15, '2024/2', 3.96, 'reprovado', 7);
INSERT INTO Historico_Aluno (id_aluno, id_disciplina, semestre, nota, situacao, id_professor) VALUES (34, 4, '2024/2', 8.65, 'aprovado', 1);
INSERT INTO Historico_Aluno (id_aluno, id_disciplina, semestre, nota, situacao, id_professor) VALUES (34, 24, '2024/2', 0.3, 'reprovado', 1);
INSERT INTO Historico_Aluno (id_aluno, id_disciplina, semestre, nota, situacao, id_professor) VALUES (34, 2, '2024/2', 7.52, 'aprovado', 15);
INSERT INTO Historico_Aluno (id_aluno, id_disciplina, semestre, nota, situacao, id_professor) VALUES (34, 20, '2024/2', 1.07, 'reprovado', 5);
INSERT INTO Historico_Aluno (id_aluno, id_disciplina, semestre, nota, situacao, id_professor) VALUES (34, 26, '2024/1', 7.54, 'aprovado', 8);
INSERT INTO Historico_Aluno (id_aluno, id_disciplina, semestre, nota, situacao, id_professor) VALUES (34, 9, '2024/1', 3.1, 'reprovado', 15);
INSERT INTO Historico_Aluno (id_aluno, id_disciplina, semestre, nota, situacao, id_professor) VALUES (34, 22, '2024/1', 6.93, 'aprovado', 8);
INSERT INTO Historico_Aluno (id_aluno, id_disciplina, semestre, nota, situacao, id_professor) VALUES (34, 3, '2024/1', 5.77, 'aprovado', 7);
INSERT INTO Historico_Aluno (id_aluno, id_disciplina, semestre, nota, situacao, id_professor) VALUES (34, 28, '2024/1', 4.33, 'reprovado', 8);
INSERT INTO Historico_Aluno (id_aluno, id_disciplina, semestre, nota, situacao, id_professor) VALUES (35, 25, '2022/1', 8.65, 'aprovado', 9);
INSERT INTO Historico_Aluno (id_aluno, id_disciplina, semestre, nota, situacao, id_professor) VALUES (35, 22, '2022/1', 5.78, 'aprovado', 2);
INSERT INTO Historico_Aluno (id_aluno, id_disciplina, semestre, nota, situacao, id_professor) VALUES (35, 30, '2022/1', 7.32, 'aprovado', 11);
INSERT INTO Historico_Aluno (id_aluno, id_disciplina, semestre, nota, situacao, id_professor) VALUES (35, 21, '2022/1', 5.37, 'aprovado', 12);
INSERT INTO Historico_Aluno (id_aluno, id_disciplina, semestre, nota, situacao, id_professor) VALUES (35, 15, '2022/1', 2.57, 'reprovado', 19);
INSERT INTO Historico_Aluno (id_aluno, id_disciplina, semestre, nota, situacao, id_professor) VALUES (35, 4, '2024/1', 2.2, 'reprovado', 18);
INSERT INTO Historico_Aluno (id_aluno, id_disciplina, semestre, nota, situacao, id_professor) VALUES (35, 5, '2024/1', 9.68, 'aprovado', 11);
INSERT INTO Historico_Aluno (id_aluno, id_disciplina, semestre, nota, situacao, id_professor) VALUES (35, 6, '2024/1', 8.85, 'aprovado', 2);
INSERT INTO Historico_Aluno (id_aluno, id_disciplina, semestre, nota, situacao, id_professor) VALUES (35, 28, '2024/1', 2.08, 'reprovado', 8);
INSERT INTO Historico_Aluno (id_aluno, id_disciplina, semestre, nota, situacao, id_professor) VALUES (35, 9, '2024/1', 7.48, 'aprovado', 3);
INSERT INTO Historico_Aluno (id_aluno, id_disciplina, semestre, nota, situacao, id_professor) VALUES (35, 20, '2024/1', 7.95, 'aprovado', 18);
INSERT INTO Historico_Aluno (id_aluno, id_disciplina, semestre, nota, situacao, id_professor) VALUES (35, 4, '2024/2', 0.09, 'reprovado', 6);
INSERT INTO Historico_Aluno (id_aluno, id_disciplina, semestre, nota, situacao, id_professor) VALUES (35, 24, '2024/2', 0.56, 'reprovado', 15);
INSERT INTO Historico_Aluno (id_aluno, id_disciplina, semestre, nota, situacao, id_professor) VALUES (35, 2, '2024/2', 6.55, 'aprovado', 17);
INSERT INTO Historico_Aluno (id_aluno, id_disciplina, semestre, nota, situacao, id_professor) VALUES (35, 8, '2024/2', 5.12, 'aprovado', 17);
INSERT INTO Historico_Aluno (id_aluno, id_disciplina, semestre, nota, situacao, id_professor) VALUES (35, 16, '2024/2', 5.7, 'aprovado', 5);
INSERT INTO Historico_Aluno (id_aluno, id_disciplina, semestre, nota, situacao, id_professor) VALUES (35, 18, '2024/1', 3.78, 'reprovado', 14);
INSERT INTO Historico_Aluno (id_aluno, id_disciplina, semestre, nota, situacao, id_professor) VALUES (35, 10, '2024/1', 5.63, 'aprovado', 15);
INSERT INTO Historico_Aluno (id_aluno, id_disciplina, semestre, nota, situacao, id_professor) VALUES (35, 17, '2024/1', 7.82, 'aprovado', 15);
INSERT INTO Historico_Aluno (id_aluno, id_disciplina, semestre, nota, situacao, id_professor) VALUES (35, 1, '2024/1', 7.04, 'aprovado', 20);
INSERT INTO Historico_Aluno (id_aluno, id_disciplina, semestre, nota, situacao, id_professor) VALUES (36, 7, '2023/2', 7.48, 'aprovado', 7);
INSERT INTO Historico_Aluno (id_aluno, id_disciplina, semestre, nota, situacao, id_professor) VALUES (36, 28, '2023/2', 9.25, 'aprovado', 10);
INSERT INTO Historico_Aluno (id_aluno, id_disciplina, semestre, nota, situacao, id_professor) VALUES (36, 20, '2023/2', 5.42, 'aprovado', 13);
INSERT INTO Historico_Aluno (id_aluno, id_disciplina, semestre, nota, situacao, id_professor) VALUES (36, 16, '2023/2', 6.82, 'aprovado', 14);
INSERT INTO Historico_Aluno (id_aluno, id_disciplina, semestre, nota, situacao, id_professor) VALUES (36, 17, '2025/1', 5.85, 'aprovado', 1);
INSERT INTO Historico_Aluno (id_aluno, id_disciplina, semestre, nota, situacao, id_professor) VALUES (36, 22, '2025/1', 2.47, 'reprovado', 20);
INSERT INTO Historico_Aluno (id_aluno, id_disciplina, semestre, nota, situacao, id_professor) VALUES (36, 24, '2025/1', 5.78, 'aprovado', 10);
INSERT INTO Historico_Aluno (id_aluno, id_disciplina, semestre, nota, situacao, id_professor) VALUES (36, 4, '2025/1', 5.45, 'aprovado', 18);
INSERT INTO Historico_Aluno (id_aluno, id_disciplina, semestre, nota, situacao, id_professor) VALUES (37, 13, '2024/1', 8.75, 'aprovado', 9);
INSERT INTO Historico_Aluno (id_aluno, id_disciplina, semestre, nota, situacao, id_professor) VALUES (37, 11, '2024/1', 7.3, 'aprovado', 14);
INSERT INTO Historico_Aluno (id_aluno, id_disciplina, semestre, nota, situacao, id_professor) VALUES (37, 5, '2024/1', 3.57, 'reprovado', 6);
INSERT INTO Historico_Aluno (id_aluno, id_disciplina, semestre, nota, situacao, id_professor) VALUES (37, 20, '2024/1', 5.36, 'aprovado', 12);
INSERT INTO Historico_Aluno (id_aluno, id_disciplina, semestre, nota, situacao, id_professor) VALUES (37, 18, '2024/1', 8.19, 'aprovado', 12);
INSERT INTO Historico_Aluno (id_aluno, id_disciplina, semestre, nota, situacao, id_professor) VALUES (37, 17, '2023/2', 9.55, 'aprovado', 4);
INSERT INTO Historico_Aluno (id_aluno, id_disciplina, semestre, nota, situacao, id_professor) VALUES (37, 4, '2023/2', 6.24, 'aprovado', 14);
INSERT INTO Historico_Aluno (id_aluno, id_disciplina, semestre, nota, situacao, id_professor) VALUES (37, 22, '2023/2', 7.83, 'aprovado', 17);
INSERT INTO Historico_Aluno (id_aluno, id_disciplina, semestre, nota, situacao, id_professor) VALUES (37, 27, '2023/2', 5.21, 'aprovado', 4);
INSERT INTO Historico_Aluno (id_aluno, id_disciplina, semestre, nota, situacao, id_professor) VALUES (37, 1, '2023/2', 4.96, 'reprovado', 4);
INSERT INTO Historico_Aluno (id_aluno, id_disciplina, semestre, nota, situacao, id_professor) VALUES (38, 13, '2022/2', 3.83, 'reprovado', 4);
INSERT INTO Historico_Aluno (id_aluno, id_disciplina, semestre, nota, situacao, id_professor) VALUES (38, 9, '2022/2', 7.11, 'aprovado', 12);
INSERT INTO Historico_Aluno (id_aluno, id_disciplina, semestre, nota, situacao, id_professor) VALUES (38, 11, '2022/2', 6.81, 'aprovado', 2);
INSERT INTO Historico_Aluno (id_aluno, id_disciplina, semestre, nota, situacao, id_professor) VALUES (38, 26, '2022/2', 4.87, 'reprovado', 16);
INSERT INTO Historico_Aluno (id_aluno, id_disciplina, semestre, nota, situacao, id_professor) VALUES (38, 22, '2022/2', 2.16, 'reprovado', 1);
INSERT INTO Historico_Aluno (id_aluno, id_disciplina, semestre, nota, situacao, id_professor) VALUES (38, 7, '2023/2', 6.52, 'aprovado', 10);
INSERT INTO Historico_Aluno (id_aluno, id_disciplina, semestre, nota, situacao, id_professor) VALUES (38, 6, '2023/2', 3.63, 'reprovado', 9);
INSERT INTO Historico_Aluno (id_aluno, id_disciplina, semestre, nota, situacao, id_professor) VALUES (38, 3, '2023/2', 1.0, 'reprovado', 16);
INSERT INTO Historico_Aluno (id_aluno, id_disciplina, semestre, nota, situacao, id_professor) VALUES (38, 8, '2023/2', 4.78, 'reprovado', 5);
INSERT INTO Historico_Aluno (id_aluno, id_disciplina, semestre, nota, situacao, id_professor) VALUES (38, 2, '2023/2', 8.54, 'aprovado', 11);
INSERT INTO Historico_Aluno (id_aluno, id_disciplina, semestre, nota, situacao, id_professor) VALUES (39, 9, '2024/1', 6.99, 'aprovado', 12);
INSERT INTO Historico_Aluno (id_aluno, id_disciplina, semestre, nota, situacao, id_professor) VALUES (39, 24, '2024/1', 8.99, 'aprovado', 5);
INSERT INTO Historico_Aluno (id_aluno, id_disciplina, semestre, nota, situacao, id_professor) VALUES (39, 27, '2024/1', 8.35, 'aprovado', 7);
INSERT INTO Historico_Aluno (id_aluno, id_disciplina, semestre, nota, situacao, id_professor) VALUES (39, 17, '2024/1', 4.21, 'reprovado', 4);
INSERT INTO Historico_Aluno (id_aluno, id_disciplina, semestre, nota, situacao, id_professor) VALUES (39, 7, '2024/1', 2.8, 'reprovado', 15);
INSERT INTO Historico_Aluno (id_aluno, id_disciplina, semestre, nota, situacao, id_professor) VALUES (39, 12, '2024/1', 7.97, 'aprovado', 7);
INSERT INTO Historico_Aluno (id_aluno, id_disciplina, semestre, nota, situacao, id_professor) VALUES (39, 1, '2024/1', 6.92, 'aprovado', 7);
INSERT INTO Historico_Aluno (id_aluno, id_disciplina, semestre, nota, situacao, id_professor) VALUES (39, 21, '2024/1', 5.96, 'aprovado', 6);
INSERT INTO Historico_Aluno (id_aluno, id_disciplina, semestre, nota, situacao, id_professor) VALUES (39, 30, '2024/1', 0.91, 'reprovado', 8);
INSERT INTO Historico_Aluno (id_aluno, id_disciplina, semestre, nota, situacao, id_professor) VALUES (39, 15, '2024/1', 8.04, 'aprovado', 6);
INSERT INTO Historico_Aluno (id_aluno, id_disciplina, semestre, nota, situacao, id_professor) VALUES (39, 19, '2024/2', 1.03, 'reprovado', 7);
INSERT INTO Historico_Aluno (id_aluno, id_disciplina, semestre, nota, situacao, id_professor) VALUES (39, 5, '2024/2', 5.86, 'aprovado', 17);
INSERT INTO Historico_Aluno (id_aluno, id_disciplina, semestre, nota, situacao, id_professor) VALUES (39, 11, '2024/2', 7.62, 'aprovado', 5);
INSERT INTO Historico_Aluno (id_aluno, id_disciplina, semestre, nota, situacao, id_professor) VALUES (39, 4, '2024/2', 5.79, 'aprovado', 9);
INSERT INTO Historico_Aluno (id_aluno, id_disciplina, semestre, nota, situacao, id_professor) VALUES (40, 4, '2025/1', 3.79, 'reprovado', 12);
INSERT INTO Historico_Aluno (id_aluno, id_disciplina, semestre, nota, situacao, id_professor) VALUES (40, 20, '2025/1', 0.85, 'reprovado', 13);
INSERT INTO Historico_Aluno (id_aluno, id_disciplina, semestre, nota, situacao, id_professor) VALUES (40, 10, '2025/1', 7.51, 'aprovado', 19);
INSERT INTO Historico_Aluno (id_aluno, id_disciplina, semestre, nota, situacao, id_professor) VALUES (40, 26, '2025/1', 7.87, 'aprovado', 4);
INSERT INTO Historico_Aluno (id_aluno, id_disciplina, semestre, nota, situacao, id_professor) VALUES (40, 4, '2022/1', 0.05, 'reprovado', 6);
INSERT INTO Historico_Aluno (id_aluno, id_disciplina, semestre, nota, situacao, id_professor) VALUES (40, 9, '2022/1', 9.23, 'aprovado', 11);
INSERT INTO Historico_Aluno (id_aluno, id_disciplina, semestre, nota, situacao, id_professor) VALUES (40, 20, '2022/1', 9.14, 'aprovado', 19);
INSERT INTO Historico_Aluno (id_aluno, id_disciplina, semestre, nota, situacao, id_professor) VALUES (40, 17, '2022/1', 4.01, 'reprovado', 1);
INSERT INTO Historico_Aluno (id_aluno, id_disciplina, semestre, nota, situacao, id_professor) VALUES (40, 29, '2022/1', 7.5, 'aprovado', 3);
INSERT INTO Historico_Aluno (id_aluno, id_disciplina, semestre, nota, situacao, id_professor) VALUES (40, 12, '2025/2', 0.9, 'reprovado', 7);
INSERT INTO Historico_Aluno (id_aluno, id_disciplina, semestre, nota, situacao, id_professor) VALUES (40, 17, '2025/2', 0.98, 'reprovado', 3);
INSERT INTO Historico_Aluno (id_aluno, id_disciplina, semestre, nota, situacao, id_professor) VALUES (40, 13, '2025/2', 3.56, 'reprovado', 10);
INSERT INTO Historico_Aluno (id_aluno, id_disciplina, semestre, nota, situacao, id_professor) VALUES (40, 21, '2025/2', 5.28, 'aprovado', 18);
INSERT INTO Historico_Aluno (id_aluno, id_disciplina, semestre, nota, situacao, id_professor) VALUES (40, 11, '2025/2', 8.4, 'aprovado', 20);
INSERT INTO Historico_Aluno (id_aluno, id_disciplina, semestre, nota, situacao, id_professor) VALUES (40, 12, '2022/1', 0.92, 'reprovado', 3);
INSERT INTO Historico_Aluno (id_aluno, id_disciplina, semestre, nota, situacao, id_professor) VALUES (40, 2, '2022/1', 9.5, 'aprovado', 16);
INSERT INTO Historico_Aluno (id_aluno, id_disciplina, semestre, nota, situacao, id_professor) VALUES (40, 27, '2022/1', 0.73, 'reprovado', 12);
INSERT INTO Historico_Aluno (id_aluno, id_disciplina, semestre, nota, situacao, id_professor) VALUES (40, 18, '2022/1', 1.36, 'reprovado', 16);
INSERT INTO Historico_Aluno (id_aluno, id_disciplina, semestre, nota, situacao, id_professor) VALUES (40, 15, '2022/1', 2.14, 'reprovado', 14);
INSERT INTO Historico_Aluno (id_aluno, id_disciplina, semestre, nota, situacao, id_professor) VALUES (41, 24, '2024/1', 4.07, 'reprovado', 18);
INSERT INTO Historico_Aluno (id_aluno, id_disciplina, semestre, nota, situacao, id_professor) VALUES (41, 25, '2024/1', 4.42, 'reprovado', 10);
INSERT INTO Historico_Aluno (id_aluno, id_disciplina, semestre, nota, situacao, id_professor) VALUES (41, 19, '2024/1', 3.67, 'reprovado', 19);
INSERT INTO Historico_Aluno (id_aluno, id_disciplina, semestre, nota, situacao, id_professor) VALUES (41, 11, '2024/1', 7.52, 'aprovado', 1);
INSERT INTO Historico_Aluno (id_aluno, id_disciplina, semestre, nota, situacao, id_professor) VALUES (41, 15, '2024/1', 0.6, 'reprovado', 1);
INSERT INTO Historico_Aluno (id_aluno, id_disciplina, semestre, nota, situacao, id_professor) VALUES (41, 3, '2022/1', 8.94, 'aprovado', 11);
INSERT INTO Historico_Aluno (id_aluno, id_disciplina, semestre, nota, situacao, id_professor) VALUES (41, 9, '2022/1', 0.45, 'reprovado', 16);
INSERT INTO Historico_Aluno (id_aluno, id_disciplina, semestre, nota, situacao, id_professor) VALUES (41, 28, '2022/1', 5.46, 'aprovado', 19);
INSERT INTO Historico_Aluno (id_aluno, id_disciplina, semestre, nota, situacao, id_professor) VALUES (41, 17, '2022/1', 0.56, 'reprovado', 13);
INSERT INTO Historico_Aluno (id_aluno, id_disciplina, semestre, nota, situacao, id_professor) VALUES (41, 7, '2022/1', 0.05, 'reprovado', 2);
INSERT INTO Historico_Aluno (id_aluno, id_disciplina, semestre, nota, situacao, id_professor) VALUES (41, 9, '2024/2', 9.31, 'aprovado', 16);
INSERT INTO Historico_Aluno (id_aluno, id_disciplina, semestre, nota, situacao, id_professor) VALUES (41, 20, '2024/2', 6.22, 'aprovado', 20);
INSERT INTO Historico_Aluno (id_aluno, id_disciplina, semestre, nota, situacao, id_professor) VALUES (41, 7, '2024/2', 4.35, 'reprovado', 1);
INSERT INTO Historico_Aluno (id_aluno, id_disciplina, semestre, nota, situacao, id_professor) VALUES (41, 8, '2024/2', 8.73, 'aprovado', 7);
INSERT INTO Historico_Aluno (id_aluno, id_disciplina, semestre, nota, situacao, id_professor) VALUES (41, 10, '2024/2', 2.22, 'reprovado', 8);
INSERT INTO Historico_Aluno (id_aluno, id_disciplina, semestre, nota, situacao, id_professor) VALUES (41, 19, '2024/2', 7.6, 'aprovado', 3);
INSERT INTO Historico_Aluno (id_aluno, id_disciplina, semestre, nota, situacao, id_professor) VALUES (41, 23, '2024/2', 4.88, 'reprovado', 12);
INSERT INTO Historico_Aluno (id_aluno, id_disciplina, semestre, nota, situacao, id_professor) VALUES (41, 17, '2024/2', 4.53, 'reprovado', 11);
INSERT INTO Historico_Aluno (id_aluno, id_disciplina, semestre, nota, situacao, id_professor) VALUES (41, 25, '2024/2', 0.96, 'reprovado', 10);
INSERT INTO Historico_Aluno (id_aluno, id_disciplina, semestre, nota, situacao, id_professor) VALUES (42, 14, '2022/2', 2.01, 'reprovado', 19);
INSERT INTO Historico_Aluno (id_aluno, id_disciplina, semestre, nota, situacao, id_professor) VALUES (42, 10, '2022/2', 5.51, 'aprovado', 17);
INSERT INTO Historico_Aluno (id_aluno, id_disciplina, semestre, nota, situacao, id_professor) VALUES (42, 21, '2022/2', 1.01, 'reprovado', 5);
INSERT INTO Historico_Aluno (id_aluno, id_disciplina, semestre, nota, situacao, id_professor) VALUES (42, 27, '2022/2', 4.83, 'reprovado', 7);
INSERT INTO Historico_Aluno (id_aluno, id_disciplina, semestre, nota, situacao, id_professor) VALUES (42, 11, '2022/1', 4.79, 'reprovado', 18);
INSERT INTO Historico_Aluno (id_aluno, id_disciplina, semestre, nota, situacao, id_professor) VALUES (42, 1, '2022/1', 2.57, 'reprovado', 12);
INSERT INTO Historico_Aluno (id_aluno, id_disciplina, semestre, nota, situacao, id_professor) VALUES (42, 7, '2022/1', 7.41, 'aprovado', 4);
INSERT INTO Historico_Aluno (id_aluno, id_disciplina, semestre, nota, situacao, id_professor) VALUES (42, 21, '2022/1', 7.89, 'aprovado', 3);
INSERT INTO Historico_Aluno (id_aluno, id_disciplina, semestre, nota, situacao, id_professor) VALUES (43, 20, '2023/2', 9.04, 'aprovado', 10);
INSERT INTO Historico_Aluno (id_aluno, id_disciplina, semestre, nota, situacao, id_professor) VALUES (43, 1, '2023/2', 6.89, 'aprovado', 12);
INSERT INTO Historico_Aluno (id_aluno, id_disciplina, semestre, nota, situacao, id_professor) VALUES (43, 4, '2023/2', 6.28, 'aprovado', 11);
INSERT INTO Historico_Aluno (id_aluno, id_disciplina, semestre, nota, situacao, id_professor) VALUES (43, 8, '2023/2', 7.79, 'aprovado', 19);
INSERT INTO Historico_Aluno (id_aluno, id_disciplina, semestre, nota, situacao, id_professor) VALUES (43, 11, '2023/2', 5.56, 'aprovado', 17);
INSERT INTO Historico_Aluno (id_aluno, id_disciplina, semestre, nota, situacao, id_professor) VALUES (43, 7, '2023/2', 3.32, 'reprovado', 1);
INSERT INTO Historico_Aluno (id_aluno, id_disciplina, semestre, nota, situacao, id_professor) VALUES (43, 26, '2023/2', 1.71, 'reprovado', 13);
INSERT INTO Historico_Aluno (id_aluno, id_disciplina, semestre, nota, situacao, id_professor) VALUES (43, 21, '2023/2', 6.69, 'aprovado', 11);
INSERT INTO Historico_Aluno (id_aluno, id_disciplina, semestre, nota, situacao, id_professor) VALUES (43, 18, '2022/2', 2.2, 'reprovado', 3);
INSERT INTO Historico_Aluno (id_aluno, id_disciplina, semestre, nota, situacao, id_professor) VALUES (43, 25, '2022/2', 6.02, 'aprovado', 5);
INSERT INTO Historico_Aluno (id_aluno, id_disciplina, semestre, nota, situacao, id_professor) VALUES (43, 10, '2022/2', 1.34, 'reprovado', 15);
INSERT INTO Historico_Aluno (id_aluno, id_disciplina, semestre, nota, situacao, id_professor) VALUES (43, 29, '2022/2', 4.56, 'reprovado', 13);
INSERT INTO Historico_Aluno (id_aluno, id_disciplina, semestre, nota, situacao, id_professor) VALUES (43, 16, '2022/2', 6.12, 'aprovado', 2);
INSERT INTO Historico_Aluno (id_aluno, id_disciplina, semestre, nota, situacao, id_professor) VALUES (44, 9, '2022/2', 7.89, 'aprovado', 19);
INSERT INTO Historico_Aluno (id_aluno, id_disciplina, semestre, nota, situacao, id_professor) VALUES (44, 10, '2022/2', 3.94, 'reprovado', 13);
INSERT INTO Historico_Aluno (id_aluno, id_disciplina, semestre, nota, situacao, id_professor) VALUES (44, 14, '2022/2', 0.85, 'reprovado', 15);
INSERT INTO Historico_Aluno (id_aluno, id_disciplina, semestre, nota, situacao, id_professor) VALUES (44, 15, '2022/2', 2.28, 'reprovado', 16);
INSERT INTO Historico_Aluno (id_aluno, id_disciplina, semestre, nota, situacao, id_professor) VALUES (44, 30, '2023/1', 8.87, 'aprovado', 15);
INSERT INTO Historico_Aluno (id_aluno, id_disciplina, semestre, nota, situacao, id_professor) VALUES (44, 12, '2023/1', 4.83, 'reprovado', 2);
INSERT INTO Historico_Aluno (id_aluno, id_disciplina, semestre, nota, situacao, id_professor) VALUES (44, 16, '2023/1', 6.66, 'aprovado', 2);
INSERT INTO Historico_Aluno (id_aluno, id_disciplina, semestre, nota, situacao, id_professor) VALUES (44, 8, '2023/1', 6.74, 'aprovado', 12);
INSERT INTO Historico_Aluno (id_aluno, id_disciplina, semestre, nota, situacao, id_professor) VALUES (45, 5, '2024/1', 6.39, 'aprovado', 3);
INSERT INTO Historico_Aluno (id_aluno, id_disciplina, semestre, nota, situacao, id_professor) VALUES (45, 27, '2024/1', 3.05, 'reprovado', 18);
INSERT INTO Historico_Aluno (id_aluno, id_disciplina, semestre, nota, situacao, id_professor) VALUES (45, 8, '2024/1', 4.66, 'reprovado', 2);
INSERT INTO Historico_Aluno (id_aluno, id_disciplina, semestre, nota, situacao, id_professor) VALUES (45, 16, '2024/1', 6.59, 'aprovado', 16);
INSERT INTO Historico_Aluno (id_aluno, id_disciplina, semestre, nota, situacao, id_professor) VALUES (45, 18, '2022/2', 1.0, 'reprovado', 18);
INSERT INTO Historico_Aluno (id_aluno, id_disciplina, semestre, nota, situacao, id_professor) VALUES (45, 23, '2022/2', 5.01, 'aprovado', 17);
INSERT INTO Historico_Aluno (id_aluno, id_disciplina, semestre, nota, situacao, id_professor) VALUES (45, 15, '2022/2', 4.67, 'reprovado', 12);
INSERT INTO Historico_Aluno (id_aluno, id_disciplina, semestre, nota, situacao, id_professor) VALUES (45, 22, '2022/2', 0.03, 'reprovado', 9);
INSERT INTO Historico_Aluno (id_aluno, id_disciplina, semestre, nota, situacao, id_professor) VALUES (46, 12, '2024/1', 1.6, 'reprovado', 18);
INSERT INTO Historico_Aluno (id_aluno, id_disciplina, semestre, nota, situacao, id_professor) VALUES (46, 28, '2024/1', 6.91, 'aprovado', 11);
INSERT INTO Historico_Aluno (id_aluno, id_disciplina, semestre, nota, situacao, id_professor) VALUES (46, 27, '2024/1', 0.11, 'reprovado', 3);
INSERT INTO Historico_Aluno (id_aluno, id_disciplina, semestre, nota, situacao, id_professor) VALUES (46, 13, '2024/1', 5.27, 'aprovado', 19);
INSERT INTO Historico_Aluno (id_aluno, id_disciplina, semestre, nota, situacao, id_professor) VALUES (46, 7, '2024/1', 0.36, 'reprovado', 16);
INSERT INTO Historico_Aluno (id_aluno, id_disciplina, semestre, nota, situacao, id_professor) VALUES (46, 23, '2022/2', 7.25, 'aprovado', 18);
INSERT INTO Historico_Aluno (id_aluno, id_disciplina, semestre, nota, situacao, id_professor) VALUES (46, 26, '2022/2', 4.78, 'reprovado', 3);
INSERT INTO Historico_Aluno (id_aluno, id_disciplina, semestre, nota, situacao, id_professor) VALUES (46, 11, '2022/2', 2.04, 'reprovado', 18);
INSERT INTO Historico_Aluno (id_aluno, id_disciplina, semestre, nota, situacao, id_professor) VALUES (46, 19, '2022/2', 2.79, 'reprovado', 6);
INSERT INTO Historico_Aluno (id_aluno, id_disciplina, semestre, nota, situacao, id_professor) VALUES (47, 5, '2023/1', 7.74, 'aprovado', 11);
INSERT INTO Historico_Aluno (id_aluno, id_disciplina, semestre, nota, situacao, id_professor) VALUES (47, 18, '2023/1', 9.64, 'aprovado', 1);
INSERT INTO Historico_Aluno (id_aluno, id_disciplina, semestre, nota, situacao, id_professor) VALUES (47, 6, '2023/1', 1.75, 'reprovado', 5);
INSERT INTO Historico_Aluno (id_aluno, id_disciplina, semestre, nota, situacao, id_professor) VALUES (47, 13, '2023/1', 4.94, 'reprovado', 12);
INSERT INTO Historico_Aluno (id_aluno, id_disciplina, semestre, nota, situacao, id_professor) VALUES (47, 7, '2025/2', 4.56, 'reprovado', 11);
INSERT INTO Historico_Aluno (id_aluno, id_disciplina, semestre, nota, situacao, id_professor) VALUES (47, 12, '2025/2', 0.83, 'reprovado', 17);
INSERT INTO Historico_Aluno (id_aluno, id_disciplina, semestre, nota, situacao, id_professor) VALUES (47, 26, '2025/2', 5.4, 'aprovado', 8);
INSERT INTO Historico_Aluno (id_aluno, id_disciplina, semestre, nota, situacao, id_professor) VALUES (47, 14, '2025/2', 4.82, 'reprovado', 11);
INSERT INTO Historico_Aluno (id_aluno, id_disciplina, semestre, nota, situacao, id_professor) VALUES (47, 30, '2025/2', 4.48, 'reprovado', 20);
INSERT INTO Historico_Aluno (id_aluno, id_disciplina, semestre, nota, situacao, id_professor) VALUES (47, 30, '2023/2', 6.78, 'aprovado', 4);
INSERT INTO Historico_Aluno (id_aluno, id_disciplina, semestre, nota, situacao, id_professor) VALUES (47, 16, '2023/2', 5.58, 'aprovado', 20);
INSERT INTO Historico_Aluno (id_aluno, id_disciplina, semestre, nota, situacao, id_professor) VALUES (47, 22, '2023/2', 5.11, 'aprovado', 6);
INSERT INTO Historico_Aluno (id_aluno, id_disciplina, semestre, nota, situacao, id_professor) VALUES (47, 8, '2023/2', 3.89, 'reprovado', 19);
INSERT INTO Historico_Aluno (id_aluno, id_disciplina, semestre, nota, situacao, id_professor) VALUES (47, 2, '2023/2', 2.62, 'reprovado', 9);
INSERT INTO Historico_Aluno (id_aluno, id_disciplina, semestre, nota, situacao, id_professor) VALUES (47, 21, '2023/2', 0.94, 'reprovado', 9);
INSERT INTO Historico_Aluno (id_aluno, id_disciplina, semestre, nota, situacao, id_professor) VALUES (47, 4, '2025/2', 2.28, 'reprovado', 19);
INSERT INTO Historico_Aluno (id_aluno, id_disciplina, semestre, nota, situacao, id_professor) VALUES (47, 2, '2025/2', 7.45, 'aprovado', 11);
INSERT INTO Historico_Aluno (id_aluno, id_disciplina, semestre, nota, situacao, id_professor) VALUES (47, 20, '2025/2', 1.25, 'reprovado', 2);
INSERT INTO Historico_Aluno (id_aluno, id_disciplina, semestre, nota, situacao, id_professor) VALUES (47, 19, '2025/2', 1.71, 'reprovado', 17);
INSERT INTO Historico_Aluno (id_aluno, id_disciplina, semestre, nota, situacao, id_professor) VALUES (48, 16, '2023/2', 3.14, 'reprovado', 2);
INSERT INTO Historico_Aluno (id_aluno, id_disciplina, semestre, nota, situacao, id_professor) VALUES (48, 6, '2023/2', 6.04, 'aprovado', 19);
INSERT INTO Historico_Aluno (id_aluno, id_disciplina, semestre, nota, situacao, id_professor) VALUES (48, 8, '2023/2', 9.5, 'aprovado', 5);
INSERT INTO Historico_Aluno (id_aluno, id_disciplina, semestre, nota, situacao, id_professor) VALUES (48, 30, '2023/2', 2.64, 'reprovado', 1);
INSERT INTO Historico_Aluno (id_aluno, id_disciplina, semestre, nota, situacao, id_professor) VALUES (48, 14, '2023/2', 8.62, 'aprovado', 4);
INSERT INTO Historico_Aluno (id_aluno, id_disciplina, semestre, nota, situacao, id_professor) VALUES (48, 28, '2025/1', 9.28, 'aprovado', 3);
INSERT INTO Historico_Aluno (id_aluno, id_disciplina, semestre, nota, situacao, id_professor) VALUES (48, 17, '2025/1', 3.31, 'reprovado', 18);
INSERT INTO Historico_Aluno (id_aluno, id_disciplina, semestre, nota, situacao, id_professor) VALUES (48, 30, '2025/1', 7.44, 'aprovado', 8);
INSERT INTO Historico_Aluno (id_aluno, id_disciplina, semestre, nota, situacao, id_professor) VALUES (48, 3, '2025/1', 9.23, 'aprovado', 11);
INSERT INTO Historico_Aluno (id_aluno, id_disciplina, semestre, nota, situacao, id_professor) VALUES (48, 18, '2025/1', 0.02, 'reprovado', 12);
INSERT INTO Historico_Aluno (id_aluno, id_disciplina, semestre, nota, situacao, id_professor) VALUES (48, 23, '2025/1', 1.74, 'reprovado', 3);
INSERT INTO Historico_Aluno (id_aluno, id_disciplina, semestre, nota, situacao, id_professor) VALUES (48, 1, '2025/1', 1.3, 'reprovado', 5);
INSERT INTO Historico_Aluno (id_aluno, id_disciplina, semestre, nota, situacao, id_professor) VALUES (48, 25, '2025/1', 1.51, 'reprovado', 11);
INSERT INTO Historico_Aluno (id_aluno, id_disciplina, semestre, nota, situacao, id_professor) VALUES (48, 4, '2025/1', 0.27, 'reprovado', 3);
INSERT INTO Historico_Aluno (id_aluno, id_disciplina, semestre, nota, situacao, id_professor) VALUES (48, 22, '2025/1', 7.91, 'aprovado', 14);
INSERT INTO Historico_Aluno (id_aluno, id_disciplina, semestre, nota, situacao, id_professor) VALUES (48, 26, '2025/1', 9.97, 'aprovado', 2);
INSERT INTO Historico_Aluno (id_aluno, id_disciplina, semestre, nota, situacao, id_professor) VALUES (48, 19, '2025/1', 8.64, 'aprovado', 20);
INSERT INTO Historico_Aluno (id_aluno, id_disciplina, semestre, nota, situacao, id_professor) VALUES (48, 20, '2025/1', 9.53, 'aprovado', 16);
INSERT INTO Historico_Aluno (id_aluno, id_disciplina, semestre, nota, situacao, id_professor) VALUES (49, 30, '2025/2', 0.11, 'reprovado', 13);
INSERT INTO Historico_Aluno (id_aluno, id_disciplina, semestre, nota, situacao, id_professor) VALUES (49, 29, '2025/2', 5.14, 'aprovado', 5);
INSERT INTO Historico_Aluno (id_aluno, id_disciplina, semestre, nota, situacao, id_professor) VALUES (49, 15, '2025/2', 2.57, 'reprovado', 19);
INSERT INTO Historico_Aluno (id_aluno, id_disciplina, semestre, nota, situacao, id_professor) VALUES (49, 2, '2025/2', 1.51, 'reprovado', 19);
INSERT INTO Historico_Aluno (id_aluno, id_disciplina, semestre, nota, situacao, id_professor) VALUES (49, 14, '2025/2', 3.96, 'reprovado', 12);
INSERT INTO Historico_Aluno (id_aluno, id_disciplina, semestre, nota, situacao, id_professor) VALUES (49, 15, '2025/2', 0.63, 'reprovado', 18);
INSERT INTO Historico_Aluno (id_aluno, id_disciplina, semestre, nota, situacao, id_professor) VALUES (49, 13, '2025/2', 1.2, 'reprovado', 3);
INSERT INTO Historico_Aluno (id_aluno, id_disciplina, semestre, nota, situacao, id_professor) VALUES (49, 3, '2025/2', 0.69, 'reprovado', 19);
INSERT INTO Historico_Aluno (id_aluno, id_disciplina, semestre, nota, situacao, id_professor) VALUES (49, 2, '2025/2', 5.34, 'aprovado', 13);
INSERT INTO Historico_Aluno (id_aluno, id_disciplina, semestre, nota, situacao, id_professor) VALUES (50, 10, '2023/1', 3.9, 'reprovado', 8);
INSERT INTO Historico_Aluno (id_aluno, id_disciplina, semestre, nota, situacao, id_professor) VALUES (50, 29, '2023/1', 3.06, 'reprovado', 12);
INSERT INTO Historico_Aluno (id_aluno, id_disciplina, semestre, nota, situacao, id_professor) VALUES (50, 15, '2023/1', 7.83, 'aprovado', 15);
INSERT INTO Historico_Aluno (id_aluno, id_disciplina, semestre, nota, situacao, id_professor) VALUES (50, 3, '2023/1', 5.86, 'aprovado', 4);
INSERT INTO Historico_Aluno (id_aluno, id_disciplina, semestre, nota, situacao, id_professor) VALUES (50, 30, '2023/1', 9.09, 'aprovado', 1);
INSERT INTO Historico_Aluno (id_aluno, id_disciplina, semestre, nota, situacao, id_professor) VALUES (50, 24, '2023/1', 5.74, 'aprovado', 7);
INSERT INTO Historico_Aluno (id_aluno, id_disciplina, semestre, nota, situacao, id_professor) VALUES (50, 20, '2023/1', 3.84, 'reprovado', 17);
INSERT INTO Historico_Aluno (id_aluno, id_disciplina, semestre, nota, situacao, id_professor) VALUES (50, 19, '2023/1', 1.71, 'reprovado', 12);
INSERT INTO Historico_Aluno (id_aluno, id_disciplina, semestre, nota, situacao, id_professor) VALUES (50, 22, '2023/1', 0.58, 'reprovado', 7);
INSERT INTO Historico_Aluno (id_aluno, id_disciplina, semestre, nota, situacao, id_professor) VALUES (50, 7, '2023/2', 9.94, 'aprovado', 1);
INSERT INTO Historico_Aluno (id_aluno, id_disciplina, semestre, nota, situacao, id_professor) VALUES (50, 19, '2023/2', 4.43, 'reprovado', 7);
INSERT INTO Historico_Aluno (id_aluno, id_disciplina, semestre, nota, situacao, id_professor) VALUES (50, 11, '2023/2', 2.82, 'reprovado', 7);
INSERT INTO Historico_Aluno (id_aluno, id_disciplina, semestre, nota, situacao, id_professor) VALUES (50, 2, '2023/2', 3.95, 'reprovado', 1);
INSERT INTO Historico_Aluno (id_aluno, id_disciplina, semestre, nota, situacao, id_professor) VALUES (50, 27, '2023/2', 7.24, 'aprovado', 14);
INSERT INTO Historico_Aluno (id_aluno, id_disciplina, semestre, nota, situacao, id_professor) VALUES (51, 25, '2024/1', 7.95, 'aprovado', 5);
INSERT INTO Historico_Aluno (id_aluno, id_disciplina, semestre, nota, situacao, id_professor) VALUES (51, 4, '2024/1', 6.97, 'aprovado', 6);
INSERT INTO Historico_Aluno (id_aluno, id_disciplina, semestre, nota, situacao, id_professor) VALUES (51, 10, '2024/1', 8.41, 'aprovado', 16);
INSERT INTO Historico_Aluno (id_aluno, id_disciplina, semestre, nota, situacao, id_professor) VALUES (51, 21, '2024/1', 6.72, 'aprovado', 4);
INSERT INTO Historico_Aluno (id_aluno, id_disciplina, semestre, nota, situacao, id_professor) VALUES (51, 20, '2024/1', 9.24, 'aprovado', 4);
INSERT INTO Historico_Aluno (id_aluno, id_disciplina, semestre, nota, situacao, id_professor) VALUES (51, 12, '2022/1', 5.97, 'aprovado', 3);
INSERT INTO Historico_Aluno (id_aluno, id_disciplina, semestre, nota, situacao, id_professor) VALUES (51, 5, '2022/1', 9.29, 'aprovado', 12);
INSERT INTO Historico_Aluno (id_aluno, id_disciplina, semestre, nota, situacao, id_professor) VALUES (51, 30, '2022/1', 3.38, 'reprovado', 15);
INSERT INTO Historico_Aluno (id_aluno, id_disciplina, semestre, nota, situacao, id_professor) VALUES (51, 23, '2022/1', 3.42, 'reprovado', 6);
INSERT INTO Historico_Aluno (id_aluno, id_disciplina, semestre, nota, situacao, id_professor) VALUES (52, 8, '2025/2', 4.92, 'reprovado', 1);
INSERT INTO Historico_Aluno (id_aluno, id_disciplina, semestre, nota, situacao, id_professor) VALUES (52, 1, '2025/2', 7.35, 'aprovado', 17);
INSERT INTO Historico_Aluno (id_aluno, id_disciplina, semestre, nota, situacao, id_professor) VALUES (52, 23, '2025/2', 6.01, 'aprovado', 5);
INSERT INTO Historico_Aluno (id_aluno, id_disciplina, semestre, nota, situacao, id_professor) VALUES (52, 18, '2025/2', 0.6, 'reprovado', 1);
INSERT INTO Historico_Aluno (id_aluno, id_disciplina, semestre, nota, situacao, id_professor) VALUES (52, 30, '2025/1', 7.27, 'aprovado', 18);
INSERT INTO Historico_Aluno (id_aluno, id_disciplina, semestre, nota, situacao, id_professor) VALUES (52, 16, '2025/1', 6.76, 'aprovado', 12);
INSERT INTO Historico_Aluno (id_aluno, id_disciplina, semestre, nota, situacao, id_professor) VALUES (52, 26, '2025/1', 7.44, 'aprovado', 11);
INSERT INTO Historico_Aluno (id_aluno, id_disciplina, semestre, nota, situacao, id_professor) VALUES (52, 22, '2025/1', 0.83, 'reprovado', 19);
INSERT INTO Historico_Aluno (id_aluno, id_disciplina, semestre, nota, situacao, id_professor) VALUES (52, 21, '2022/1', 9.15, 'aprovado', 2);
INSERT INTO Historico_Aluno (id_aluno, id_disciplina, semestre, nota, situacao, id_professor) VALUES (52, 28, '2022/1', 1.59, 'reprovado', 13);
INSERT INTO Historico_Aluno (id_aluno, id_disciplina, semestre, nota, situacao, id_professor) VALUES (52, 7, '2022/1', 8.17, 'aprovado', 17);
INSERT INTO Historico_Aluno (id_aluno, id_disciplina, semestre, nota, situacao, id_professor) VALUES (52, 15, '2022/1', 4.12, 'reprovado', 7);
INSERT INTO Historico_Aluno (id_aluno, id_disciplina, semestre, nota, situacao, id_professor) VALUES (52, 5, '2022/1', 1.55, 'reprovado', 10);
INSERT INTO Historico_Aluno (id_aluno, id_disciplina, semestre, nota, situacao, id_professor) VALUES (52, 29, '2023/2', 8.16, 'aprovado', 5);
INSERT INTO Historico_Aluno (id_aluno, id_disciplina, semestre, nota, situacao, id_professor) VALUES (52, 28, '2023/2', 0.2, 'reprovado', 9);
INSERT INTO Historico_Aluno (id_aluno, id_disciplina, semestre, nota, situacao, id_professor) VALUES (52, 12, '2023/2', 7.3, 'aprovado', 4);
INSERT INTO Historico_Aluno (id_aluno, id_disciplina, semestre, nota, situacao, id_professor) VALUES (52, 3, '2023/2', 0.35, 'reprovado', 17);
INSERT INTO Historico_Aluno (id_aluno, id_disciplina, semestre, nota, situacao, id_professor) VALUES (52, 11, '2023/2', 2.35, 'reprovado', 8);
INSERT INTO Historico_Aluno (id_aluno, id_disciplina, semestre, nota, situacao, id_professor) VALUES (53, 16, '2024/2', 0.37, 'reprovado', 16);
INSERT INTO Historico_Aluno (id_aluno, id_disciplina, semestre, nota, situacao, id_professor) VALUES (53, 9, '2024/2', 2.88, 'reprovado', 10);
INSERT INTO Historico_Aluno (id_aluno, id_disciplina, semestre, nota, situacao, id_professor) VALUES (53, 10, '2024/2', 9.04, 'aprovado', 5);
INSERT INTO Historico_Aluno (id_aluno, id_disciplina, semestre, nota, situacao, id_professor) VALUES (53, 30, '2024/2', 4.84, 'reprovado', 3);
INSERT INTO Historico_Aluno (id_aluno, id_disciplina, semestre, nota, situacao, id_professor) VALUES (53, 13, '2023/1', 5.77, 'aprovado', 13);
INSERT INTO Historico_Aluno (id_aluno, id_disciplina, semestre, nota, situacao, id_professor) VALUES (53, 18, '2023/1', 8.76, 'aprovado', 17);
INSERT INTO Historico_Aluno (id_aluno, id_disciplina, semestre, nota, situacao, id_professor) VALUES (53, 5, '2023/1', 1.94, 'reprovado', 13);
INSERT INTO Historico_Aluno (id_aluno, id_disciplina, semestre, nota, situacao, id_professor) VALUES (53, 26, '2023/1', 7.55, 'aprovado', 15);
INSERT INTO Historico_Aluno (id_aluno, id_disciplina, semestre, nota, situacao, id_professor) VALUES (53, 19, '2023/1', 9.64, 'aprovado', 1);
INSERT INTO Historico_Aluno (id_aluno, id_disciplina, semestre, nota, situacao, id_professor) VALUES (54, 27, '2022/2', 4.27, 'reprovado', 19);
INSERT INTO Historico_Aluno (id_aluno, id_disciplina, semestre, nota, situacao, id_professor) VALUES (54, 10, '2022/2', 5.02, 'aprovado', 7);
INSERT INTO Historico_Aluno (id_aluno, id_disciplina, semestre, nota, situacao, id_professor) VALUES (54, 1, '2022/2', 9.24, 'aprovado', 7);
INSERT INTO Historico_Aluno (id_aluno, id_disciplina, semestre, nota, situacao, id_professor) VALUES (54, 25, '2022/2', 9.75, 'aprovado', 2);
INSERT INTO Historico_Aluno (id_aluno, id_disciplina, semestre, nota, situacao, id_professor) VALUES (54, 15, '2022/1', 3.5, 'reprovado', 18);
INSERT INTO Historico_Aluno (id_aluno, id_disciplina, semestre, nota, situacao, id_professor) VALUES (54, 14, '2022/1', 4.89, 'reprovado', 16);
INSERT INTO Historico_Aluno (id_aluno, id_disciplina, semestre, nota, situacao, id_professor) VALUES (54, 8, '2022/1', 6.43, 'aprovado', 12);
INSERT INTO Historico_Aluno (id_aluno, id_disciplina, semestre, nota, situacao, id_professor) VALUES (54, 20, '2022/1', 3.67, 'reprovado', 15);
INSERT INTO Historico_Aluno (id_aluno, id_disciplina, semestre, nota, situacao, id_professor) VALUES (54, 4, '2022/1', 9.17, 'aprovado', 19);
INSERT INTO Historico_Aluno (id_aluno, id_disciplina, semestre, nota, situacao, id_professor) VALUES (54, 5, '2025/2', 0.59, 'reprovado', 12);
INSERT INTO Historico_Aluno (id_aluno, id_disciplina, semestre, nota, situacao, id_professor) VALUES (54, 12, '2025/2', 4.73, 'reprovado', 19);
INSERT INTO Historico_Aluno (id_aluno, id_disciplina, semestre, nota, situacao, id_professor) VALUES (54, 11, '2025/2', 8.67, 'aprovado', 3);
INSERT INTO Historico_Aluno (id_aluno, id_disciplina, semestre, nota, situacao, id_professor) VALUES (54, 2, '2025/2', 7.83, 'aprovado', 20);
INSERT INTO Historico_Aluno (id_aluno, id_disciplina, semestre, nota, situacao, id_professor) VALUES (54, 16, '2025/1', 3.98, 'reprovado', 20);
INSERT INTO Historico_Aluno (id_aluno, id_disciplina, semestre, nota, situacao, id_professor) VALUES (54, 15, '2025/1', 8.18, 'aprovado', 5);
INSERT INTO Historico_Aluno (id_aluno, id_disciplina, semestre, nota, situacao, id_professor) VALUES (54, 5, '2025/1', 1.53, 'reprovado', 15);
INSERT INTO Historico_Aluno (id_aluno, id_disciplina, semestre, nota, situacao, id_professor) VALUES (54, 18, '2025/1', 1.94, 'reprovado', 1);
INSERT INTO Historico_Aluno (id_aluno, id_disciplina, semestre, nota, situacao, id_professor) VALUES (55, 13, '2023/2', 7.35, 'aprovado', 14);
INSERT INTO Historico_Aluno (id_aluno, id_disciplina, semestre, nota, situacao, id_professor) VALUES (55, 4, '2023/2', 5.76, 'aprovado', 4);
INSERT INTO Historico_Aluno (id_aluno, id_disciplina, semestre, nota, situacao, id_professor) VALUES (55, 28, '2023/2', 1.58, 'reprovado', 9);
INSERT INTO Historico_Aluno (id_aluno, id_disciplina, semestre, nota, situacao, id_professor) VALUES (55, 23, '2023/2', 5.65, 'aprovado', 9);
INSERT INTO Historico_Aluno (id_aluno, id_disciplina, semestre, nota, situacao, id_professor) VALUES (55, 7, '2023/2', 1.75, 'reprovado', 12);
INSERT INTO Historico_Aluno (id_aluno, id_disciplina, semestre, nota, situacao, id_professor) VALUES (55, 5, '2023/2', 4.48, 'reprovado', 1);
INSERT INTO Historico_Aluno (id_aluno, id_disciplina, semestre, nota, situacao, id_professor) VALUES (55, 5, '2025/2', 3.34, 'reprovado', 20);
INSERT INTO Historico_Aluno (id_aluno, id_disciplina, semestre, nota, situacao, id_professor) VALUES (55, 11, '2025/2', 8.49, 'aprovado', 4);
INSERT INTO Historico_Aluno (id_aluno, id_disciplina, semestre, nota, situacao, id_professor) VALUES (55, 19, '2025/2', 3.43, 'reprovado', 4);
INSERT INTO Historico_Aluno (id_aluno, id_disciplina, semestre, nota, situacao, id_professor) VALUES (55, 2, '2025/2', 3.11, 'reprovado', 4);
INSERT INTO Historico_Aluno (id_aluno, id_disciplina, semestre, nota, situacao, id_professor) VALUES (55, 26, '2025/2', 8.67, 'aprovado', 10);
INSERT INTO Historico_Aluno (id_aluno, id_disciplina, semestre, nota, situacao, id_professor) VALUES (55, 7, '2024/2', 5.07, 'aprovado', 17);
INSERT INTO Historico_Aluno (id_aluno, id_disciplina, semestre, nota, situacao, id_professor) VALUES (55, 6, '2024/2', 8.98, 'aprovado', 20);
INSERT INTO Historico_Aluno (id_aluno, id_disciplina, semestre, nota, situacao, id_professor) VALUES (55, 22, '2024/2', 4.21, 'reprovado', 11);
INSERT INTO Historico_Aluno (id_aluno, id_disciplina, semestre, nota, situacao, id_professor) VALUES (55, 29, '2024/2', 8.11, 'aprovado', 20);
INSERT INTO Historico_Aluno (id_aluno, id_disciplina, semestre, nota, situacao, id_professor) VALUES (55, 10, '2024/2', 4.85, 'reprovado', 1);
INSERT INTO Historico_Aluno (id_aluno, id_disciplina, semestre, nota, situacao, id_professor) VALUES (55, 18, '2025/2', 9.46, 'aprovado', 1);
INSERT INTO Historico_Aluno (id_aluno, id_disciplina, semestre, nota, situacao, id_professor) VALUES (55, 2, '2025/2', 0.13, 'reprovado', 17);
INSERT INTO Historico_Aluno (id_aluno, id_disciplina, semestre, nota, situacao, id_professor) VALUES (55, 20, '2025/2', 4.96, 'reprovado', 13);
INSERT INTO Historico_Aluno (id_aluno, id_disciplina, semestre, nota, situacao, id_professor) VALUES (55, 10, '2025/2', 3.37, 'reprovado', 13);
INSERT INTO Historico_Aluno (id_aluno, id_disciplina, semestre, nota, situacao, id_professor) VALUES (55, 22, '2025/2', 9.23, 'aprovado', 7);
INSERT INTO Historico_Aluno (id_aluno, id_disciplina, semestre, nota, situacao, id_professor) VALUES (55, 14, '2025/2', 8.18, 'aprovado', 19);
INSERT INTO Historico_Aluno (id_aluno, id_disciplina, semestre, nota, situacao, id_professor) VALUES (56, 4, '2024/1', 9.14, 'aprovado', 10);
INSERT INTO Historico_Aluno (id_aluno, id_disciplina, semestre, nota, situacao, id_professor) VALUES (56, 8, '2024/1', 2.07, 'reprovado', 17);
INSERT INTO Historico_Aluno (id_aluno, id_disciplina, semestre, nota, situacao, id_professor) VALUES (56, 12, '2024/1', 7.19, 'aprovado', 5);
INSERT INTO Historico_Aluno (id_aluno, id_disciplina, semestre, nota, situacao, id_professor) VALUES (56, 6, '2024/1', 8.7, 'aprovado', 2);
INSERT INTO Historico_Aluno (id_aluno, id_disciplina, semestre, nota, situacao, id_professor) VALUES (56, 14, '2022/1', 7.83, 'aprovado', 18);
INSERT INTO Historico_Aluno (id_aluno, id_disciplina, semestre, nota, situacao, id_professor) VALUES (56, 27, '2022/1', 5.69, 'aprovado', 16);
INSERT INTO Historico_Aluno (id_aluno, id_disciplina, semestre, nota, situacao, id_professor) VALUES (56, 21, '2022/1', 2.17, 'reprovado', 1);
INSERT INTO Historico_Aluno (id_aluno, id_disciplina, semestre, nota, situacao, id_professor) VALUES (56, 26, '2022/1', 0.78, 'reprovado', 12);
INSERT INTO Historico_Aluno (id_aluno, id_disciplina, semestre, nota, situacao, id_professor) VALUES (56, 16, '2022/1', 9.7, 'aprovado', 19);
INSERT INTO Historico_Aluno (id_aluno, id_disciplina, semestre, nota, situacao, id_professor) VALUES (57, 14, '2025/1', 3.56, 'reprovado', 12);
INSERT INTO Historico_Aluno (id_aluno, id_disciplina, semestre, nota, situacao, id_professor) VALUES (57, 13, '2025/1', 3.54, 'reprovado', 10);
INSERT INTO Historico_Aluno (id_aluno, id_disciplina, semestre, nota, situacao, id_professor) VALUES (57, 5, '2025/1', 8.63, 'aprovado', 20);
INSERT INTO Historico_Aluno (id_aluno, id_disciplina, semestre, nota, situacao, id_professor) VALUES (57, 19, '2025/1', 8.89, 'aprovado', 4);
INSERT INTO Historico_Aluno (id_aluno, id_disciplina, semestre, nota, situacao, id_professor) VALUES (57, 2, '2025/1', 4.45, 'reprovado', 20);
INSERT INTO Historico_Aluno (id_aluno, id_disciplina, semestre, nota, situacao, id_professor) VALUES (57, 12, '2023/2', 1.27, 'reprovado', 4);
INSERT INTO Historico_Aluno (id_aluno, id_disciplina, semestre, nota, situacao, id_professor) VALUES (57, 9, '2023/2', 1.41, 'reprovado', 17);
INSERT INTO Historico_Aluno (id_aluno, id_disciplina, semestre, nota, situacao, id_professor) VALUES (57, 6, '2023/2', 5.0, 'aprovado', 13);
INSERT INTO Historico_Aluno (id_aluno, id_disciplina, semestre, nota, situacao, id_professor) VALUES (57, 30, '2023/2', 2.99, 'reprovado', 9);
INSERT INTO Historico_Aluno (id_aluno, id_disciplina, semestre, nota, situacao, id_professor) VALUES (58, 23, '2025/1', 4.77, 'reprovado', 3);
INSERT INTO Historico_Aluno (id_aluno, id_disciplina, semestre, nota, situacao, id_professor) VALUES (58, 26, '2025/1', 1.31, 'reprovado', 15);
INSERT INTO Historico_Aluno (id_aluno, id_disciplina, semestre, nota, situacao, id_professor) VALUES (58, 17, '2025/1', 5.59, 'aprovado', 3);
INSERT INTO Historico_Aluno (id_aluno, id_disciplina, semestre, nota, situacao, id_professor) VALUES (58, 18, '2025/1', 3.12, 'reprovado', 1);
INSERT INTO Historico_Aluno (id_aluno, id_disciplina, semestre, nota, situacao, id_professor) VALUES (58, 24, '2025/1', 0.6, 'reprovado', 8);
INSERT INTO Historico_Aluno (id_aluno, id_disciplina, semestre, nota, situacao, id_professor) VALUES (58, 3, '2025/1', 2.79, 'reprovado', 1);
INSERT INTO Historico_Aluno (id_aluno, id_disciplina, semestre, nota, situacao, id_professor) VALUES (58, 26, '2023/2', 4.3, 'reprovado', 9);
INSERT INTO Historico_Aluno (id_aluno, id_disciplina, semestre, nota, situacao, id_professor) VALUES (58, 1, '2023/2', 7.23, 'aprovado', 7);
INSERT INTO Historico_Aluno (id_aluno, id_disciplina, semestre, nota, situacao, id_professor) VALUES (58, 27, '2023/2', 8.95, 'aprovado', 17);
INSERT INTO Historico_Aluno (id_aluno, id_disciplina, semestre, nota, situacao, id_professor) VALUES (58, 23, '2023/2', 5.08, 'aprovado', 5);
INSERT INTO Historico_Aluno (id_aluno, id_disciplina, semestre, nota, situacao, id_professor) VALUES (59, 11, '2024/2', 6.16, 'aprovado', 6);
INSERT INTO Historico_Aluno (id_aluno, id_disciplina, semestre, nota, situacao, id_professor) VALUES (59, 16, '2024/2', 2.05, 'reprovado', 2);
INSERT INTO Historico_Aluno (id_aluno, id_disciplina, semestre, nota, situacao, id_professor) VALUES (59, 25, '2024/2', 6.06, 'aprovado', 20);
INSERT INTO Historico_Aluno (id_aluno, id_disciplina, semestre, nota, situacao, id_professor) VALUES (59, 29, '2024/2', 5.86, 'aprovado', 6);
INSERT INTO Historico_Aluno (id_aluno, id_disciplina, semestre, nota, situacao, id_professor) VALUES (59, 6, '2024/2', 8.77, 'aprovado', 13);
INSERT INTO Historico_Aluno (id_aluno, id_disciplina, semestre, nota, situacao, id_professor) VALUES (59, 10, '2024/2', 1.0, 'reprovado', 18);
INSERT INTO Historico_Aluno (id_aluno, id_disciplina, semestre, nota, situacao, id_professor) VALUES (59, 18, '2022/2', 6.56, 'aprovado', 16);
INSERT INTO Historico_Aluno (id_aluno, id_disciplina, semestre, nota, situacao, id_professor) VALUES (59, 23, '2022/2', 1.12, 'reprovado', 1);
INSERT INTO Historico_Aluno (id_aluno, id_disciplina, semestre, nota, situacao, id_professor) VALUES (59, 22, '2022/2', 9.08, 'aprovado', 18);
INSERT INTO Historico_Aluno (id_aluno, id_disciplina, semestre, nota, situacao, id_professor) VALUES (59, 5, '2022/2', 8.11, 'aprovado', 4);
INSERT INTO Historico_Aluno (id_aluno, id_disciplina, semestre, nota, situacao, id_professor) VALUES (59, 12, '2022/2', 4.48, 'reprovado', 16);
INSERT INTO Historico_Aluno (id_aluno, id_disciplina, semestre, nota, situacao, id_professor) VALUES (60, 1, '2023/1', 3.85, 'reprovado', 15);
INSERT INTO Historico_Aluno (id_aluno, id_disciplina, semestre, nota, situacao, id_professor) VALUES (60, 11, '2023/1', 9.45, 'aprovado', 13);
INSERT INTO Historico_Aluno (id_aluno, id_disciplina, semestre, nota, situacao, id_professor) VALUES (60, 20, '2023/1', 6.11, 'aprovado', 14);
INSERT INTO Historico_Aluno (id_aluno, id_disciplina, semestre, nota, situacao, id_professor) VALUES (60, 21, '2023/1', 8.28, 'aprovado', 20);
INSERT INTO Historico_Aluno (id_aluno, id_disciplina, semestre, nota, situacao, id_professor) VALUES (60, 23, '2023/1', 0.27, 'reprovado', 3);
INSERT INTO Historico_Aluno (id_aluno, id_disciplina, semestre, nota, situacao, id_professor) VALUES (60, 26, '2025/1', 2.04, 'reprovado', 8);
INSERT INTO Historico_Aluno (id_aluno, id_disciplina, semestre, nota, situacao, id_professor) VALUES (60, 6, '2025/1', 7.19, 'aprovado', 14);
INSERT INTO Historico_Aluno (id_aluno, id_disciplina, semestre, nota, situacao, id_professor) VALUES (60, 3, '2025/1', 5.02, 'aprovado', 19);
INSERT INTO Historico_Aluno (id_aluno, id_disciplina, semestre, nota, situacao, id_professor) VALUES (60, 14, '2025/1', 4.46, 'reprovado', 20);
INSERT INTO Historico_Aluno (id_aluno, id_disciplina, semestre, nota, situacao, id_professor) VALUES (60, 29, '2023/2', 8.09, 'aprovado', 11);
INSERT INTO Historico_Aluno (id_aluno, id_disciplina, semestre, nota, situacao, id_professor) VALUES (60, 23, '2023/2', 1.87, 'reprovado', 17);
INSERT INTO Historico_Aluno (id_aluno, id_disciplina, semestre, nota, situacao, id_professor) VALUES (60, 13, '2023/2', 3.37, 'reprovado', 17);
INSERT INTO Historico_Aluno (id_aluno, id_disciplina, semestre, nota, situacao, id_professor) VALUES (60, 8, '2023/2', 0.46, 'reprovado', 13);
INSERT INTO Historico_Aluno (id_aluno, id_disciplina, semestre, nota, situacao, id_professor) VALUES (60, 22, '2023/2', 3.03, 'reprovado', 5);
INSERT INTO Historico_Aluno (id_aluno, id_disciplina, semestre, nota, situacao, id_professor) VALUES (60, 18, '2023/2', 1.15, 'reprovado', 19);
INSERT INTO Historico_Aluno (id_aluno, id_disciplina, semestre, nota, situacao, id_professor) VALUES (60, 22, '2025/2', 8.83, 'aprovado', 6);
INSERT INTO Historico_Aluno (id_aluno, id_disciplina, semestre, nota, situacao, id_professor) VALUES (60, 9, '2025/2', 6.66, 'aprovado', 4);
INSERT INTO Historico_Aluno (id_aluno, id_disciplina, semestre, nota, situacao, id_professor) VALUES (60, 2, '2025/2', 3.39, 'reprovado', 16);
INSERT INTO Historico_Aluno (id_aluno, id_disciplina, semestre, nota, situacao, id_professor) VALUES (60, 13, '2025/2', 3.9, 'reprovado', 15);
INSERT INTO Historico_Aluno (id_aluno, id_disciplina, semestre, nota, situacao, id_professor) VALUES (60, 25, '2025/2', 3.98, 'reprovado', 18);
INSERT INTO Historico_Aluno (id_aluno, id_disciplina, semestre, nota, situacao, id_professor) VALUES (61, 6, '2025/2', 4.84, 'reprovado', 3);
INSERT INTO Historico_Aluno (id_aluno, id_disciplina, semestre, nota, situacao, id_professor) VALUES (61, 29, '2025/2', 5.65, 'aprovado', 6);
INSERT INTO Historico_Aluno (id_aluno, id_disciplina, semestre, nota, situacao, id_professor) VALUES (61, 30, '2025/2', 3.07, 'reprovado', 20);
INSERT INTO Historico_Aluno (id_aluno, id_disciplina, semestre, nota, situacao, id_professor) VALUES (61, 24, '2025/2', 9.28, 'aprovado', 15);
INSERT INTO Historico_Aluno (id_aluno, id_disciplina, semestre, nota, situacao, id_professor) VALUES (61, 23, '2022/1', 9.56, 'aprovado', 5);
INSERT INTO Historico_Aluno (id_aluno, id_disciplina, semestre, nota, situacao, id_professor) VALUES (61, 28, '2022/1', 3.3, 'reprovado', 10);
INSERT INTO Historico_Aluno (id_aluno, id_disciplina, semestre, nota, situacao, id_professor) VALUES (61, 22, '2022/1', 7.05, 'aprovado', 3);
INSERT INTO Historico_Aluno (id_aluno, id_disciplina, semestre, nota, situacao, id_professor) VALUES (61, 7, '2022/1', 2.72, 'reprovado', 9);
INSERT INTO Historico_Aluno (id_aluno, id_disciplina, semestre, nota, situacao, id_professor) VALUES (61, 17, '2025/1', 5.55, 'aprovado', 7);
INSERT INTO Historico_Aluno (id_aluno, id_disciplina, semestre, nota, situacao, id_professor) VALUES (61, 19, '2025/1', 1.37, 'reprovado', 7);
INSERT INTO Historico_Aluno (id_aluno, id_disciplina, semestre, nota, situacao, id_professor) VALUES (61, 26, '2025/1', 8.72, 'aprovado', 6);
INSERT INTO Historico_Aluno (id_aluno, id_disciplina, semestre, nota, situacao, id_professor) VALUES (61, 25, '2025/1', 8.13, 'aprovado', 19);
INSERT INTO Historico_Aluno (id_aluno, id_disciplina, semestre, nota, situacao, id_professor) VALUES (62, 5, '2023/2', 7.04, 'aprovado', 17);
INSERT INTO Historico_Aluno (id_aluno, id_disciplina, semestre, nota, situacao, id_professor) VALUES (62, 26, '2023/2', 5.6, 'aprovado', 4);
INSERT INTO Historico_Aluno (id_aluno, id_disciplina, semestre, nota, situacao, id_professor) VALUES (62, 22, '2023/2', 9.57, 'aprovado', 17);
INSERT INTO Historico_Aluno (id_aluno, id_disciplina, semestre, nota, situacao, id_professor) VALUES (62, 13, '2023/2', 3.46, 'reprovado', 2);
INSERT INTO Historico_Aluno (id_aluno, id_disciplina, semestre, nota, situacao, id_professor) VALUES (62, 6, '2023/2', 3.42, 'reprovado', 12);
INSERT INTO Historico_Aluno (id_aluno, id_disciplina, semestre, nota, situacao, id_professor) VALUES (62, 18, '2023/2', 2.41, 'reprovado', 16);
INSERT INTO Historico_Aluno (id_aluno, id_disciplina, semestre, nota, situacao, id_professor) VALUES (62, 8, '2022/2', 3.16, 'reprovado', 15);
INSERT INTO Historico_Aluno (id_aluno, id_disciplina, semestre, nota, situacao, id_professor) VALUES (62, 6, '2022/2', 2.88, 'reprovado', 14);
INSERT INTO Historico_Aluno (id_aluno, id_disciplina, semestre, nota, situacao, id_professor) VALUES (62, 21, '2022/2', 3.69, 'reprovado', 1);
INSERT INTO Historico_Aluno (id_aluno, id_disciplina, semestre, nota, situacao, id_professor) VALUES (62, 10, '2022/2', 9.49, 'aprovado', 1);
INSERT INTO Historico_Aluno (id_aluno, id_disciplina, semestre, nota, situacao, id_professor) VALUES (63, 14, '2025/2', 6.16, 'aprovado', 15);
INSERT INTO Historico_Aluno (id_aluno, id_disciplina, semestre, nota, situacao, id_professor) VALUES (63, 11, '2025/2', 0.45, 'reprovado', 18);
INSERT INTO Historico_Aluno (id_aluno, id_disciplina, semestre, nota, situacao, id_professor) VALUES (63, 7, '2025/2', 6.32, 'aprovado', 6);
INSERT INTO Historico_Aluno (id_aluno, id_disciplina, semestre, nota, situacao, id_professor) VALUES (63, 17, '2025/2', 7.4, 'aprovado', 12);
INSERT INTO Historico_Aluno (id_aluno, id_disciplina, semestre, nota, situacao, id_professor) VALUES (63, 6, '2025/2', 9.92, 'aprovado', 17);
INSERT INTO Historico_Aluno (id_aluno, id_disciplina, semestre, nota, situacao, id_professor) VALUES (63, 15, '2025/1', 0.53, 'reprovado', 6);
INSERT INTO Historico_Aluno (id_aluno, id_disciplina, semestre, nota, situacao, id_professor) VALUES (63, 16, '2025/1', 9.58, 'aprovado', 10);
INSERT INTO Historico_Aluno (id_aluno, id_disciplina, semestre, nota, situacao, id_professor) VALUES (63, 22, '2025/1', 2.08, 'reprovado', 5);
INSERT INTO Historico_Aluno (id_aluno, id_disciplina, semestre, nota, situacao, id_professor) VALUES (63, 21, '2025/1', 2.09, 'reprovado', 3);
INSERT INTO Historico_Aluno (id_aluno, id_disciplina, semestre, nota, situacao, id_professor) VALUES (63, 10, '2025/1', 2.21, 'reprovado', 18);
INSERT INTO Historico_Aluno (id_aluno, id_disciplina, semestre, nota, situacao, id_professor) VALUES (64, 1, '2023/2', 2.91, 'reprovado', 10);
INSERT INTO Historico_Aluno (id_aluno, id_disciplina, semestre, nota, situacao, id_professor) VALUES (64, 30, '2023/2', 8.82, 'aprovado', 2);
INSERT INTO Historico_Aluno (id_aluno, id_disciplina, semestre, nota, situacao, id_professor) VALUES (64, 21, '2023/2', 7.87, 'aprovado', 7);
INSERT INTO Historico_Aluno (id_aluno, id_disciplina, semestre, nota, situacao, id_professor) VALUES (64, 22, '2023/2', 7.34, 'aprovado', 13);
INSERT INTO Historico_Aluno (id_aluno, id_disciplina, semestre, nota, situacao, id_professor) VALUES (64, 29, '2024/2', 4.17, 'reprovado', 8);
INSERT INTO Historico_Aluno (id_aluno, id_disciplina, semestre, nota, situacao, id_professor) VALUES (64, 3, '2024/2', 0.97, 'reprovado', 18);
INSERT INTO Historico_Aluno (id_aluno, id_disciplina, semestre, nota, situacao, id_professor) VALUES (64, 19, '2024/2', 6.82, 'aprovado', 9);
INSERT INTO Historico_Aluno (id_aluno, id_disciplina, semestre, nota, situacao, id_professor) VALUES (64, 7, '2024/2', 0.14, 'reprovado', 2);
INSERT INTO Historico_Aluno (id_aluno, id_disciplina, semestre, nota, situacao, id_professor) VALUES (64, 28, '2024/2', 5.91, 'aprovado', 11);
INSERT INTO Historico_Aluno (id_aluno, id_disciplina, semestre, nota, situacao, id_professor) VALUES (64, 25, '2024/1', 1.38, 'reprovado', 16);
INSERT INTO Historico_Aluno (id_aluno, id_disciplina, semestre, nota, situacao, id_professor) VALUES (64, 4, '2024/1', 3.65, 'reprovado', 7);
INSERT INTO Historico_Aluno (id_aluno, id_disciplina, semestre, nota, situacao, id_professor) VALUES (64, 24, '2024/1', 3.21, 'reprovado', 7);
INSERT INTO Historico_Aluno (id_aluno, id_disciplina, semestre, nota, situacao, id_professor) VALUES (64, 16, '2024/1', 0.27, 'reprovado', 7);
INSERT INTO Historico_Aluno (id_aluno, id_disciplina, semestre, nota, situacao, id_professor) VALUES (64, 25, '2024/2', 2.68, 'reprovado', 16);
INSERT INTO Historico_Aluno (id_aluno, id_disciplina, semestre, nota, situacao, id_professor) VALUES (64, 20, '2024/2', 4.49, 'reprovado', 13);
INSERT INTO Historico_Aluno (id_aluno, id_disciplina, semestre, nota, situacao, id_professor) VALUES (64, 4, '2024/2', 2.97, 'reprovado', 9);
INSERT INTO Historico_Aluno (id_aluno, id_disciplina, semestre, nota, situacao, id_professor) VALUES (64, 11, '2024/2', 6.06, 'aprovado', 1);
INSERT INTO Historico_Aluno (id_aluno, id_disciplina, semestre, nota, situacao, id_professor) VALUES (65, 11, '2023/2', 4.38, 'reprovado', 18);
INSERT INTO Historico_Aluno (id_aluno, id_disciplina, semestre, nota, situacao, id_professor) VALUES (65, 27, '2023/2', 3.86, 'reprovado', 11);
INSERT INTO Historico_Aluno (id_aluno, id_disciplina, semestre, nota, situacao, id_professor) VALUES (65, 15, '2023/2', 5.56, 'aprovado', 8);
INSERT INTO Historico_Aluno (id_aluno, id_disciplina, semestre, nota, situacao, id_professor) VALUES (65, 25, '2023/2', 6.49, 'aprovado', 4);
INSERT INTO Historico_Aluno (id_aluno, id_disciplina, semestre, nota, situacao, id_professor) VALUES (65, 24, '2023/2', 4.37, 'reprovado', 11);
INSERT INTO Historico_Aluno (id_aluno, id_disciplina, semestre, nota, situacao, id_professor) VALUES (65, 30, '2025/1', 0.65, 'reprovado', 6);
INSERT INTO Historico_Aluno (id_aluno, id_disciplina, semestre, nota, situacao, id_professor) VALUES (65, 2, '2025/1', 3.87, 'reprovado', 4);
INSERT INTO Historico_Aluno (id_aluno, id_disciplina, semestre, nota, situacao, id_professor) VALUES (65, 16, '2025/1', 6.24, 'aprovado', 7);
INSERT INTO Historico_Aluno (id_aluno, id_disciplina, semestre, nota, situacao, id_professor) VALUES (65, 8, '2025/1', 5.64, 'aprovado', 8);
INSERT INTO Historico_Aluno (id_aluno, id_disciplina, semestre, nota, situacao, id_professor) VALUES (65, 14, '2025/1', 4.72, 'reprovado', 7);
INSERT INTO Historico_Aluno (id_aluno, id_disciplina, semestre, nota, situacao, id_professor) VALUES (65, 13, '2023/1', 9.51, 'aprovado', 1);
INSERT INTO Historico_Aluno (id_aluno, id_disciplina, semestre, nota, situacao, id_professor) VALUES (65, 7, '2023/1', 7.52, 'aprovado', 8);
INSERT INTO Historico_Aluno (id_aluno, id_disciplina, semestre, nota, situacao, id_professor) VALUES (65, 18, '2023/1', 3.05, 'reprovado', 18);
INSERT INTO Historico_Aluno (id_aluno, id_disciplina, semestre, nota, situacao, id_professor) VALUES (65, 4, '2023/1', 6.67, 'aprovado', 5);
INSERT INTO Historico_Aluno (id_aluno, id_disciplina, semestre, nota, situacao, id_professor) VALUES (66, 6, '2022/1', 1.72, 'reprovado', 2);
INSERT INTO Historico_Aluno (id_aluno, id_disciplina, semestre, nota, situacao, id_professor) VALUES (66, 28, '2022/1', 9.58, 'aprovado', 12);
INSERT INTO Historico_Aluno (id_aluno, id_disciplina, semestre, nota, situacao, id_professor) VALUES (66, 27, '2022/1', 4.73, 'reprovado', 15);
INSERT INTO Historico_Aluno (id_aluno, id_disciplina, semestre, nota, situacao, id_professor) VALUES (66, 22, '2022/1', 7.88, 'aprovado', 5);
INSERT INTO Historico_Aluno (id_aluno, id_disciplina, semestre, nota, situacao, id_professor) VALUES (66, 20, '2023/2', 8.18, 'aprovado', 18);
INSERT INTO Historico_Aluno (id_aluno, id_disciplina, semestre, nota, situacao, id_professor) VALUES (66, 23, '2023/2', 4.87, 'reprovado', 6);
INSERT INTO Historico_Aluno (id_aluno, id_disciplina, semestre, nota, situacao, id_professor) VALUES (66, 15, '2023/2', 1.42, 'reprovado', 8);
INSERT INTO Historico_Aluno (id_aluno, id_disciplina, semestre, nota, situacao, id_professor) VALUES (66, 5, '2023/2', 5.75, 'aprovado', 4);
INSERT INTO Historico_Aluno (id_aluno, id_disciplina, semestre, nota, situacao, id_professor) VALUES (66, 13, '2023/2', 6.51, 'aprovado', 10);
INSERT INTO Historico_Aluno (id_aluno, id_disciplina, semestre, nota, situacao, id_professor) VALUES (66, 23, '2022/1', 2.48, 'reprovado', 18);
INSERT INTO Historico_Aluno (id_aluno, id_disciplina, semestre, nota, situacao, id_professor) VALUES (66, 10, '2022/1', 5.61, 'aprovado', 2);
INSERT INTO Historico_Aluno (id_aluno, id_disciplina, semestre, nota, situacao, id_professor) VALUES (66, 30, '2022/1', 6.03, 'aprovado', 4);
INSERT INTO Historico_Aluno (id_aluno, id_disciplina, semestre, nota, situacao, id_professor) VALUES (66, 24, '2022/1', 1.65, 'reprovado', 7);
INSERT INTO Historico_Aluno (id_aluno, id_disciplina, semestre, nota, situacao, id_professor) VALUES (66, 9, '2022/1', 7.8, 'aprovado', 10);
INSERT INTO Historico_Aluno (id_aluno, id_disciplina, semestre, nota, situacao, id_professor) VALUES (66, 25, '2022/1', 2.19, 'reprovado', 4);
INSERT INTO Historico_Aluno (id_aluno, id_disciplina, semestre, nota, situacao, id_professor) VALUES (66, 27, '2024/1', 6.64, 'aprovado', 12);
INSERT INTO Historico_Aluno (id_aluno, id_disciplina, semestre, nota, situacao, id_professor) VALUES (66, 26, '2024/1', 5.96, 'aprovado', 18);
INSERT INTO Historico_Aluno (id_aluno, id_disciplina, semestre, nota, situacao, id_professor) VALUES (66, 6, '2024/1', 6.84, 'aprovado', 5);
INSERT INTO Historico_Aluno (id_aluno, id_disciplina, semestre, nota, situacao, id_professor) VALUES (66, 17, '2024/1', 1.6, 'reprovado', 17);
INSERT INTO Historico_Aluno (id_aluno, id_disciplina, semestre, nota, situacao, id_professor) VALUES (67, 3, '2023/2', 0.83, 'reprovado', 2);
INSERT INTO Historico_Aluno (id_aluno, id_disciplina, semestre, nota, situacao, id_professor) VALUES (67, 20, '2023/2', 0.48, 'reprovado', 5);
INSERT INTO Historico_Aluno (id_aluno, id_disciplina, semestre, nota, situacao, id_professor) VALUES (67, 18, '2023/2', 4.79, 'reprovado', 14);
INSERT INTO Historico_Aluno (id_aluno, id_disciplina, semestre, nota, situacao, id_professor) VALUES (67, 1, '2023/2', 7.49, 'aprovado', 17);
INSERT INTO Historico_Aluno (id_aluno, id_disciplina, semestre, nota, situacao, id_professor) VALUES (67, 11, '2023/2', 7.12, 'aprovado', 13);
INSERT INTO Historico_Aluno (id_aluno, id_disciplina, semestre, nota, situacao, id_professor) VALUES (67, 17, '2022/1', 9.0, 'aprovado', 14);
INSERT INTO Historico_Aluno (id_aluno, id_disciplina, semestre, nota, situacao, id_professor) VALUES (67, 23, '2022/1', 7.21, 'aprovado', 8);
INSERT INTO Historico_Aluno (id_aluno, id_disciplina, semestre, nota, situacao, id_professor) VALUES (67, 22, '2022/1', 1.21, 'reprovado', 14);
INSERT INTO Historico_Aluno (id_aluno, id_disciplina, semestre, nota, situacao, id_professor) VALUES (67, 13, '2022/1', 0.76, 'reprovado', 11);
INSERT INTO Historico_Aluno (id_aluno, id_disciplina, semestre, nota, situacao, id_professor) VALUES (67, 27, '2022/1', 6.25, 'aprovado', 13);
INSERT INTO Historico_Aluno (id_aluno, id_disciplina, semestre, nota, situacao, id_professor) VALUES (68, 24, '2025/2', 7.1, 'aprovado', 10);
INSERT INTO Historico_Aluno (id_aluno, id_disciplina, semestre, nota, situacao, id_professor) VALUES (68, 20, '2025/2', 6.4, 'aprovado', 8);
INSERT INTO Historico_Aluno (id_aluno, id_disciplina, semestre, nota, situacao, id_professor) VALUES (68, 26, '2025/2', 6.74, 'aprovado', 17);
INSERT INTO Historico_Aluno (id_aluno, id_disciplina, semestre, nota, situacao, id_professor) VALUES (68, 1, '2025/2', 1.83, 'reprovado', 20);
INSERT INTO Historico_Aluno (id_aluno, id_disciplina, semestre, nota, situacao, id_professor) VALUES (68, 19, '2025/2', 1.38, 'reprovado', 18);
INSERT INTO Historico_Aluno (id_aluno, id_disciplina, semestre, nota, situacao, id_professor) VALUES (68, 30, '2023/1', 3.89, 'reprovado', 7);
INSERT INTO Historico_Aluno (id_aluno, id_disciplina, semestre, nota, situacao, id_professor) VALUES (68, 22, '2023/1', 2.87, 'reprovado', 15);
INSERT INTO Historico_Aluno (id_aluno, id_disciplina, semestre, nota, situacao, id_professor) VALUES (68, 2, '2023/1', 4.73, 'reprovado', 18);
INSERT INTO Historico_Aluno (id_aluno, id_disciplina, semestre, nota, situacao, id_professor) VALUES (68, 15, '2023/1', 4.8, 'reprovado', 15);
INSERT INTO Historico_Aluno (id_aluno, id_disciplina, semestre, nota, situacao, id_professor) VALUES (68, 22, '2024/2', 2.81, 'reprovado', 17);
INSERT INTO Historico_Aluno (id_aluno, id_disciplina, semestre, nota, situacao, id_professor) VALUES (68, 4, '2024/2', 2.3, 'reprovado', 13);
INSERT INTO Historico_Aluno (id_aluno, id_disciplina, semestre, nota, situacao, id_professor) VALUES (68, 13, '2024/2', 1.25, 'reprovado', 11);
INSERT INTO Historico_Aluno (id_aluno, id_disciplina, semestre, nota, situacao, id_professor) VALUES (68, 11, '2024/2', 2.22, 'reprovado', 14);
INSERT INTO Historico_Aluno (id_aluno, id_disciplina, semestre, nota, situacao, id_professor) VALUES (69, 12, '2024/2', 6.53, 'aprovado', 10);
INSERT INTO Historico_Aluno (id_aluno, id_disciplina, semestre, nota, situacao, id_professor) VALUES (69, 22, '2024/2', 1.82, 'reprovado', 4);
INSERT INTO Historico_Aluno (id_aluno, id_disciplina, semestre, nota, situacao, id_professor) VALUES (69, 11, '2024/2', 6.49, 'aprovado', 13);
INSERT INTO Historico_Aluno (id_aluno, id_disciplina, semestre, nota, situacao, id_professor) VALUES (69, 28, '2024/2', 2.04, 'reprovado', 10);
INSERT INTO Historico_Aluno (id_aluno, id_disciplina, semestre, nota, situacao, id_professor) VALUES (69, 22, '2022/1', 5.83, 'aprovado', 5);
INSERT INTO Historico_Aluno (id_aluno, id_disciplina, semestre, nota, situacao, id_professor) VALUES (69, 16, '2022/1', 9.06, 'aprovado', 18);
INSERT INTO Historico_Aluno (id_aluno, id_disciplina, semestre, nota, situacao, id_professor) VALUES (69, 7, '2022/1', 7.94, 'aprovado', 4);
INSERT INTO Historico_Aluno (id_aluno, id_disciplina, semestre, nota, situacao, id_professor) VALUES (69, 27, '2022/1', 9.66, 'aprovado', 6);
INSERT INTO Historico_Aluno (id_aluno, id_disciplina, semestre, nota, situacao, id_professor) VALUES (69, 29, '2022/1', 6.91, 'aprovado', 7);
INSERT INTO Historico_Aluno (id_aluno, id_disciplina, semestre, nota, situacao, id_professor) VALUES (69, 26, '2022/1', 7.73, 'aprovado', 16);
INSERT INTO Historico_Aluno (id_aluno, id_disciplina, semestre, nota, situacao, id_professor) VALUES (69, 18, '2024/1', 8.0, 'aprovado', 7);
INSERT INTO Historico_Aluno (id_aluno, id_disciplina, semestre, nota, situacao, id_professor) VALUES (69, 25, '2024/1', 4.16, 'reprovado', 5);
INSERT INTO Historico_Aluno (id_aluno, id_disciplina, semestre, nota, situacao, id_professor) VALUES (69, 17, '2024/1', 6.46, 'aprovado', 1);
INSERT INTO Historico_Aluno (id_aluno, id_disciplina, semestre, nota, situacao, id_professor) VALUES (69, 24, '2024/1', 2.7, 'reprovado', 15);
INSERT INTO Historico_Aluno (id_aluno, id_disciplina, semestre, nota, situacao, id_professor) VALUES (69, 13, '2025/2', 4.04, 'reprovado', 19);
INSERT INTO Historico_Aluno (id_aluno, id_disciplina, semestre, nota, situacao, id_professor) VALUES (69, 3, '2025/2', 6.49, 'aprovado', 11);
INSERT INTO Historico_Aluno (id_aluno, id_disciplina, semestre, nota, situacao, id_professor) VALUES (69, 5, '2025/2', 0.74, 'reprovado', 13);
INSERT INTO Historico_Aluno (id_aluno, id_disciplina, semestre, nota, situacao, id_professor) VALUES (69, 14, '2025/2', 1.73, 'reprovado', 5);
INSERT INTO Historico_Aluno (id_aluno, id_disciplina, semestre, nota, situacao, id_professor) VALUES (70, 3, '2024/2', 9.39, 'aprovado', 19);
INSERT INTO Historico_Aluno (id_aluno, id_disciplina, semestre, nota, situacao, id_professor) VALUES (70, 11, '2024/2', 8.79, 'aprovado', 4);
INSERT INTO Historico_Aluno (id_aluno, id_disciplina, semestre, nota, situacao, id_professor) VALUES (70, 13, '2024/2', 8.11, 'aprovado', 4);
INSERT INTO Historico_Aluno (id_aluno, id_disciplina, semestre, nota, situacao, id_professor) VALUES (70, 24, '2024/2', 3.19, 'reprovado', 17);
INSERT INTO Historico_Aluno (id_aluno, id_disciplina, semestre, nota, situacao, id_professor) VALUES (70, 23, '2024/2', 7.27, 'aprovado', 5);
INSERT INTO Historico_Aluno (id_aluno, id_disciplina, semestre, nota, situacao, id_professor) VALUES (70, 25, '2024/2', 5.86, 'aprovado', 8);
INSERT INTO Historico_Aluno (id_aluno, id_disciplina, semestre, nota, situacao, id_professor) VALUES (70, 9, '2024/2', 5.22, 'aprovado', 2);
INSERT INTO Historico_Aluno (id_aluno, id_disciplina, semestre, nota, situacao, id_professor) VALUES (70, 19, '2024/2', 3.23, 'reprovado', 1);
INSERT INTO Historico_Aluno (id_aluno, id_disciplina, semestre, nota, situacao, id_professor) VALUES (70, 27, '2024/2', 1.66, 'reprovado', 2);
INSERT INTO Historico_Aluno (id_aluno, id_disciplina, semestre, nota, situacao, id_professor) VALUES (70, 20, '2024/2', 1.46, 'reprovado', 16);
INSERT INTO Historico_Aluno (id_aluno, id_disciplina, semestre, nota, situacao, id_professor) VALUES (70, 17, '2022/1', 3.51, 'reprovado', 11);
INSERT INTO Historico_Aluno (id_aluno, id_disciplina, semestre, nota, situacao, id_professor) VALUES (70, 10, '2022/1', 2.4, 'reprovado', 19);
INSERT INTO Historico_Aluno (id_aluno, id_disciplina, semestre, nota, situacao, id_professor) VALUES (70, 19, '2022/1', 6.46, 'aprovado', 7);
INSERT INTO Historico_Aluno (id_aluno, id_disciplina, semestre, nota, situacao, id_professor) VALUES (70, 6, '2022/1', 1.32, 'reprovado', 7);
INSERT INTO Historico_Aluno (id_aluno, id_disciplina, semestre, nota, situacao, id_professor) VALUES (71, 13, '2025/2', 0.71, 'reprovado', 15);
INSERT INTO Historico_Aluno (id_aluno, id_disciplina, semestre, nota, situacao, id_professor) VALUES (71, 17, '2025/2', 6.43, 'aprovado', 14);
INSERT INTO Historico_Aluno (id_aluno, id_disciplina, semestre, nota, situacao, id_professor) VALUES (71, 16, '2025/2', 5.75, 'aprovado', 5);
INSERT INTO Historico_Aluno (id_aluno, id_disciplina, semestre, nota, situacao, id_professor) VALUES (71, 14, '2025/2', 2.44, 'reprovado', 20);
INSERT INTO Historico_Aluno (id_aluno, id_disciplina, semestre, nota, situacao, id_professor) VALUES (71, 4, '2024/1', 9.42, 'aprovado', 6);
INSERT INTO Historico_Aluno (id_aluno, id_disciplina, semestre, nota, situacao, id_professor) VALUES (71, 28, '2024/1', 5.89, 'aprovado', 7);
INSERT INTO Historico_Aluno (id_aluno, id_disciplina, semestre, nota, situacao, id_professor) VALUES (71, 12, '2024/1', 7.59, 'aprovado', 9);
INSERT INTO Historico_Aluno (id_aluno, id_disciplina, semestre, nota, situacao, id_professor) VALUES (71, 1, '2024/1', 7.7, 'aprovado', 7);
INSERT INTO Historico_Aluno (id_aluno, id_disciplina, semestre, nota, situacao, id_professor) VALUES (71, 20, '2024/1', 2.43, 'reprovado', 20);
INSERT INTO Historico_Aluno (id_aluno, id_disciplina, semestre, nota, situacao, id_professor) VALUES (71, 6, '2024/2', 1.55, 'reprovado', 1);
INSERT INTO Historico_Aluno (id_aluno, id_disciplina, semestre, nota, situacao, id_professor) VALUES (71, 19, '2024/2', 9.52, 'aprovado', 15);
INSERT INTO Historico_Aluno (id_aluno, id_disciplina, semestre, nota, situacao, id_professor) VALUES (71, 2, '2024/2', 4.59, 'reprovado', 11);
INSERT INTO Historico_Aluno (id_aluno, id_disciplina, semestre, nota, situacao, id_professor) VALUES (71, 10, '2024/2', 0.34, 'reprovado', 7);
INSERT INTO Historico_Aluno (id_aluno, id_disciplina, semestre, nota, situacao, id_professor) VALUES (72, 29, '2023/1', 2.84, 'reprovado', 16);
INSERT INTO Historico_Aluno (id_aluno, id_disciplina, semestre, nota, situacao, id_professor) VALUES (72, 23, '2023/1', 4.56, 'reprovado', 8);
INSERT INTO Historico_Aluno (id_aluno, id_disciplina, semestre, nota, situacao, id_professor) VALUES (72, 12, '2023/1', 9.23, 'aprovado', 2);
INSERT INTO Historico_Aluno (id_aluno, id_disciplina, semestre, nota, situacao, id_professor) VALUES (72, 25, '2023/1', 1.12, 'reprovado', 1);
INSERT INTO Historico_Aluno (id_aluno, id_disciplina, semestre, nota, situacao, id_professor) VALUES (72, 24, '2023/1', 8.48, 'aprovado', 4);
INSERT INTO Historico_Aluno (id_aluno, id_disciplina, semestre, nota, situacao, id_professor) VALUES (72, 27, '2023/1', 7.71, 'aprovado', 5);
INSERT INTO Historico_Aluno (id_aluno, id_disciplina, semestre, nota, situacao, id_professor) VALUES (72, 16, '2024/2', 8.94, 'aprovado', 16);
INSERT INTO Historico_Aluno (id_aluno, id_disciplina, semestre, nota, situacao, id_professor) VALUES (72, 10, '2024/2', 4.7, 'reprovado', 6);
INSERT INTO Historico_Aluno (id_aluno, id_disciplina, semestre, nota, situacao, id_professor) VALUES (72, 22, '2024/2', 3.82, 'reprovado', 9);
INSERT INTO Historico_Aluno (id_aluno, id_disciplina, semestre, nota, situacao, id_professor) VALUES (72, 21, '2024/2', 9.79, 'aprovado', 10);
INSERT INTO Historico_Aluno (id_aluno, id_disciplina, semestre, nota, situacao, id_professor) VALUES (72, 28, '2024/2', 3.13, 'reprovado', 13);
INSERT INTO Historico_Aluno (id_aluno, id_disciplina, semestre, nota, situacao, id_professor) VALUES (72, 5, '2024/2', 2.84, 'reprovado', 15);
INSERT INTO Historico_Aluno (id_aluno, id_disciplina, semestre, nota, situacao, id_professor) VALUES (73, 14, '2022/2', 1.34, 'reprovado', 17);
INSERT INTO Historico_Aluno (id_aluno, id_disciplina, semestre, nota, situacao, id_professor) VALUES (73, 13, '2022/2', 8.46, 'aprovado', 8);
INSERT INTO Historico_Aluno (id_aluno, id_disciplina, semestre, nota, situacao, id_professor) VALUES (73, 15, '2022/2', 3.95, 'reprovado', 20);
INSERT INTO Historico_Aluno (id_aluno, id_disciplina, semestre, nota, situacao, id_professor) VALUES (73, 23, '2022/2', 4.64, 'reprovado', 19);
INSERT INTO Historico_Aluno (id_aluno, id_disciplina, semestre, nota, situacao, id_professor) VALUES (73, 27, '2022/2', 6.75, 'aprovado', 3);
INSERT INTO Historico_Aluno (id_aluno, id_disciplina, semestre, nota, situacao, id_professor) VALUES (73, 15, '2025/2', 8.86, 'aprovado', 1);
INSERT INTO Historico_Aluno (id_aluno, id_disciplina, semestre, nota, situacao, id_professor) VALUES (73, 19, '2025/2', 1.19, 'reprovado', 3);
INSERT INTO Historico_Aluno (id_aluno, id_disciplina, semestre, nota, situacao, id_professor) VALUES (73, 18, '2025/2', 5.86, 'aprovado', 19);
INSERT INTO Historico_Aluno (id_aluno, id_disciplina, semestre, nota, situacao, id_professor) VALUES (73, 22, '2025/2', 5.15, 'aprovado', 17);
INSERT INTO Historico_Aluno (id_aluno, id_disciplina, semestre, nota, situacao, id_professor) VALUES (73, 24, '2025/2', 3.63, 'reprovado', 5);
INSERT INTO Historico_Aluno (id_aluno, id_disciplina, semestre, nota, situacao, id_professor) VALUES (74, 1, '2025/1', 6.88, 'aprovado', 2);
INSERT INTO Historico_Aluno (id_aluno, id_disciplina, semestre, nota, situacao, id_professor) VALUES (74, 6, '2025/1', 6.28, 'aprovado', 3);
INSERT INTO Historico_Aluno (id_aluno, id_disciplina, semestre, nota, situacao, id_professor) VALUES (74, 15, '2025/1', 1.41, 'reprovado', 19);
INSERT INTO Historico_Aluno (id_aluno, id_disciplina, semestre, nota, situacao, id_professor) VALUES (74, 4, '2025/1', 8.45, 'aprovado', 17);
INSERT INTO Historico_Aluno (id_aluno, id_disciplina, semestre, nota, situacao, id_professor) VALUES (74, 10, '2025/1', 0.19, 'reprovado', 19);
INSERT INTO Historico_Aluno (id_aluno, id_disciplina, semestre, nota, situacao, id_professor) VALUES (74, 2, '2024/1', 9.24, 'aprovado', 7);
INSERT INTO Historico_Aluno (id_aluno, id_disciplina, semestre, nota, situacao, id_professor) VALUES (74, 24, '2024/1', 7.39, 'aprovado', 8);
INSERT INTO Historico_Aluno (id_aluno, id_disciplina, semestre, nota, situacao, id_professor) VALUES (74, 13, '2024/1', 6.32, 'aprovado', 14);
INSERT INTO Historico_Aluno (id_aluno, id_disciplina, semestre, nota, situacao, id_professor) VALUES (74, 30, '2024/1', 2.8, 'reprovado', 18);
INSERT INTO Historico_Aluno (id_aluno, id_disciplina, semestre, nota, situacao, id_professor) VALUES (74, 26, '2024/1', 3.09, 'reprovado', 19);
INSERT INTO Historico_Aluno (id_aluno, id_disciplina, semestre, nota, situacao, id_professor) VALUES (74, 18, '2022/1', 9.15, 'aprovado', 14);
INSERT INTO Historico_Aluno (id_aluno, id_disciplina, semestre, nota, situacao, id_professor) VALUES (74, 14, '2022/1', 3.25, 'reprovado', 7);
INSERT INTO Historico_Aluno (id_aluno, id_disciplina, semestre, nota, situacao, id_professor) VALUES (74, 16, '2022/1', 0.19, 'reprovado', 10);
INSERT INTO Historico_Aluno (id_aluno, id_disciplina, semestre, nota, situacao, id_professor) VALUES (74, 15, '2022/1', 8.15, 'aprovado', 18);
INSERT INTO Historico_Aluno (id_aluno, id_disciplina, semestre, nota, situacao, id_professor) VALUES (75, 24, '2025/2', 2.96, 'reprovado', 16);
INSERT INTO Historico_Aluno (id_aluno, id_disciplina, semestre, nota, situacao, id_professor) VALUES (75, 12, '2025/2', 1.59, 'reprovado', 15);
INSERT INTO Historico_Aluno (id_aluno, id_disciplina, semestre, nota, situacao, id_professor) VALUES (75, 25, '2025/2', 4.51, 'reprovado', 1);
INSERT INTO Historico_Aluno (id_aluno, id_disciplina, semestre, nota, situacao, id_professor) VALUES (75, 21, '2025/2', 4.71, 'reprovado', 17);
INSERT INTO Historico_Aluno (id_aluno, id_disciplina, semestre, nota, situacao, id_professor) VALUES (75, 20, '2025/2', 3.56, 'reprovado', 12);
INSERT INTO Historico_Aluno (id_aluno, id_disciplina, semestre, nota, situacao, id_professor) VALUES (75, 10, '2025/2', 2.32, 'reprovado', 16);
INSERT INTO Historico_Aluno (id_aluno, id_disciplina, semestre, nota, situacao, id_professor) VALUES (75, 29, '2025/2', 9.8, 'aprovado', 11);
INSERT INTO Historico_Aluno (id_aluno, id_disciplina, semestre, nota, situacao, id_professor) VALUES (75, 8, '2025/2', 5.78, 'aprovado', 5);
INSERT INTO Historico_Aluno (id_aluno, id_disciplina, semestre, nota, situacao, id_professor) VALUES (75, 20, '2022/2', 0.58, 'reprovado', 11);
INSERT INTO Historico_Aluno (id_aluno, id_disciplina, semestre, nota, situacao, id_professor) VALUES (75, 3, '2022/2', 2.71, 'reprovado', 6);
INSERT INTO Historico_Aluno (id_aluno, id_disciplina, semestre, nota, situacao, id_professor) VALUES (75, 5, '2022/2', 7.38, 'aprovado', 13);
INSERT INTO Historico_Aluno (id_aluno, id_disciplina, semestre, nota, situacao, id_professor) VALUES (75, 21, '2022/2', 9.49, 'aprovado', 9);
INSERT INTO Historico_Aluno (id_aluno, id_disciplina, semestre, nota, situacao, id_professor) VALUES (75, 17, '2022/2', 7.25, 'aprovado', 17);
INSERT INTO Historico_Aluno (id_aluno, id_disciplina, semestre, nota, situacao, id_professor) VALUES (75, 30, '2022/2', 3.58, 'reprovado', 18);
INSERT INTO Historico_Aluno (id_aluno, id_disciplina, semestre, nota, situacao, id_professor) VALUES (75, 18, '2022/1', 2.73, 'reprovado', 6);
INSERT INTO Historico_Aluno (id_aluno, id_disciplina, semestre, nota, situacao, id_professor) VALUES (75, 30, '2022/1', 3.56, 'reprovado', 13);
INSERT INTO Historico_Aluno (id_aluno, id_disciplina, semestre, nota, situacao, id_professor) VALUES (75, 14, '2022/1', 1.97, 'reprovado', 5);
INSERT INTO Historico_Aluno (id_aluno, id_disciplina, semestre, nota, situacao, id_professor) VALUES (75, 23, '2022/1', 1.61, 'reprovado', 18);
INSERT INTO Historico_Aluno (id_aluno, id_disciplina, semestre, nota, situacao, id_professor) VALUES (76, 1, '2022/2', 1.4, 'reprovado', 16);
INSERT INTO Historico_Aluno (id_aluno, id_disciplina, semestre, nota, situacao, id_professor) VALUES (76, 7, '2022/2', 9.4, 'aprovado', 6);
INSERT INTO Historico_Aluno (id_aluno, id_disciplina, semestre, nota, situacao, id_professor) VALUES (76, 13, '2022/2', 5.76, 'aprovado', 1);
INSERT INTO Historico_Aluno (id_aluno, id_disciplina, semestre, nota, situacao, id_professor) VALUES (76, 2, '2022/2', 8.65, 'aprovado', 9);
INSERT INTO Historico_Aluno (id_aluno, id_disciplina, semestre, nota, situacao, id_professor) VALUES (76, 5, '2022/2', 1.8, 'reprovado', 19);
INSERT INTO Historico_Aluno (id_aluno, id_disciplina, semestre, nota, situacao, id_professor) VALUES (76, 23, '2025/1', 0.88, 'reprovado', 9);
INSERT INTO Historico_Aluno (id_aluno, id_disciplina, semestre, nota, situacao, id_professor) VALUES (76, 20, '2025/1', 1.96, 'reprovado', 18);
INSERT INTO Historico_Aluno (id_aluno, id_disciplina, semestre, nota, situacao, id_professor) VALUES (76, 25, '2025/1', 8.0, 'aprovado', 2);
INSERT INTO Historico_Aluno (id_aluno, id_disciplina, semestre, nota, situacao, id_professor) VALUES (76, 18, '2025/1', 9.86, 'aprovado', 13);
INSERT INTO Historico_Aluno (id_aluno, id_disciplina, semestre, nota, situacao, id_professor) VALUES (76, 29, '2025/1', 1.1, 'reprovado', 4);
INSERT INTO Historico_Aluno (id_aluno, id_disciplina, semestre, nota, situacao, id_professor) VALUES (77, 18, '2022/1', 0.58, 'reprovado', 12);
INSERT INTO Historico_Aluno (id_aluno, id_disciplina, semestre, nota, situacao, id_professor) VALUES (77, 27, '2022/1', 5.41, 'aprovado', 20);
INSERT INTO Historico_Aluno (id_aluno, id_disciplina, semestre, nota, situacao, id_professor) VALUES (77, 12, '2022/1', 2.02, 'reprovado', 17);
INSERT INTO Historico_Aluno (id_aluno, id_disciplina, semestre, nota, situacao, id_professor) VALUES (77, 6, '2022/1', 5.08, 'aprovado', 19);
INSERT INTO Historico_Aluno (id_aluno, id_disciplina, semestre, nota, situacao, id_professor) VALUES (77, 3, '2022/1', 5.84, 'aprovado', 8);
INSERT INTO Historico_Aluno (id_aluno, id_disciplina, semestre, nota, situacao, id_professor) VALUES (77, 20, '2022/1', 6.06, 'aprovado', 1);
INSERT INTO Historico_Aluno (id_aluno, id_disciplina, semestre, nota, situacao, id_professor) VALUES (77, 13, '2022/2', 5.54, 'aprovado', 13);
INSERT INTO Historico_Aluno (id_aluno, id_disciplina, semestre, nota, situacao, id_professor) VALUES (77, 30, '2022/2', 3.18, 'reprovado', 7);
INSERT INTO Historico_Aluno (id_aluno, id_disciplina, semestre, nota, situacao, id_professor) VALUES (77, 25, '2022/2', 4.07, 'reprovado', 1);
INSERT INTO Historico_Aluno (id_aluno, id_disciplina, semestre, nota, situacao, id_professor) VALUES (77, 21, '2022/2', 6.61, 'aprovado', 12);
INSERT INTO Historico_Aluno (id_aluno, id_disciplina, semestre, nota, situacao, id_professor) VALUES (77, 19, '2022/2', 9.22, 'aprovado', 4);
INSERT INTO Historico_Aluno (id_aluno, id_disciplina, semestre, nota, situacao, id_professor) VALUES (77, 29, '2022/2', 1.51, 'reprovado', 13);
INSERT INTO Historico_Aluno (id_aluno, id_disciplina, semestre, nota, situacao, id_professor) VALUES (77, 9, '2023/1', 9.35, 'aprovado', 3);
INSERT INTO Historico_Aluno (id_aluno, id_disciplina, semestre, nota, situacao, id_professor) VALUES (77, 8, '2023/1', 1.59, 'reprovado', 16);
INSERT INTO Historico_Aluno (id_aluno, id_disciplina, semestre, nota, situacao, id_professor) VALUES (77, 5, '2023/1', 4.66, 'reprovado', 4);
INSERT INTO Historico_Aluno (id_aluno, id_disciplina, semestre, nota, situacao, id_professor) VALUES (77, 26, '2023/1', 8.76, 'aprovado', 17);
INSERT INTO Historico_Aluno (id_aluno, id_disciplina, semestre, nota, situacao, id_professor) VALUES (77, 25, '2023/1', 9.55, 'aprovado', 8);
INSERT INTO Historico_Aluno (id_aluno, id_disciplina, semestre, nota, situacao, id_professor) VALUES (77, 18, '2023/2', 1.63, 'reprovado', 3);
INSERT INTO Historico_Aluno (id_aluno, id_disciplina, semestre, nota, situacao, id_professor) VALUES (77, 7, '2023/2', 8.24, 'aprovado', 1);
INSERT INTO Historico_Aluno (id_aluno, id_disciplina, semestre, nota, situacao, id_professor) VALUES (77, 5, '2023/2', 2.66, 'reprovado', 19);
INSERT INTO Historico_Aluno (id_aluno, id_disciplina, semestre, nota, situacao, id_professor) VALUES (77, 15, '2023/2', 3.57, 'reprovado', 3);
INSERT INTO Historico_Aluno (id_aluno, id_disciplina, semestre, nota, situacao, id_professor) VALUES (77, 22, '2023/2', 0.17, 'reprovado', 5);
INSERT INTO Historico_Aluno (id_aluno, id_disciplina, semestre, nota, situacao, id_professor) VALUES (78, 20, '2022/2', 0.24, 'reprovado', 14);
INSERT INTO Historico_Aluno (id_aluno, id_disciplina, semestre, nota, situacao, id_professor) VALUES (78, 23, '2022/2', 7.83, 'aprovado', 6);
INSERT INTO Historico_Aluno (id_aluno, id_disciplina, semestre, nota, situacao, id_professor) VALUES (78, 21, '2022/2', 3.0, 'reprovado', 7);
INSERT INTO Historico_Aluno (id_aluno, id_disciplina, semestre, nota, situacao, id_professor) VALUES (78, 30, '2022/2', 1.45, 'reprovado', 3);
INSERT INTO Historico_Aluno (id_aluno, id_disciplina, semestre, nota, situacao, id_professor) VALUES (78, 4, '2022/2', 0.91, 'reprovado', 3);
INSERT INTO Historico_Aluno (id_aluno, id_disciplina, semestre, nota, situacao, id_professor) VALUES (78, 28, '2023/1', 5.8, 'aprovado', 1);
INSERT INTO Historico_Aluno (id_aluno, id_disciplina, semestre, nota, situacao, id_professor) VALUES (78, 7, '2023/1', 4.91, 'reprovado', 5);
INSERT INTO Historico_Aluno (id_aluno, id_disciplina, semestre, nota, situacao, id_professor) VALUES (78, 21, '2023/1', 1.38, 'reprovado', 18);
INSERT INTO Historico_Aluno (id_aluno, id_disciplina, semestre, nota, situacao, id_professor) VALUES (78, 6, '2023/1', 3.89, 'reprovado', 9);
INSERT INTO Historico_Aluno (id_aluno, id_disciplina, semestre, nota, situacao, id_professor) VALUES (78, 20, '2023/1', 4.01, 'reprovado', 4);
INSERT INTO Historico_Aluno (id_aluno, id_disciplina, semestre, nota, situacao, id_professor) VALUES (78, 10, '2025/2', 9.21, 'aprovado', 10);
INSERT INTO Historico_Aluno (id_aluno, id_disciplina, semestre, nota, situacao, id_professor) VALUES (78, 24, '2025/2', 2.54, 'reprovado', 19);
INSERT INTO Historico_Aluno (id_aluno, id_disciplina, semestre, nota, situacao, id_professor) VALUES (78, 13, '2025/2', 9.75, 'aprovado', 4);
INSERT INTO Historico_Aluno (id_aluno, id_disciplina, semestre, nota, situacao, id_professor) VALUES (78, 7, '2025/2', 6.41, 'aprovado', 10);
INSERT INTO Historico_Aluno (id_aluno, id_disciplina, semestre, nota, situacao, id_professor) VALUES (78, 27, '2025/2', 4.85, 'reprovado', 13);
INSERT INTO Historico_Aluno (id_aluno, id_disciplina, semestre, nota, situacao, id_professor) VALUES (79, 13, '2023/2', 8.63, 'aprovado', 16);
INSERT INTO Historico_Aluno (id_aluno, id_disciplina, semestre, nota, situacao, id_professor) VALUES (79, 14, '2023/2', 5.38, 'aprovado', 8);
INSERT INTO Historico_Aluno (id_aluno, id_disciplina, semestre, nota, situacao, id_professor) VALUES (79, 20, '2023/2', 4.75, 'reprovado', 2);
INSERT INTO Historico_Aluno (id_aluno, id_disciplina, semestre, nota, situacao, id_professor) VALUES (79, 2, '2023/2', 8.87, 'aprovado', 5);
INSERT INTO Historico_Aluno (id_aluno, id_disciplina, semestre, nota, situacao, id_professor) VALUES (79, 20, '2024/2', 3.02, 'reprovado', 11);
INSERT INTO Historico_Aluno (id_aluno, id_disciplina, semestre, nota, situacao, id_professor) VALUES (79, 24, '2024/2', 2.05, 'reprovado', 1);
INSERT INTO Historico_Aluno (id_aluno, id_disciplina, semestre, nota, situacao, id_professor) VALUES (79, 27, '2024/2', 9.58, 'aprovado', 19);
INSERT INTO Historico_Aluno (id_aluno, id_disciplina, semestre, nota, situacao, id_professor) VALUES (79, 11, '2024/2', 4.3, 'reprovado', 9);
INSERT INTO Historico_Aluno (id_aluno, id_disciplina, semestre, nota, situacao, id_professor) VALUES (79, 19, '2023/1', 6.46, 'aprovado', 20);
INSERT INTO Historico_Aluno (id_aluno, id_disciplina, semestre, nota, situacao, id_professor) VALUES (79, 16, '2023/1', 8.23, 'aprovado', 19);
INSERT INTO Historico_Aluno (id_aluno, id_disciplina, semestre, nota, situacao, id_professor) VALUES (79, 21, '2023/1', 6.66, 'aprovado', 19);
INSERT INTO Historico_Aluno (id_aluno, id_disciplina, semestre, nota, situacao, id_professor) VALUES (79, 30, '2023/1', 2.63, 'reprovado', 20);
INSERT INTO Historico_Aluno (id_aluno, id_disciplina, semestre, nota, situacao, id_professor) VALUES (79, 9, '2023/1', 6.15, 'aprovado', 18);
INSERT INTO Historico_Aluno (id_aluno, id_disciplina, semestre, nota, situacao, id_professor) VALUES (79, 8, '2024/2', 6.31, 'aprovado', 18);
INSERT INTO Historico_Aluno (id_aluno, id_disciplina, semestre, nota, situacao, id_professor) VALUES (79, 3, '2024/2', 8.74, 'aprovado', 4);
INSERT INTO Historico_Aluno (id_aluno, id_disciplina, semestre, nota, situacao, id_professor) VALUES (79, 4, '2024/2', 3.96, 'reprovado', 16);
INSERT INTO Historico_Aluno (id_aluno, id_disciplina, semestre, nota, situacao, id_professor) VALUES (79, 12, '2024/2', 8.35, 'aprovado', 18);
INSERT INTO Historico_Aluno (id_aluno, id_disciplina, semestre, nota, situacao, id_professor) VALUES (79, 22, '2024/2', 5.39, 'aprovado', 6);
INSERT INTO Historico_Aluno (id_aluno, id_disciplina, semestre, nota, situacao, id_professor) VALUES (80, 14, '2023/2', 0.54, 'reprovado', 16);
INSERT INTO Historico_Aluno (id_aluno, id_disciplina, semestre, nota, situacao, id_professor) VALUES (80, 11, '2023/2', 9.44, 'aprovado', 19);
INSERT INTO Historico_Aluno (id_aluno, id_disciplina, semestre, nota, situacao, id_professor) VALUES (80, 12, '2023/2', 2.34, 'reprovado', 6);
INSERT INTO Historico_Aluno (id_aluno, id_disciplina, semestre, nota, situacao, id_professor) VALUES (80, 8, '2023/2', 4.7, 'reprovado', 11);
INSERT INTO Historico_Aluno (id_aluno, id_disciplina, semestre, nota, situacao, id_professor) VALUES (80, 25, '2023/2', 4.85, 'reprovado', 14);
INSERT INTO Historico_Aluno (id_aluno, id_disciplina, semestre, nota, situacao, id_professor) VALUES (80, 18, '2022/1', 2.07, 'reprovado', 14);
INSERT INTO Historico_Aluno (id_aluno, id_disciplina, semestre, nota, situacao, id_professor) VALUES (80, 10, '2022/1', 7.32, 'aprovado', 18);
INSERT INTO Historico_Aluno (id_aluno, id_disciplina, semestre, nota, situacao, id_professor) VALUES (80, 29, '2022/1', 1.62, 'reprovado', 14);
INSERT INTO Historico_Aluno (id_aluno, id_disciplina, semestre, nota, situacao, id_professor) VALUES (80, 4, '2022/1', 7.64, 'aprovado', 15);
INSERT INTO Historico_Aluno (id_aluno, id_disciplina, semestre, nota, situacao, id_professor) VALUES (80, 24, '2022/1', 7.03, 'aprovado', 19);
INSERT INTO Historico_Aluno (id_aluno, id_disciplina, semestre, nota, situacao, id_professor) VALUES (80, 16, '2024/2', 1.83, 'reprovado', 7);
INSERT INTO Historico_Aluno (id_aluno, id_disciplina, semestre, nota, situacao, id_professor) VALUES (80, 3, '2024/2', 9.15, 'aprovado', 8);
INSERT INTO Historico_Aluno (id_aluno, id_disciplina, semestre, nota, situacao, id_professor) VALUES (80, 2, '2024/2', 2.34, 'reprovado', 7);
INSERT INTO Historico_Aluno (id_aluno, id_disciplina, semestre, nota, situacao, id_professor) VALUES (80, 8, '2024/2', 2.12, 'reprovado', 4);
INSERT INTO Historico_Aluno (id_aluno, id_disciplina, semestre, nota, situacao, id_professor) VALUES (80, 28, '2024/2', 2.73, 'reprovado', 6);
INSERT INTO Historico_Aluno (id_aluno, id_disciplina, semestre, nota, situacao, id_professor) VALUES (80, 18, '2024/2', 0.76, 'reprovado', 20);
INSERT INTO Historico_Aluno (id_aluno, id_disciplina, semestre, nota, situacao, id_professor) VALUES (80, 30, '2024/2', 3.66, 'reprovado', 5);
INSERT INTO Historico_Aluno (id_aluno, id_disciplina, semestre, nota, situacao, id_professor) VALUES (80, 29, '2024/2', 8.84, 'aprovado', 11);
INSERT INTO Historico_Aluno (id_aluno, id_disciplina, semestre, nota, situacao, id_professor) VALUES (80, 6, '2024/2', 6.29, 'aprovado', 12);
INSERT INTO Historico_Aluno (id_aluno, id_disciplina, semestre, nota, situacao, id_professor) VALUES (80, 5, '2024/2', 0.83, 'reprovado', 7);
INSERT INTO Historico_Aluno (id_aluno, id_disciplina, semestre, nota, situacao, id_professor) VALUES (81, 21, '2025/2', 1.09, 'reprovado', 5);
INSERT INTO Historico_Aluno (id_aluno, id_disciplina, semestre, nota, situacao, id_professor) VALUES (81, 28, '2025/2', 2.23, 'reprovado', 8);
INSERT INTO Historico_Aluno (id_aluno, id_disciplina, semestre, nota, situacao, id_professor) VALUES (81, 5, '2025/2', 4.62, 'reprovado', 18);
INSERT INTO Historico_Aluno (id_aluno, id_disciplina, semestre, nota, situacao, id_professor) VALUES (81, 13, '2025/2', 5.68, 'aprovado', 15);
INSERT INTO Historico_Aluno (id_aluno, id_disciplina, semestre, nota, situacao, id_professor) VALUES (81, 7, '2025/2', 0.9, 'reprovado', 2);
INSERT INTO Historico_Aluno (id_aluno, id_disciplina, semestre, nota, situacao, id_professor) VALUES (81, 26, '2025/2', 9.84, 'aprovado', 6);
INSERT INTO Historico_Aluno (id_aluno, id_disciplina, semestre, nota, situacao, id_professor) VALUES (81, 17, '2022/1', 1.36, 'reprovado', 2);
INSERT INTO Historico_Aluno (id_aluno, id_disciplina, semestre, nota, situacao, id_professor) VALUES (81, 5, '2022/1', 6.89, 'aprovado', 20);
INSERT INTO Historico_Aluno (id_aluno, id_disciplina, semestre, nota, situacao, id_professor) VALUES (81, 4, '2022/1', 6.48, 'aprovado', 12);
INSERT INTO Historico_Aluno (id_aluno, id_disciplina, semestre, nota, situacao, id_professor) VALUES (81, 22, '2022/1', 5.18, 'aprovado', 10);
INSERT INTO Historico_Aluno (id_aluno, id_disciplina, semestre, nota, situacao, id_professor) VALUES (81, 30, '2022/1', 2.16, 'reprovado', 19);
INSERT INTO Historico_Aluno (id_aluno, id_disciplina, semestre, nota, situacao, id_professor) VALUES (81, 19, '2022/1', 3.02, 'reprovado', 14);
INSERT INTO Historico_Aluno (id_aluno, id_disciplina, semestre, nota, situacao, id_professor) VALUES (81, 14, '2022/1', 4.79, 'reprovado', 7);
INSERT INTO Historico_Aluno (id_aluno, id_disciplina, semestre, nota, situacao, id_professor) VALUES (81, 7, '2022/1', 6.12, 'aprovado', 13);
INSERT INTO Historico_Aluno (id_aluno, id_disciplina, semestre, nota, situacao, id_professor) VALUES (82, 22, '2023/1', 2.87, 'reprovado', 1);
INSERT INTO Historico_Aluno (id_aluno, id_disciplina, semestre, nota, situacao, id_professor) VALUES (82, 9, '2023/1', 6.21, 'aprovado', 7);
INSERT INTO Historico_Aluno (id_aluno, id_disciplina, semestre, nota, situacao, id_professor) VALUES (82, 13, '2023/1', 5.72, 'aprovado', 19);
INSERT INTO Historico_Aluno (id_aluno, id_disciplina, semestre, nota, situacao, id_professor) VALUES (82, 27, '2023/1', 9.84, 'aprovado', 1);
INSERT INTO Historico_Aluno (id_aluno, id_disciplina, semestre, nota, situacao, id_professor) VALUES (82, 2, '2023/1', 3.47, 'reprovado', 12);
INSERT INTO Historico_Aluno (id_aluno, id_disciplina, semestre, nota, situacao, id_professor) VALUES (82, 12, '2024/2', 6.52, 'aprovado', 3);
INSERT INTO Historico_Aluno (id_aluno, id_disciplina, semestre, nota, situacao, id_professor) VALUES (82, 1, '2024/2', 9.47, 'aprovado', 1);
INSERT INTO Historico_Aluno (id_aluno, id_disciplina, semestre, nota, situacao, id_professor) VALUES (82, 23, '2024/2', 7.56, 'aprovado', 2);
INSERT INTO Historico_Aluno (id_aluno, id_disciplina, semestre, nota, situacao, id_professor) VALUES (82, 19, '2024/2', 7.43, 'aprovado', 1);
INSERT INTO Historico_Aluno (id_aluno, id_disciplina, semestre, nota, situacao, id_professor) VALUES (82, 21, '2024/2', 0.28, 'reprovado', 4);
INSERT INTO Historico_Aluno (id_aluno, id_disciplina, semestre, nota, situacao, id_professor) VALUES (82, 8, '2022/1', 4.03, 'reprovado', 7);
INSERT INTO Historico_Aluno (id_aluno, id_disciplina, semestre, nota, situacao, id_professor) VALUES (82, 16, '2022/1', 5.35, 'aprovado', 20);
INSERT INTO Historico_Aluno (id_aluno, id_disciplina, semestre, nota, situacao, id_professor) VALUES (82, 24, '2022/1', 1.14, 'reprovado', 12);
INSERT INTO Historico_Aluno (id_aluno, id_disciplina, semestre, nota, situacao, id_professor) VALUES (82, 7, '2022/1', 9.14, 'aprovado', 17);
INSERT INTO Historico_Aluno (id_aluno, id_disciplina, semestre, nota, situacao, id_professor) VALUES (82, 11, '2022/1', 1.91, 'reprovado', 1);
INSERT INTO Historico_Aluno (id_aluno, id_disciplina, semestre, nota, situacao, id_professor) VALUES (83, 16, '2025/1', 9.04, 'aprovado', 19);
INSERT INTO Historico_Aluno (id_aluno, id_disciplina, semestre, nota, situacao, id_professor) VALUES (83, 23, '2025/1', 3.52, 'reprovado', 16);
INSERT INTO Historico_Aluno (id_aluno, id_disciplina, semestre, nota, situacao, id_professor) VALUES (83, 18, '2025/1', 8.51, 'aprovado', 8);
INSERT INTO Historico_Aluno (id_aluno, id_disciplina, semestre, nota, situacao, id_professor) VALUES (83, 29, '2025/1', 5.43, 'aprovado', 1);
INSERT INTO Historico_Aluno (id_aluno, id_disciplina, semestre, nota, situacao, id_professor) VALUES (83, 1, '2025/1', 2.15, 'reprovado', 20);
INSERT INTO Historico_Aluno (id_aluno, id_disciplina, semestre, nota, situacao, id_professor) VALUES (83, 24, '2025/1', 3.45, 'reprovado', 9);
INSERT INTO Historico_Aluno (id_aluno, id_disciplina, semestre, nota, situacao, id_professor) VALUES (83, 4, '2024/1', 5.02, 'aprovado', 1);
INSERT INTO Historico_Aluno (id_aluno, id_disciplina, semestre, nota, situacao, id_professor) VALUES (83, 24, '2024/1', 1.62, 'reprovado', 17);
INSERT INTO Historico_Aluno (id_aluno, id_disciplina, semestre, nota, situacao, id_professor) VALUES (83, 5, '2024/1', 7.44, 'aprovado', 7);
INSERT INTO Historico_Aluno (id_aluno, id_disciplina, semestre, nota, situacao, id_professor) VALUES (83, 2, '2024/1', 7.94, 'aprovado', 16);
INSERT INTO Historico_Aluno (id_aluno, id_disciplina, semestre, nota, situacao, id_professor) VALUES (84, 8, '2023/2', 3.05, 'reprovado', 15);
INSERT INTO Historico_Aluno (id_aluno, id_disciplina, semestre, nota, situacao, id_professor) VALUES (84, 18, '2023/2', 9.74, 'aprovado', 2);
INSERT INTO Historico_Aluno (id_aluno, id_disciplina, semestre, nota, situacao, id_professor) VALUES (84, 30, '2023/2', 9.2, 'aprovado', 12);
INSERT INTO Historico_Aluno (id_aluno, id_disciplina, semestre, nota, situacao, id_professor) VALUES (84, 6, '2023/2', 2.95, 'reprovado', 4);
INSERT INTO Historico_Aluno (id_aluno, id_disciplina, semestre, nota, situacao, id_professor) VALUES (84, 27, '2023/2', 5.17, 'aprovado', 9);
INSERT INTO Historico_Aluno (id_aluno, id_disciplina, semestre, nota, situacao, id_professor) VALUES (84, 2, '2023/2', 5.28, 'aprovado', 10);
INSERT INTO Historico_Aluno (id_aluno, id_disciplina, semestre, nota, situacao, id_professor) VALUES (84, 26, '2023/2', 2.06, 'reprovado', 2);
INSERT INTO Historico_Aluno (id_aluno, id_disciplina, semestre, nota, situacao, id_professor) VALUES (84, 24, '2023/2', 9.27, 'aprovado', 5);
INSERT INTO Historico_Aluno (id_aluno, id_disciplina, semestre, nota, situacao, id_professor) VALUES (84, 13, '2023/2', 4.95, 'reprovado', 16);
INSERT INTO Historico_Aluno (id_aluno, id_disciplina, semestre, nota, situacao, id_professor) VALUES (84, 1, '2024/2', 2.92, 'reprovado', 9);
INSERT INTO Historico_Aluno (id_aluno, id_disciplina, semestre, nota, situacao, id_professor) VALUES (84, 23, '2024/2', 2.97, 'reprovado', 18);
INSERT INTO Historico_Aluno (id_aluno, id_disciplina, semestre, nota, situacao, id_professor) VALUES (84, 25, '2024/2', 5.02, 'aprovado', 2);
INSERT INTO Historico_Aluno (id_aluno, id_disciplina, semestre, nota, situacao, id_professor) VALUES (84, 16, '2024/2', 1.54, 'reprovado', 19);
INSERT INTO Historico_Aluno (id_aluno, id_disciplina, semestre, nota, situacao, id_professor) VALUES (84, 9, '2024/2', 6.67, 'aprovado', 14);
INSERT INTO Historico_Aluno (id_aluno, id_disciplina, semestre, nota, situacao, id_professor) VALUES (84, 5, '2024/2', 6.64, 'aprovado', 11);
INSERT INTO Historico_Aluno (id_aluno, id_disciplina, semestre, nota, situacao, id_professor) VALUES (84, 15, '2024/1', 1.03, 'reprovado', 9);
INSERT INTO Historico_Aluno (id_aluno, id_disciplina, semestre, nota, situacao, id_professor) VALUES (84, 11, '2024/1', 2.96, 'reprovado', 10);
INSERT INTO Historico_Aluno (id_aluno, id_disciplina, semestre, nota, situacao, id_professor) VALUES (84, 28, '2024/1', 0.63, 'reprovado', 16);
INSERT INTO Historico_Aluno (id_aluno, id_disciplina, semestre, nota, situacao, id_professor) VALUES (84, 8, '2024/1', 2.6, 'reprovado', 4);
INSERT INTO Historico_Aluno (id_aluno, id_disciplina, semestre, nota, situacao, id_professor) VALUES (84, 12, '2024/1', 7.39, 'aprovado', 9);
INSERT INTO Historico_Aluno (id_aluno, id_disciplina, semestre, nota, situacao, id_professor) VALUES (85, 11, '2022/1', 4.73, 'reprovado', 8);
INSERT INTO Historico_Aluno (id_aluno, id_disciplina, semestre, nota, situacao, id_professor) VALUES (85, 22, '2022/1', 7.11, 'aprovado', 3);
INSERT INTO Historico_Aluno (id_aluno, id_disciplina, semestre, nota, situacao, id_professor) VALUES (85, 13, '2022/1', 6.75, 'aprovado', 16);
INSERT INTO Historico_Aluno (id_aluno, id_disciplina, semestre, nota, situacao, id_professor) VALUES (85, 17, '2022/1', 4.57, 'reprovado', 18);
INSERT INTO Historico_Aluno (id_aluno, id_disciplina, semestre, nota, situacao, id_professor) VALUES (85, 20, '2022/1', 0.62, 'reprovado', 16);
INSERT INTO Historico_Aluno (id_aluno, id_disciplina, semestre, nota, situacao, id_professor) VALUES (85, 9, '2025/2', 2.3, 'reprovado', 20);
INSERT INTO Historico_Aluno (id_aluno, id_disciplina, semestre, nota, situacao, id_professor) VALUES (85, 2, '2025/2', 0.66, 'reprovado', 4);
INSERT INTO Historico_Aluno (id_aluno, id_disciplina, semestre, nota, situacao, id_professor) VALUES (85, 8, '2025/2', 7.92, 'aprovado', 6);
INSERT INTO Historico_Aluno (id_aluno, id_disciplina, semestre, nota, situacao, id_professor) VALUES (85, 17, '2025/2', 7.93, 'aprovado', 12);
INSERT INTO Historico_Aluno (id_aluno, id_disciplina, semestre, nota, situacao, id_professor) VALUES (85, 30, '2025/2', 7.03, 'aprovado', 11);
INSERT INTO Historico_Aluno (id_aluno, id_disciplina, semestre, nota, situacao, id_professor) VALUES (86, 9, '2025/1', 4.78, 'reprovado', 15);
INSERT INTO Historico_Aluno (id_aluno, id_disciplina, semestre, nota, situacao, id_professor) VALUES (86, 21, '2025/1', 7.16, 'aprovado', 13);
INSERT INTO Historico_Aluno (id_aluno, id_disciplina, semestre, nota, situacao, id_professor) VALUES (86, 29, '2025/1', 6.47, 'aprovado', 15);
INSERT INTO Historico_Aluno (id_aluno, id_disciplina, semestre, nota, situacao, id_professor) VALUES (86, 19, '2025/1', 8.46, 'aprovado', 8);
INSERT INTO Historico_Aluno (id_aluno, id_disciplina, semestre, nota, situacao, id_professor) VALUES (86, 24, '2025/1', 4.13, 'reprovado', 7);
INSERT INTO Historico_Aluno (id_aluno, id_disciplina, semestre, nota, situacao, id_professor) VALUES (86, 9, '2023/2', 5.96, 'aprovado', 9);
INSERT INTO Historico_Aluno (id_aluno, id_disciplina, semestre, nota, situacao, id_professor) VALUES (86, 12, '2023/2', 5.94, 'aprovado', 18);
INSERT INTO Historico_Aluno (id_aluno, id_disciplina, semestre, nota, situacao, id_professor) VALUES (86, 2, '2023/2', 0.81, 'reprovado', 9);
INSERT INTO Historico_Aluno (id_aluno, id_disciplina, semestre, nota, situacao, id_professor) VALUES (86, 3, '2023/2', 0.74, 'reprovado', 10);
INSERT INTO Historico_Aluno (id_aluno, id_disciplina, semestre, nota, situacao, id_professor) VALUES (86, 11, '2023/2', 6.33, 'aprovado', 13);
INSERT INTO Historico_Aluno (id_aluno, id_disciplina, semestre, nota, situacao, id_professor) VALUES (87, 20, '2023/2', 9.58, 'aprovado', 2);
INSERT INTO Historico_Aluno (id_aluno, id_disciplina, semestre, nota, situacao, id_professor) VALUES (87, 10, '2023/2', 5.46, 'aprovado', 7);
INSERT INTO Historico_Aluno (id_aluno, id_disciplina, semestre, nota, situacao, id_professor) VALUES (87, 23, '2023/2', 4.34, 'reprovado', 12);
INSERT INTO Historico_Aluno (id_aluno, id_disciplina, semestre, nota, situacao, id_professor) VALUES (87, 14, '2023/2', 0.36, 'reprovado', 18);
INSERT INTO Historico_Aluno (id_aluno, id_disciplina, semestre, nota, situacao, id_professor) VALUES (87, 2, '2022/2', 8.07, 'aprovado', 2);
INSERT INTO Historico_Aluno (id_aluno, id_disciplina, semestre, nota, situacao, id_professor) VALUES (87, 19, '2022/2', 2.43, 'reprovado', 9);
INSERT INTO Historico_Aluno (id_aluno, id_disciplina, semestre, nota, situacao, id_professor) VALUES (87, 18, '2022/2', 9.66, 'aprovado', 11);
INSERT INTO Historico_Aluno (id_aluno, id_disciplina, semestre, nota, situacao, id_professor) VALUES (87, 27, '2022/2', 6.19, 'aprovado', 3);
INSERT INTO Historico_Aluno (id_aluno, id_disciplina, semestre, nota, situacao, id_professor) VALUES (87, 11, '2023/1', 6.01, 'aprovado', 15);
INSERT INTO Historico_Aluno (id_aluno, id_disciplina, semestre, nota, situacao, id_professor) VALUES (87, 16, '2023/1', 5.44, 'aprovado', 5);
INSERT INTO Historico_Aluno (id_aluno, id_disciplina, semestre, nota, situacao, id_professor) VALUES (87, 12, '2023/1', 4.33, 'reprovado', 6);
INSERT INTO Historico_Aluno (id_aluno, id_disciplina, semestre, nota, situacao, id_professor) VALUES (87, 1, '2023/1', 7.02, 'aprovado', 3);
INSERT INTO Historico_Aluno (id_aluno, id_disciplina, semestre, nota, situacao, id_professor) VALUES (88, 25, '2025/2', 3.74, 'reprovado', 12);
INSERT INTO Historico_Aluno (id_aluno, id_disciplina, semestre, nota, situacao, id_professor) VALUES (88, 27, '2025/2', 9.62, 'aprovado', 7);
INSERT INTO Historico_Aluno (id_aluno, id_disciplina, semestre, nota, situacao, id_professor) VALUES (88, 14, '2025/2', 9.28, 'aprovado', 7);
INSERT INTO Historico_Aluno (id_aluno, id_disciplina, semestre, nota, situacao, id_professor) VALUES (88, 21, '2025/2', 3.17, 'reprovado', 5);
INSERT INTO Historico_Aluno (id_aluno, id_disciplina, semestre, nota, situacao, id_professor) VALUES (88, 10, '2025/2', 3.26, 'reprovado', 13);
INSERT INTO Historico_Aluno (id_aluno, id_disciplina, semestre, nota, situacao, id_professor) VALUES (88, 9, '2022/1', 9.94, 'aprovado', 18);
INSERT INTO Historico_Aluno (id_aluno, id_disciplina, semestre, nota, situacao, id_professor) VALUES (88, 5, '2022/1', 3.97, 'reprovado', 16);
INSERT INTO Historico_Aluno (id_aluno, id_disciplina, semestre, nota, situacao, id_professor) VALUES (88, 2, '2022/1', 6.74, 'aprovado', 20);
INSERT INTO Historico_Aluno (id_aluno, id_disciplina, semestre, nota, situacao, id_professor) VALUES (88, 20, '2022/1', 3.72, 'reprovado', 19);
INSERT INTO Historico_Aluno (id_aluno, id_disciplina, semestre, nota, situacao, id_professor) VALUES (88, 8, '2023/2', 2.64, 'reprovado', 17);
INSERT INTO Historico_Aluno (id_aluno, id_disciplina, semestre, nota, situacao, id_professor) VALUES (88, 3, '2023/2', 3.16, 'reprovado', 7);
INSERT INTO Historico_Aluno (id_aluno, id_disciplina, semestre, nota, situacao, id_professor) VALUES (88, 4, '2023/2', 6.31, 'aprovado', 16);
INSERT INTO Historico_Aluno (id_aluno, id_disciplina, semestre, nota, situacao, id_professor) VALUES (88, 17, '2023/2', 9.08, 'aprovado', 7);
INSERT INTO Historico_Aluno (id_aluno, id_disciplina, semestre, nota, situacao, id_professor) VALUES (89, 1, '2023/2', 0.59, 'reprovado', 17);
INSERT INTO Historico_Aluno (id_aluno, id_disciplina, semestre, nota, situacao, id_professor) VALUES (89, 30, '2023/2', 3.04, 'reprovado', 11);
INSERT INTO Historico_Aluno (id_aluno, id_disciplina, semestre, nota, situacao, id_professor) VALUES (89, 11, '2023/2', 0.39, 'reprovado', 5);
INSERT INTO Historico_Aluno (id_aluno, id_disciplina, semestre, nota, situacao, id_professor) VALUES (89, 18, '2023/2', 1.8, 'reprovado', 3);
INSERT INTO Historico_Aluno (id_aluno, id_disciplina, semestre, nota, situacao, id_professor) VALUES (89, 15, '2023/2', 9.52, 'aprovado', 20);
INSERT INTO Historico_Aluno (id_aluno, id_disciplina, semestre, nota, situacao, id_professor) VALUES (89, 10, '2025/1', 7.04, 'aprovado', 13);
INSERT INTO Historico_Aluno (id_aluno, id_disciplina, semestre, nota, situacao, id_professor) VALUES (89, 23, '2025/1', 6.76, 'aprovado', 20);
INSERT INTO Historico_Aluno (id_aluno, id_disciplina, semestre, nota, situacao, id_professor) VALUES (89, 2, '2025/1', 6.99, 'aprovado', 15);
INSERT INTO Historico_Aluno (id_aluno, id_disciplina, semestre, nota, situacao, id_professor) VALUES (89, 12, '2025/1', 2.31, 'reprovado', 2);
INSERT INTO Historico_Aluno (id_aluno, id_disciplina, semestre, nota, situacao, id_professor) VALUES (89, 22, '2023/2', 4.21, 'reprovado', 11);
INSERT INTO Historico_Aluno (id_aluno, id_disciplina, semestre, nota, situacao, id_professor) VALUES (89, 5, '2023/2', 6.63, 'aprovado', 16);
INSERT INTO Historico_Aluno (id_aluno, id_disciplina, semestre, nota, situacao, id_professor) VALUES (89, 8, '2023/2', 8.87, 'aprovado', 11);
INSERT INTO Historico_Aluno (id_aluno, id_disciplina, semestre, nota, situacao, id_professor) VALUES (89, 21, '2023/2', 1.34, 'reprovado', 7);
INSERT INTO Historico_Aluno (id_aluno, id_disciplina, semestre, nota, situacao, id_professor) VALUES (90, 17, '2024/2', 4.35, 'reprovado', 7);
INSERT INTO Historico_Aluno (id_aluno, id_disciplina, semestre, nota, situacao, id_professor) VALUES (90, 5, '2024/2', 3.11, 'reprovado', 18);
INSERT INTO Historico_Aluno (id_aluno, id_disciplina, semestre, nota, situacao, id_professor) VALUES (90, 22, '2024/2', 8.29, 'aprovado', 11);
INSERT INTO Historico_Aluno (id_aluno, id_disciplina, semestre, nota, situacao, id_professor) VALUES (90, 6, '2024/2', 3.62, 'reprovado', 10);
INSERT INTO Historico_Aluno (id_aluno, id_disciplina, semestre, nota, situacao, id_professor) VALUES (90, 26, '2024/2', 5.34, 'aprovado', 10);
INSERT INTO Historico_Aluno (id_aluno, id_disciplina, semestre, nota, situacao, id_professor) VALUES (90, 27, '2024/2', 1.63, 'reprovado', 7);
INSERT INTO Historico_Aluno (id_aluno, id_disciplina, semestre, nota, situacao, id_professor) VALUES (90, 23, '2024/2', 4.01, 'reprovado', 13);
INSERT INTO Historico_Aluno (id_aluno, id_disciplina, semestre, nota, situacao, id_professor) VALUES (90, 15, '2024/2', 6.07, 'aprovado', 19);
INSERT INTO Historico_Aluno (id_aluno, id_disciplina, semestre, nota, situacao, id_professor) VALUES (90, 6, '2024/2', 5.27, 'aprovado', 2);
INSERT INTO Historico_Aluno (id_aluno, id_disciplina, semestre, nota, situacao, id_professor) VALUES (90, 9, '2024/2', 1.45, 'reprovado', 18);
INSERT INTO Historico_Aluno (id_aluno, id_disciplina, semestre, nota, situacao, id_professor) VALUES (90, 27, '2024/2', 5.57, 'aprovado', 16);
INSERT INTO Historico_Aluno (id_aluno, id_disciplina, semestre, nota, situacao, id_professor) VALUES (90, 3, '2022/2', 2.93, 'reprovado', 1);
INSERT INTO Historico_Aluno (id_aluno, id_disciplina, semestre, nota, situacao, id_professor) VALUES (90, 8, '2022/2', 4.29, 'reprovado', 9);
INSERT INTO Historico_Aluno (id_aluno, id_disciplina, semestre, nota, situacao, id_professor) VALUES (90, 28, '2022/2', 6.09, 'aprovado', 8);
INSERT INTO Historico_Aluno (id_aluno, id_disciplina, semestre, nota, situacao, id_professor) VALUES (90, 16, '2022/2', 5.01, 'aprovado', 6);
INSERT INTO Historico_Aluno (id_aluno, id_disciplina, semestre, nota, situacao, id_professor) VALUES (90, 17, '2022/2', 3.99, 'reprovado', 12);
INSERT INTO Historico_Aluno (id_aluno, id_disciplina, semestre, nota, situacao, id_professor) VALUES (90, 24, '2022/2', 4.39, 'reprovado', 18);
INSERT INTO Historico_Aluno (id_aluno, id_disciplina, semestre, nota, situacao, id_professor) VALUES (90, 9, '2022/2', 8.03, 'aprovado', 8);
INSERT INTO Historico_Aluno (id_aluno, id_disciplina, semestre, nota, situacao, id_professor) VALUES (90, 19, '2022/2', 8.37, 'aprovado', 19);
INSERT INTO Historico_Aluno (id_aluno, id_disciplina, semestre, nota, situacao, id_professor) VALUES (90, 1, '2022/2', 1.86, 'reprovado', 6);
INSERT INTO Historico_Aluno (id_aluno, id_disciplina, semestre, nota, situacao, id_professor) VALUES (91, 4, '2022/2', 4.41, 'reprovado', 18);
INSERT INTO Historico_Aluno (id_aluno, id_disciplina, semestre, nota, situacao, id_professor) VALUES (91, 17, '2022/2', 5.12, 'aprovado', 5);
INSERT INTO Historico_Aluno (id_aluno, id_disciplina, semestre, nota, situacao, id_professor) VALUES (91, 2, '2022/2', 2.59, 'reprovado', 19);
INSERT INTO Historico_Aluno (id_aluno, id_disciplina, semestre, nota, situacao, id_professor) VALUES (91, 19, '2022/2', 9.61, 'aprovado', 3);
INSERT INTO Historico_Aluno (id_aluno, id_disciplina, semestre, nota, situacao, id_professor) VALUES (91, 15, '2022/2', 2.37, 'reprovado', 2);
INSERT INTO Historico_Aluno (id_aluno, id_disciplina, semestre, nota, situacao, id_professor) VALUES (91, 1, '2024/2', 8.2, 'aprovado', 13);
INSERT INTO Historico_Aluno (id_aluno, id_disciplina, semestre, nota, situacao, id_professor) VALUES (91, 6, '2024/2', 7.14, 'aprovado', 19);
INSERT INTO Historico_Aluno (id_aluno, id_disciplina, semestre, nota, situacao, id_professor) VALUES (91, 12, '2024/2', 3.55, 'reprovado', 5);
INSERT INTO Historico_Aluno (id_aluno, id_disciplina, semestre, nota, situacao, id_professor) VALUES (91, 27, '2024/2', 6.43, 'aprovado', 8);
INSERT INTO Historico_Aluno (id_aluno, id_disciplina, semestre, nota, situacao, id_professor) VALUES (91, 15, '2024/2', 3.85, 'reprovado', 17);
INSERT INTO Historico_Aluno (id_aluno, id_disciplina, semestre, nota, situacao, id_professor) VALUES (92, 20, '2022/1', 8.92, 'aprovado', 14);
INSERT INTO Historico_Aluno (id_aluno, id_disciplina, semestre, nota, situacao, id_professor) VALUES (92, 10, '2022/1', 3.25, 'reprovado', 8);
INSERT INTO Historico_Aluno (id_aluno, id_disciplina, semestre, nota, situacao, id_professor) VALUES (92, 27, '2022/1', 7.15, 'aprovado', 3);
INSERT INTO Historico_Aluno (id_aluno, id_disciplina, semestre, nota, situacao, id_professor) VALUES (92, 7, '2022/1', 6.68, 'aprovado', 3);
INSERT INTO Historico_Aluno (id_aluno, id_disciplina, semestre, nota, situacao, id_professor) VALUES (92, 18, '2022/1', 0.61, 'reprovado', 10);
INSERT INTO Historico_Aluno (id_aluno, id_disciplina, semestre, nota, situacao, id_professor) VALUES (92, 2, '2022/1', 1.23, 'reprovado', 16);
INSERT INTO Historico_Aluno (id_aluno, id_disciplina, semestre, nota, situacao, id_professor) VALUES (92, 19, '2022/1', 0.44, 'reprovado', 7);
INSERT INTO Historico_Aluno (id_aluno, id_disciplina, semestre, nota, situacao, id_professor) VALUES (92, 15, '2022/1', 8.12, 'aprovado', 15);
INSERT INTO Historico_Aluno (id_aluno, id_disciplina, semestre, nota, situacao, id_professor) VALUES (92, 25, '2022/1', 4.98, 'reprovado', 7);
INSERT INTO Historico_Aluno (id_aluno, id_disciplina, semestre, nota, situacao, id_professor) VALUES (92, 18, '2022/1', 5.19, 'aprovado', 16);
INSERT INTO Historico_Aluno (id_aluno, id_disciplina, semestre, nota, situacao, id_professor) VALUES (92, 23, '2022/1', 8.28, 'aprovado', 11);
INSERT INTO Historico_Aluno (id_aluno, id_disciplina, semestre, nota, situacao, id_professor) VALUES (92, 5, '2023/2', 0.05, 'reprovado', 15);
INSERT INTO Historico_Aluno (id_aluno, id_disciplina, semestre, nota, situacao, id_professor) VALUES (92, 11, '2023/2', 7.38, 'aprovado', 2);
INSERT INTO Historico_Aluno (id_aluno, id_disciplina, semestre, nota, situacao, id_professor) VALUES (92, 9, '2023/2', 4.35, 'reprovado', 17);
INSERT INTO Historico_Aluno (id_aluno, id_disciplina, semestre, nota, situacao, id_professor) VALUES (92, 26, '2023/2', 6.42, 'aprovado', 9);
INSERT INTO Historico_Aluno (id_aluno, id_disciplina, semestre, nota, situacao, id_professor) VALUES (93, 26, '2022/2', 2.48, 'reprovado', 20);
INSERT INTO Historico_Aluno (id_aluno, id_disciplina, semestre, nota, situacao, id_professor) VALUES (93, 13, '2022/2', 1.84, 'reprovado', 13);
INSERT INTO Historico_Aluno (id_aluno, id_disciplina, semestre, nota, situacao, id_professor) VALUES (93, 10, '2022/2', 1.62, 'reprovado', 11);
INSERT INTO Historico_Aluno (id_aluno, id_disciplina, semestre, nota, situacao, id_professor) VALUES (93, 8, '2022/2', 6.62, 'aprovado', 3);
INSERT INTO Historico_Aluno (id_aluno, id_disciplina, semestre, nota, situacao, id_professor) VALUES (93, 14, '2022/2', 2.97, 'reprovado', 19);
INSERT INTO Historico_Aluno (id_aluno, id_disciplina, semestre, nota, situacao, id_professor) VALUES (93, 18, '2022/2', 4.94, 'reprovado', 6);
INSERT INTO Historico_Aluno (id_aluno, id_disciplina, semestre, nota, situacao, id_professor) VALUES (93, 27, '2025/1', 5.76, 'aprovado', 5);
INSERT INTO Historico_Aluno (id_aluno, id_disciplina, semestre, nota, situacao, id_professor) VALUES (93, 20, '2025/1', 9.51, 'aprovado', 1);
INSERT INTO Historico_Aluno (id_aluno, id_disciplina, semestre, nota, situacao, id_professor) VALUES (93, 22, '2025/1', 4.69, 'reprovado', 3);
INSERT INTO Historico_Aluno (id_aluno, id_disciplina, semestre, nota, situacao, id_professor) VALUES (93, 5, '2025/1', 9.03, 'aprovado', 13);
INSERT INTO Historico_Aluno (id_aluno, id_disciplina, semestre, nota, situacao, id_professor) VALUES (93, 13, '2025/1', 1.66, 'reprovado', 15);
INSERT INTO Historico_Aluno (id_aluno, id_disciplina, semestre, nota, situacao, id_professor) VALUES (93, 29, '2025/1', 7.62, 'aprovado', 14);
INSERT INTO Historico_Aluno (id_aluno, id_disciplina, semestre, nota, situacao, id_professor) VALUES (93, 26, '2025/1', 2.35, 'reprovado', 14);
INSERT INTO Historico_Aluno (id_aluno, id_disciplina, semestre, nota, situacao, id_professor) VALUES (93, 21, '2025/1', 4.92, 'reprovado', 7);
INSERT INTO Historico_Aluno (id_aluno, id_disciplina, semestre, nota, situacao, id_professor) VALUES (93, 19, '2025/1', 0.96, 'reprovado', 6);
INSERT INTO Historico_Aluno (id_aluno, id_disciplina, semestre, nota, situacao, id_professor) VALUES (93, 22, '2025/1', 5.83, 'aprovado', 7);
INSERT INTO Historico_Aluno (id_aluno, id_disciplina, semestre, nota, situacao, id_professor) VALUES (93, 18, '2025/1', 6.01, 'aprovado', 10);
INSERT INTO Historico_Aluno (id_aluno, id_disciplina, semestre, nota, situacao, id_professor) VALUES (93, 23, '2025/1', 0.76, 'reprovado', 9);
INSERT INTO Historico_Aluno (id_aluno, id_disciplina, semestre, nota, situacao, id_professor) VALUES (93, 4, '2022/2', 1.96, 'reprovado', 15);
INSERT INTO Historico_Aluno (id_aluno, id_disciplina, semestre, nota, situacao, id_professor) VALUES (93, 25, '2022/2', 9.06, 'aprovado', 11);
INSERT INTO Historico_Aluno (id_aluno, id_disciplina, semestre, nota, situacao, id_professor) VALUES (93, 30, '2022/2', 4.37, 'reprovado', 18);
INSERT INTO Historico_Aluno (id_aluno, id_disciplina, semestre, nota, situacao, id_professor) VALUES (93, 26, '2022/2', 9.29, 'aprovado', 16);
INSERT INTO Historico_Aluno (id_aluno, id_disciplina, semestre, nota, situacao, id_professor) VALUES (93, 21, '2022/2', 9.1, 'aprovado', 20);
INSERT INTO Historico_Aluno (id_aluno, id_disciplina, semestre, nota, situacao, id_professor) VALUES (93, 28, '2022/2', 6.74, 'aprovado', 7);
INSERT INTO Historico_Aluno (id_aluno, id_disciplina, semestre, nota, situacao, id_professor) VALUES (94, 20, '2024/1', 3.7, 'reprovado', 20);
INSERT INTO Historico_Aluno (id_aluno, id_disciplina, semestre, nota, situacao, id_professor) VALUES (94, 3, '2024/1', 2.24, 'reprovado', 9);
INSERT INTO Historico_Aluno (id_aluno, id_disciplina, semestre, nota, situacao, id_professor) VALUES (94, 11, '2024/1', 0.91, 'reprovado', 16);
INSERT INTO Historico_Aluno (id_aluno, id_disciplina, semestre, nota, situacao, id_professor) VALUES (94, 27, '2024/1', 6.04, 'aprovado', 17);
INSERT INTO Historico_Aluno (id_aluno, id_disciplina, semestre, nota, situacao, id_professor) VALUES (94, 6, '2023/1', 4.24, 'reprovado', 4);
INSERT INTO Historico_Aluno (id_aluno, id_disciplina, semestre, nota, situacao, id_professor) VALUES (94, 17, '2023/1', 4.68, 'reprovado', 8);
INSERT INTO Historico_Aluno (id_aluno, id_disciplina, semestre, nota, situacao, id_professor) VALUES (94, 19, '2023/1', 9.37, 'aprovado', 16);
INSERT INTO Historico_Aluno (id_aluno, id_disciplina, semestre, nota, situacao, id_professor) VALUES (94, 2, '2023/1', 5.59, 'aprovado', 14);
INSERT INTO Historico_Aluno (id_aluno, id_disciplina, semestre, nota, situacao, id_professor) VALUES (94, 7, '2023/2', 6.64, 'aprovado', 10);
INSERT INTO Historico_Aluno (id_aluno, id_disciplina, semestre, nota, situacao, id_professor) VALUES (94, 16, '2023/2', 4.93, 'reprovado', 18);
INSERT INTO Historico_Aluno (id_aluno, id_disciplina, semestre, nota, situacao, id_professor) VALUES (94, 1, '2023/2', 3.83, 'reprovado', 15);
INSERT INTO Historico_Aluno (id_aluno, id_disciplina, semestre, nota, situacao, id_professor) VALUES (94, 8, '2023/2', 4.6, 'reprovado', 8);
INSERT INTO Historico_Aluno (id_aluno, id_disciplina, semestre, nota, situacao, id_professor) VALUES (94, 12, '2023/2', 0.56, 'reprovado', 11);
INSERT INTO Historico_Aluno (id_aluno, id_disciplina, semestre, nota, situacao, id_professor) VALUES (94, 17, '2022/2', 1.02, 'reprovado', 5);
INSERT INTO Historico_Aluno (id_aluno, id_disciplina, semestre, nota, situacao, id_professor) VALUES (94, 26, '2022/2', 5.69, 'aprovado', 6);
INSERT INTO Historico_Aluno (id_aluno, id_disciplina, semestre, nota, situacao, id_professor) VALUES (94, 24, '2022/2', 7.9, 'aprovado', 14);
INSERT INTO Historico_Aluno (id_aluno, id_disciplina, semestre, nota, situacao, id_professor) VALUES (94, 13, '2022/2', 1.08, 'reprovado', 13);
INSERT INTO Historico_Aluno (id_aluno, id_disciplina, semestre, nota, situacao, id_professor) VALUES (94, 8, '2022/2', 5.07, 'aprovado', 13);
INSERT INTO Historico_Aluno (id_aluno, id_disciplina, semestre, nota, situacao, id_professor) VALUES (95, 10, '2023/2', 7.63, 'aprovado', 20);
INSERT INTO Historico_Aluno (id_aluno, id_disciplina, semestre, nota, situacao, id_professor) VALUES (95, 2, '2023/2', 9.15, 'aprovado', 15);
INSERT INTO Historico_Aluno (id_aluno, id_disciplina, semestre, nota, situacao, id_professor) VALUES (95, 16, '2023/2', 0.19, 'reprovado', 7);
INSERT INTO Historico_Aluno (id_aluno, id_disciplina, semestre, nota, situacao, id_professor) VALUES (95, 3, '2023/2', 1.36, 'reprovado', 9);
INSERT INTO Historico_Aluno (id_aluno, id_disciplina, semestre, nota, situacao, id_professor) VALUES (95, 9, '2023/2', 3.14, 'reprovado', 3);
INSERT INTO Historico_Aluno (id_aluno, id_disciplina, semestre, nota, situacao, id_professor) VALUES (95, 13, '2023/2', 1.19, 'reprovado', 18);
INSERT INTO Historico_Aluno (id_aluno, id_disciplina, semestre, nota, situacao, id_professor) VALUES (95, 18, '2024/2', 7.34, 'aprovado', 5);
INSERT INTO Historico_Aluno (id_aluno, id_disciplina, semestre, nota, situacao, id_professor) VALUES (95, 17, '2024/2', 4.18, 'reprovado', 9);
INSERT INTO Historico_Aluno (id_aluno, id_disciplina, semestre, nota, situacao, id_professor) VALUES (95, 24, '2024/2', 2.56, 'reprovado', 14);
INSERT INTO Historico_Aluno (id_aluno, id_disciplina, semestre, nota, situacao, id_professor) VALUES (95, 23, '2024/2', 6.19, 'aprovado', 3);
INSERT INTO Historico_Aluno (id_aluno, id_disciplina, semestre, nota, situacao, id_professor) VALUES (96, 30, '2024/2', 8.36, 'aprovado', 14);
INSERT INTO Historico_Aluno (id_aluno, id_disciplina, semestre, nota, situacao, id_professor) VALUES (96, 22, '2024/2', 3.33, 'reprovado', 16);
INSERT INTO Historico_Aluno (id_aluno, id_disciplina, semestre, nota, situacao, id_professor) VALUES (96, 18, '2024/2', 3.08, 'reprovado', 6);
INSERT INTO Historico_Aluno (id_aluno, id_disciplina, semestre, nota, situacao, id_professor) VALUES (96, 8, '2024/2', 3.18, 'reprovado', 12);
INSERT INTO Historico_Aluno (id_aluno, id_disciplina, semestre, nota, situacao, id_professor) VALUES (96, 2, '2024/2', 6.59, 'aprovado', 19);
INSERT INTO Historico_Aluno (id_aluno, id_disciplina, semestre, nota, situacao, id_professor) VALUES (96, 12, '2024/1', 1.89, 'reprovado', 11);
INSERT INTO Historico_Aluno (id_aluno, id_disciplina, semestre, nota, situacao, id_professor) VALUES (96, 28, '2024/1', 0.64, 'reprovado', 18);
INSERT INTO Historico_Aluno (id_aluno, id_disciplina, semestre, nota, situacao, id_professor) VALUES (96, 14, '2024/1', 2.29, 'reprovado', 8);
INSERT INTO Historico_Aluno (id_aluno, id_disciplina, semestre, nota, situacao, id_professor) VALUES (96, 27, '2024/1', 7.19, 'aprovado', 15);
INSERT INTO Historico_Aluno (id_aluno, id_disciplina, semestre, nota, situacao, id_professor) VALUES (96, 20, '2025/2', 3.89, 'reprovado', 12);
INSERT INTO Historico_Aluno (id_aluno, id_disciplina, semestre, nota, situacao, id_professor) VALUES (96, 12, '2025/2', 6.06, 'aprovado', 16);
INSERT INTO Historico_Aluno (id_aluno, id_disciplina, semestre, nota, situacao, id_professor) VALUES (96, 8, '2025/2', 3.64, 'reprovado', 10);
INSERT INTO Historico_Aluno (id_aluno, id_disciplina, semestre, nota, situacao, id_professor) VALUES (96, 21, '2025/2', 8.7, 'aprovado', 18);
INSERT INTO Historico_Aluno (id_aluno, id_disciplina, semestre, nota, situacao, id_professor) VALUES (96, 28, '2025/2', 4.83, 'reprovado', 14);
INSERT INTO Historico_Aluno (id_aluno, id_disciplina, semestre, nota, situacao, id_professor) VALUES (96, 15, '2023/2', 4.94, 'reprovado', 9);
INSERT INTO Historico_Aluno (id_aluno, id_disciplina, semestre, nota, situacao, id_professor) VALUES (96, 13, '2023/2', 8.0, 'aprovado', 9);
INSERT INTO Historico_Aluno (id_aluno, id_disciplina, semestre, nota, situacao, id_professor) VALUES (96, 14, '2023/2', 0.61, 'reprovado', 3);
INSERT INTO Historico_Aluno (id_aluno, id_disciplina, semestre, nota, situacao, id_professor) VALUES (96, 9, '2023/2', 6.63, 'aprovado', 10);
INSERT INTO Historico_Aluno (id_aluno, id_disciplina, semestre, nota, situacao, id_professor) VALUES (97, 25, '2022/1', 6.44, 'aprovado', 16);
INSERT INTO Historico_Aluno (id_aluno, id_disciplina, semestre, nota, situacao, id_professor) VALUES (97, 2, '2022/1', 7.81, 'aprovado', 19);
INSERT INTO Historico_Aluno (id_aluno, id_disciplina, semestre, nota, situacao, id_professor) VALUES (97, 15, '2022/1', 4.41, 'reprovado', 8);
INSERT INTO Historico_Aluno (id_aluno, id_disciplina, semestre, nota, situacao, id_professor) VALUES (97, 20, '2022/1', 1.46, 'reprovado', 19);
INSERT INTO Historico_Aluno (id_aluno, id_disciplina, semestre, nota, situacao, id_professor) VALUES (97, 6, '2022/1', 1.04, 'reprovado', 20);
INSERT INTO Historico_Aluno (id_aluno, id_disciplina, semestre, nota, situacao, id_professor) VALUES (97, 23, '2022/1', 7.52, 'aprovado', 18);
INSERT INTO Historico_Aluno (id_aluno, id_disciplina, semestre, nota, situacao, id_professor) VALUES (97, 6, '2023/1', 2.93, 'reprovado', 5);
INSERT INTO Historico_Aluno (id_aluno, id_disciplina, semestre, nota, situacao, id_professor) VALUES (97, 20, '2023/1', 9.55, 'aprovado', 8);
INSERT INTO Historico_Aluno (id_aluno, id_disciplina, semestre, nota, situacao, id_professor) VALUES (97, 24, '2023/1', 4.8, 'reprovado', 18);
INSERT INTO Historico_Aluno (id_aluno, id_disciplina, semestre, nota, situacao, id_professor) VALUES (97, 29, '2023/1', 3.98, 'reprovado', 1);
INSERT INTO Historico_Aluno (id_aluno, id_disciplina, semestre, nota, situacao, id_professor) VALUES (97, 13, '2023/2', 5.84, 'aprovado', 20);
INSERT INTO Historico_Aluno (id_aluno, id_disciplina, semestre, nota, situacao, id_professor) VALUES (97, 6, '2023/2', 5.84, 'aprovado', 8);
INSERT INTO Historico_Aluno (id_aluno, id_disciplina, semestre, nota, situacao, id_professor) VALUES (97, 18, '2023/2', 5.69, 'aprovado', 15);
INSERT INTO Historico_Aluno (id_aluno, id_disciplina, semestre, nota, situacao, id_professor) VALUES (97, 29, '2023/2', 1.61, 'reprovado', 13);
INSERT INTO Historico_Aluno (id_aluno, id_disciplina, semestre, nota, situacao, id_professor) VALUES (97, 24, '2023/2', 7.64, 'aprovado', 5);
INSERT INTO Historico_Aluno (id_aluno, id_disciplina, semestre, nota, situacao, id_professor) VALUES (97, 1, '2022/2', 4.26, 'reprovado', 18);
INSERT INTO Historico_Aluno (id_aluno, id_disciplina, semestre, nota, situacao, id_professor) VALUES (97, 8, '2022/2', 5.25, 'aprovado', 15);
INSERT INTO Historico_Aluno (id_aluno, id_disciplina, semestre, nota, situacao, id_professor) VALUES (97, 29, '2022/2', 4.44, 'reprovado', 4);
INSERT INTO Historico_Aluno (id_aluno, id_disciplina, semestre, nota, situacao, id_professor) VALUES (97, 17, '2022/2', 4.35, 'reprovado', 8);
INSERT INTO Historico_Aluno (id_aluno, id_disciplina, semestre, nota, situacao, id_professor) VALUES (98, 10, '2022/2', 1.45, 'reprovado', 10);
INSERT INTO Historico_Aluno (id_aluno, id_disciplina, semestre, nota, situacao, id_professor) VALUES (98, 13, '2022/2', 1.25, 'reprovado', 7);
INSERT INTO Historico_Aluno (id_aluno, id_disciplina, semestre, nota, situacao, id_professor) VALUES (98, 11, '2022/2', 1.11, 'reprovado', 9);
INSERT INTO Historico_Aluno (id_aluno, id_disciplina, semestre, nota, situacao, id_professor) VALUES (98, 9, '2022/2', 0.73, 'reprovado', 6);
INSERT INTO Historico_Aluno (id_aluno, id_disciplina, semestre, nota, situacao, id_professor) VALUES (98, 19, '2022/2', 1.88, 'reprovado', 7);
INSERT INTO Historico_Aluno (id_aluno, id_disciplina, semestre, nota, situacao, id_professor) VALUES (98, 28, '2025/1', 8.32, 'aprovado', 16);
INSERT INTO Historico_Aluno (id_aluno, id_disciplina, semestre, nota, situacao, id_professor) VALUES (98, 29, '2025/1', 7.96, 'aprovado', 8);
INSERT INTO Historico_Aluno (id_aluno, id_disciplina, semestre, nota, situacao, id_professor) VALUES (98, 30, '2025/1', 8.56, 'aprovado', 15);
INSERT INTO Historico_Aluno (id_aluno, id_disciplina, semestre, nota, situacao, id_professor) VALUES (98, 17, '2025/1', 4.83, 'reprovado', 10);
INSERT INTO Historico_Aluno (id_aluno, id_disciplina, semestre, nota, situacao, id_professor) VALUES (99, 17, '2024/1', 6.14, 'aprovado', 12);
INSERT INTO Historico_Aluno (id_aluno, id_disciplina, semestre, nota, situacao, id_professor) VALUES (99, 9, '2024/1', 2.61, 'reprovado', 13);
INSERT INTO Historico_Aluno (id_aluno, id_disciplina, semestre, nota, situacao, id_professor) VALUES (99, 2, '2024/1', 0.58, 'reprovado', 15);
INSERT INTO Historico_Aluno (id_aluno, id_disciplina, semestre, nota, situacao, id_professor) VALUES (99, 29, '2024/1', 0.93, 'reprovado', 11);
INSERT INTO Historico_Aluno (id_aluno, id_disciplina, semestre, nota, situacao, id_professor) VALUES (99, 27, '2024/1', 7.18, 'aprovado', 11);
INSERT INTO Historico_Aluno (id_aluno, id_disciplina, semestre, nota, situacao, id_professor) VALUES (99, 5, '2024/2', 8.33, 'aprovado', 20);
INSERT INTO Historico_Aluno (id_aluno, id_disciplina, semestre, nota, situacao, id_professor) VALUES (99, 15, '2024/2', 9.55, 'aprovado', 7);
INSERT INTO Historico_Aluno (id_aluno, id_disciplina, semestre, nota, situacao, id_professor) VALUES (99, 22, '2024/2', 9.4, 'aprovado', 2);
INSERT INTO Historico_Aluno (id_aluno, id_disciplina, semestre, nota, situacao, id_professor) VALUES (99, 9, '2024/2', 2.12, 'reprovado', 10);
INSERT INTO Historico_Aluno (id_aluno, id_disciplina, semestre, nota, situacao, id_professor) VALUES (99, 30, '2024/2', 5.59, 'aprovado', 15);
INSERT INTO Historico_Aluno (id_aluno, id_disciplina, semestre, nota, situacao, id_professor) VALUES (99, 12, '2024/2', 6.6, 'aprovado', 17);
INSERT INTO Historico_Aluno (id_aluno, id_disciplina, semestre, nota, situacao, id_professor) VALUES (100, 23, '2022/1', 8.0, 'aprovado', 3);
INSERT INTO Historico_Aluno (id_aluno, id_disciplina, semestre, nota, situacao, id_professor) VALUES (100, 12, '2022/1', 6.08, 'aprovado', 2);
INSERT INTO Historico_Aluno (id_aluno, id_disciplina, semestre, nota, situacao, id_professor) VALUES (100, 2, '2022/1', 7.04, 'aprovado', 3);
INSERT INTO Historico_Aluno (id_aluno, id_disciplina, semestre, nota, situacao, id_professor) VALUES (100, 6, '2022/1', 4.46, 'reprovado', 14);
INSERT INTO Historico_Aluno (id_aluno, id_disciplina, semestre, nota, situacao, id_professor) VALUES (100, 11, '2022/1', 9.54, 'aprovado', 9);
INSERT INTO Historico_Aluno (id_aluno, id_disciplina, semestre, nota, situacao, id_professor) VALUES (100, 19, '2024/1', 5.94, 'aprovado', 17);
INSERT INTO Historico_Aluno (id_aluno, id_disciplina, semestre, nota, situacao, id_professor) VALUES (100, 7, '2024/1', 5.12, 'aprovado', 11);
INSERT INTO Historico_Aluno (id_aluno, id_disciplina, semestre, nota, situacao, id_professor) VALUES (100, 22, '2024/1', 1.41, 'reprovado', 19);
INSERT INTO Historico_Aluno (id_aluno, id_disciplina, semestre, nota, situacao, id_professor) VALUES (100, 21, '2024/1', 3.77, 'reprovado', 8);
INSERT INTO Historico_Aluno (id_aluno, id_disciplina, semestre, nota, situacao, id_professor) VALUES (100, 27, '2024/1', 6.51, 'aprovado', 12);
INSERT INTO TCC (id_tcc, titulo, id_orientador) VALUES (1, 'Doloribus quos illo similique quos.', 17);
INSERT INTO TCC (id_tcc, titulo, id_orientador) VALUES (2, 'Impedit beatae rem iusto assumenda ullam ullam.', 13);
INSERT INTO TCC (id_tcc, titulo, id_orientador) VALUES (3, 'Consequatur quisquam et tempora modi ea dolorem.', 8);
INSERT INTO TCC (id_tcc, titulo, id_orientador) VALUES (4, 'Alias in earum sequi commodi.', 20);
INSERT INTO TCC (id_tcc, titulo, id_orientador) VALUES (5, 'Laudantium nihil adipisci molestias eos facilis.', 14);
INSERT INTO TCC (id_tcc, titulo, id_orientador) VALUES (6, 'Nesciunt magnam alias optio deserunt.', 11);
INSERT INTO TCC (id_tcc, titulo, id_orientador) VALUES (7, 'Quos esse porro error voluptatibus hic sit.', 4);
INSERT INTO TCC (id_tcc, titulo, id_orientador) VALUES (8, 'Nam soluta voluptates velit accusantium.', 5);
INSERT INTO TCC (id_tcc, titulo, id_orientador) VALUES (9, 'Sequi perspiciatis repudiandae officiis delectus aperiam eveniet.', 15);
INSERT INTO TCC (id_tcc, titulo, id_orientador) VALUES (10, 'Impedit hic nisi porro voluptas non.', 6);
INSERT INTO TCC (id_tcc, titulo, id_orientador) VALUES (11, 'Animi molestias doloribus libero assumenda perferendis.', 8);
INSERT INTO TCC (id_tcc, titulo, id_orientador) VALUES (12, 'Exercitationem facere voluptates in nam voluptatibus.', 18);
INSERT INTO TCC (id_tcc, titulo, id_orientador) VALUES (13, 'Cupiditate autem hic totam doloribus facilis ea.', 11);
INSERT INTO TCC (id_tcc, titulo, id_orientador) VALUES (14, 'Sunt doloremque necessitatibus.', 12);
INSERT INTO TCC (id_tcc, titulo, id_orientador) VALUES (15, 'Nisi laboriosam nihil harum dignissimos officia nobis.', 9);
INSERT INTO TCC (id_tcc, titulo, id_orientador) VALUES (16, 'Mollitia suscipit blanditiis atque quia.', 12);
INSERT INTO TCC (id_tcc, titulo, id_orientador) VALUES (17, 'Iusto numquam quos officiis ipsum.', 8);
INSERT INTO TCC (id_tcc, titulo, id_orientador) VALUES (18, 'Sapiente voluptas a quibusdam tempore officiis.', 17);
INSERT INTO TCC (id_tcc, titulo, id_orientador) VALUES (19, 'Perferendis eum praesentium fugit quod.', 8);
INSERT INTO TCC (id_tcc, titulo, id_orientador) VALUES (20, 'Odio quis porro neque fuga maiores provident.', 20);
INSERT INTO Aluno_TCC (id_tcc, id_aluno) VALUES (1, 36);
INSERT INTO Aluno_TCC (id_tcc, id_aluno) VALUES (1, 5);
INSERT INTO Aluno_TCC (id_tcc, id_aluno) VALUES (1, 82);
INSERT INTO Aluno_TCC (id_tcc, id_aluno) VALUES (1, 92);
INSERT INTO Aluno_TCC (id_tcc, id_aluno) VALUES (1, 56);
INSERT INTO Aluno_TCC (id_tcc, id_aluno) VALUES (2, 54);
INSERT INTO Aluno_TCC (id_tcc, id_aluno) VALUES (2, 64);
INSERT INTO Aluno_TCC (id_tcc, id_aluno) VALUES (2, 76);
INSERT INTO Aluno_TCC (id_tcc, id_aluno) VALUES (2, 78);
INSERT INTO Aluno_TCC (id_tcc, id_aluno) VALUES (2, 62);
INSERT INTO Aluno_TCC (id_tcc, id_aluno) VALUES (3, 89);
INSERT INTO Aluno_TCC (id_tcc, id_aluno) VALUES (3, 40);
INSERT INTO Aluno_TCC (id_tcc, id_aluno) VALUES (3, 3);
INSERT INTO Aluno_TCC (id_tcc, id_aluno) VALUES (3, 75);
INSERT INTO Aluno_TCC (id_tcc, id_aluno) VALUES (3, 21);
INSERT INTO Aluno_TCC (id_tcc, id_aluno) VALUES (4, 16);
INSERT INTO Aluno_TCC (id_tcc, id_aluno) VALUES (4, 67);
INSERT INTO Aluno_TCC (id_tcc, id_aluno) VALUES (4, 1);
INSERT INTO Aluno_TCC (id_tcc, id_aluno) VALUES (4, 27);
INSERT INTO Aluno_TCC (id_tcc, id_aluno) VALUES (4, 51);
INSERT INTO Aluno_TCC (id_tcc, id_aluno) VALUES (5, 31);
INSERT INTO Aluno_TCC (id_tcc, id_aluno) VALUES (5, 7);
INSERT INTO Aluno_TCC (id_tcc, id_aluno) VALUES (5, 39);
INSERT INTO Aluno_TCC (id_tcc, id_aluno) VALUES (5, 71);
INSERT INTO Aluno_TCC (id_tcc, id_aluno) VALUES (5, 72);
INSERT INTO Aluno_TCC (id_tcc, id_aluno) VALUES (6, 81);
INSERT INTO Aluno_TCC (id_tcc, id_aluno) VALUES (6, 23);
INSERT INTO Aluno_TCC (id_tcc, id_aluno) VALUES (6, 8);
INSERT INTO Aluno_TCC (id_tcc, id_aluno) VALUES (6, 50);
INSERT INTO Aluno_TCC (id_tcc, id_aluno) VALUES (6, 65);
INSERT INTO Aluno_TCC (id_tcc, id_aluno) VALUES (7, 95);
INSERT INTO Aluno_TCC (id_tcc, id_aluno) VALUES (7, 2);
INSERT INTO Aluno_TCC (id_tcc, id_aluno) VALUES (7, 42);
INSERT INTO Aluno_TCC (id_tcc, id_aluno) VALUES (7, 17);
INSERT INTO Aluno_TCC (id_tcc, id_aluno) VALUES (7, 25);
INSERT INTO Aluno_TCC (id_tcc, id_aluno) VALUES (8, 97);
INSERT INTO Aluno_TCC (id_tcc, id_aluno) VALUES (8, 35);
INSERT INTO Aluno_TCC (id_tcc, id_aluno) VALUES (8, 79);
INSERT INTO Aluno_TCC (id_tcc, id_aluno) VALUES (8, 84);
INSERT INTO Aluno_TCC (id_tcc, id_aluno) VALUES (8, 60);
INSERT INTO Aluno_TCC (id_tcc, id_aluno) VALUES (9, 20);
INSERT INTO Aluno_TCC (id_tcc, id_aluno) VALUES (9, 32);
INSERT INTO Aluno_TCC (id_tcc, id_aluno) VALUES (9, 77);
INSERT INTO Aluno_TCC (id_tcc, id_aluno) VALUES (9, 10);
INSERT INTO Aluno_TCC (id_tcc, id_aluno) VALUES (9, 83);
INSERT INTO Aluno_TCC (id_tcc, id_aluno) VALUES (10, 19);
INSERT INTO Aluno_TCC (id_tcc, id_aluno) VALUES (10, 66);
INSERT INTO Aluno_TCC (id_tcc, id_aluno) VALUES (10, 88);
INSERT INTO Aluno_TCC (id_tcc, id_aluno) VALUES (10, 69);
INSERT INTO Aluno_TCC (id_tcc, id_aluno) VALUES (10, 91);
INSERT INTO Aluno_TCC (id_tcc, id_aluno) VALUES (11, 59);
INSERT INTO Aluno_TCC (id_tcc, id_aluno) VALUES (11, 53);
INSERT INTO Aluno_TCC (id_tcc, id_aluno) VALUES (11, 85);
INSERT INTO Aluno_TCC (id_tcc, id_aluno) VALUES (11, 18);
INSERT INTO Aluno_TCC (id_tcc, id_aluno) VALUES (11, 43);
INSERT INTO Aluno_TCC (id_tcc, id_aluno) VALUES (12, 94);
INSERT INTO Aluno_TCC (id_tcc, id_aluno) VALUES (12, 57);
INSERT INTO Aluno_TCC (id_tcc, id_aluno) VALUES (12, 9);
INSERT INTO Aluno_TCC (id_tcc, id_aluno) VALUES (12, 74);
INSERT INTO Aluno_TCC (id_tcc, id_aluno) VALUES (12, 96);
INSERT INTO Aluno_TCC (id_tcc, id_aluno) VALUES (13, 29);
INSERT INTO Aluno_TCC (id_tcc, id_aluno) VALUES (13, 93);
INSERT INTO Aluno_TCC (id_tcc, id_aluno) VALUES (13, 87);
INSERT INTO Aluno_TCC (id_tcc, id_aluno) VALUES (13, 63);
INSERT INTO Aluno_TCC (id_tcc, id_aluno) VALUES (13, 11);
INSERT INTO Aluno_TCC (id_tcc, id_aluno) VALUES (14, 47);
INSERT INTO Aluno_TCC (id_tcc, id_aluno) VALUES (14, 24);
INSERT INTO Aluno_TCC (id_tcc, id_aluno) VALUES (14, 100);
INSERT INTO Aluno_TCC (id_tcc, id_aluno) VALUES (14, 33);
INSERT INTO Aluno_TCC (id_tcc, id_aluno) VALUES (14, 48);
INSERT INTO Aluno_TCC (id_tcc, id_aluno) VALUES (15, 68);
INSERT INTO Aluno_TCC (id_tcc, id_aluno) VALUES (15, 86);
INSERT INTO Aluno_TCC (id_tcc, id_aluno) VALUES (15, 99);
INSERT INTO Aluno_TCC (id_tcc, id_aluno) VALUES (15, 38);
INSERT INTO Aluno_TCC (id_tcc, id_aluno) VALUES (15, 98);
INSERT INTO Aluno_TCC (id_tcc, id_aluno) VALUES (16, 46);
INSERT INTO Aluno_TCC (id_tcc, id_aluno) VALUES (16, 90);
INSERT INTO Aluno_TCC (id_tcc, id_aluno) VALUES (16, 80);
INSERT INTO Aluno_TCC (id_tcc, id_aluno) VALUES (16, 28);
INSERT INTO Aluno_TCC (id_tcc, id_aluno) VALUES (16, 14);
INSERT INTO Aluno_TCC (id_tcc, id_aluno) VALUES (17, 15);
INSERT INTO Aluno_TCC (id_tcc, id_aluno) VALUES (17, 13);
INSERT INTO Aluno_TCC (id_tcc, id_aluno) VALUES (17, 22);
INSERT INTO Aluno_TCC (id_tcc, id_aluno) VALUES (17, 45);
INSERT INTO Aluno_TCC (id_tcc, id_aluno) VALUES (17, 12);
INSERT INTO Aluno_TCC (id_tcc, id_aluno) VALUES (18, 6);
INSERT INTO Aluno_TCC (id_tcc, id_aluno) VALUES (18, 4);
INSERT INTO Aluno_TCC (id_tcc, id_aluno) VALUES (18, 44);
INSERT INTO Aluno_TCC (id_tcc, id_aluno) VALUES (18, 37);
INSERT INTO Aluno_TCC (id_tcc, id_aluno) VALUES (18, 41);
INSERT INTO Aluno_TCC (id_tcc, id_aluno) VALUES (19, 34);
INSERT INTO Aluno_TCC (id_tcc, id_aluno) VALUES (19, 58);
INSERT INTO Aluno_TCC (id_tcc, id_aluno) VALUES (19, 30);
INSERT INTO Aluno_TCC (id_tcc, id_aluno) VALUES (19, 52);
INSERT INTO Aluno_TCC (id_tcc, id_aluno) VALUES (19, 55);
INSERT INTO Aluno_TCC (id_tcc, id_aluno) VALUES (20, 73);
INSERT INTO Aluno_TCC (id_tcc, id_aluno) VALUES (20, 49);
INSERT INTO Aluno_TCC (id_tcc, id_aluno) VALUES (20, 26);
INSERT INTO Aluno_TCC (id_tcc, id_aluno) VALUES (20, 61);
INSERT INTO Aluno_TCC (id_tcc, id_aluno) VALUES (20, 70);