DELETE FROM Aluno_TCC;
DELETE FROM TCC;
DELETE FROM Historico_Professor;
DELETE FROM Historico_Aluno;
DELETE FROM Grade_Curso;
DELETE FROM Disciplina;
DELETE FROM Aluno;
DELETE FROM Curso;
DELETE FROM Professor;
DELETE FROM Departamento;
INSERT INTO Departamento (id_departamento, nome) VALUES (1, 'Engenharia');
INSERT INTO Departamento (id_departamento, nome) VALUES (2, 'Tecnologia da Informacao');
INSERT INTO Departamento (id_departamento, nome) VALUES (3, 'Matematica');
INSERT INTO Departamento (id_departamento, nome) VALUES (4, 'Fisica');
INSERT INTO Departamento (id_departamento, nome) VALUES (5, 'Quimica');
INSERT INTO Professor (id_professor, nome, cpf, email, id_departamento) VALUES (1, 'Sr. Vitor Gabriel Santos', '375.148.269-55', 'sr.@profFEI.com.br', 2);
INSERT INTO Professor (id_professor, nome, cpf, email, id_departamento) VALUES (2, 'Lívia Ribeiro', '721.608.954-58', 'lívia@profFEI.com.br', 1);
INSERT INTO Professor (id_professor, nome, cpf, email, id_departamento) VALUES (3, 'Lavínia Araújo', '843.106.275-44', 'lavínia@profFEI.com.br', 3);
INSERT INTO Professor (id_professor, nome, cpf, email, id_departamento) VALUES (4, 'Ana Vitória Vasconcelos', '690.128.457-85', 'ana@profFEI.com.br', 3);
INSERT INTO Professor (id_professor, nome, cpf, email, id_departamento) VALUES (5, 'Gabrielly Barbosa', '691.358.042-89', 'gabrielly@profFEI.com.br', 5);
INSERT INTO Professor (id_professor, nome, cpf, email, id_departamento) VALUES (6, 'Benjamin Novais', '835.916.724-91', 'benjamin@profFEI.com.br', 2);
INSERT INTO Professor (id_professor, nome, cpf, email, id_departamento) VALUES (7, 'Srta. Ana Lívia Cassiano', '803.512.497-88', 'srta.@profFEI.com.br', 1);
INSERT INTO Professor (id_professor, nome, cpf, email, id_departamento) VALUES (8, 'Oliver Cirino', '805.174.329-60', 'oliver@profFEI.com.br', 2);
INSERT INTO Professor (id_professor, nome, cpf, email, id_departamento) VALUES (9, 'Antônio Castro', '067.384.912-04', 'antônio@profFEI.com.br', 4);
INSERT INTO Professor (id_professor, nome, cpf, email, id_departamento) VALUES (10, 'Sr. Kevin da Rosa', '694.517.283-09', 'sr.@profFEI.com.br', 1);
INSERT INTO Professor (id_professor, nome, cpf, email, id_departamento) VALUES (11, 'Thomas Abreu', '493.156.287-64', 'thomas@profFEI.com.br', 1);
INSERT INTO Professor (id_professor, nome, cpf, email, id_departamento) VALUES (12, 'Sr. Thales Costela', '906.853.427-00', 'sr.@profFEI.com.br', 3);
INSERT INTO Professor (id_professor, nome, cpf, email, id_departamento) VALUES (13, 'Cecilia Silveira', '562.817.439-46', 'cecilia@profFEI.com.br', 4);
INSERT INTO Professor (id_professor, nome, cpf, email, id_departamento) VALUES (14, 'Ravy da Mata', '143.962.580-89', 'ravy@profFEI.com.br', 1);
INSERT INTO Professor (id_professor, nome, cpf, email, id_departamento) VALUES (15, 'Sra. Maria Julia Monteiro', '028.739.154-04', 'sra.@profFEI.com.br', 4);
INSERT INTO Professor (id_professor, nome, cpf, email, id_departamento) VALUES (16, 'Allana Vasconcelos', '807.563.214-17', 'allana@profFEI.com.br', 4);
INSERT INTO Professor (id_professor, nome, cpf, email, id_departamento) VALUES (17, 'Srta. Helena Marques', '590.147.283-79', 'srta.@profFEI.com.br', 3);
INSERT INTO Professor (id_professor, nome, cpf, email, id_departamento) VALUES (18, 'Gabrielly Fonseca', '892.365.147-82', 'gabrielly@profFEI.com.br', 5);
INSERT INTO Professor (id_professor, nome, cpf, email, id_departamento) VALUES (19, 'Pedro Henrique Camargo', '615.803.729-02', 'pedro@profFEI.com.br', 3);
INSERT INTO Professor (id_professor, nome, cpf, email, id_departamento) VALUES (20, 'Lívia Vasconcelos', '681.570.324-07', 'lívia@profFEI.com.br', 2);
UPDATE Departamento SET id_chefe_departamento = 11 WHERE id_departamento = 1;
UPDATE Departamento SET id_chefe_departamento = 1 WHERE id_departamento = 2;
UPDATE Departamento SET id_chefe_departamento = 17 WHERE id_departamento = 3;
UPDATE Departamento SET id_chefe_departamento = 15 WHERE id_departamento = 4;
UPDATE Departamento SET id_chefe_departamento = 18 WHERE id_departamento = 5;
INSERT INTO Curso (id_curso, nome, id_departamento, id_coordenador) VALUES (1, 'Engenharia Civil', 1, 7);
INSERT INTO Curso (id_curso, nome, id_departamento, id_coordenador) VALUES (2, 'Ciencia da Computacao', 2, 1);
INSERT INTO Curso (id_curso, nome, id_departamento, id_coordenador) VALUES (3, 'Estatistica', 3, 19);
INSERT INTO Curso (id_curso, nome, id_departamento, id_coordenador) VALUES (4, 'Fisica Computacional', 4, 15);
INSERT INTO Curso (id_curso, nome, id_departamento, id_coordenador) VALUES (5, 'Quimica Aplicada', 5, 18);
INSERT INTO Aluno (id_aluno, nome, cpf, email, matricula, id_curso) VALUES (1, 'Luiz Gustavo Silveira', '028.539.471-14', 'luiz@alunoFEI.com.br', 'MAT00001', 3);
INSERT INTO Aluno (id_aluno, nome, cpf, email, matricula, id_curso) VALUES (2, 'Alexandre Sampaio', '102.478.596-30', 'alexandre@alunoFEI.com.br', 'MAT00002', 3);
INSERT INTO Aluno (id_aluno, nome, cpf, email, matricula, id_curso) VALUES (3, 'Dr. Diogo da Conceição', '915.820.437-79', 'dr.@alunoFEI.com.br', 'MAT00003', 2);
INSERT INTO Aluno (id_aluno, nome, cpf, email, matricula, id_curso) VALUES (4, 'Srta. Hadassa Guerra', '157.602.493-80', 'srta.@alunoFEI.com.br', 'MAT00004', 5);
INSERT INTO Aluno (id_aluno, nome, cpf, email, matricula, id_curso) VALUES (5, 'Clara Lima', '608.315.724-26', 'clara@alunoFEI.com.br', 'MAT00005', 2);
INSERT INTO Aluno (id_aluno, nome, cpf, email, matricula, id_curso) VALUES (6, 'Vitória Carvalho', '496.713.508-01', 'vitória@alunoFEI.com.br', 'MAT00006', 2);
INSERT INTO Aluno (id_aluno, nome, cpf, email, matricula, id_curso) VALUES (7, 'Léo Azevedo', '491.602.753-16', 'léo@alunoFEI.com.br', 'MAT00007', 2);
INSERT INTO Aluno (id_aluno, nome, cpf, email, matricula, id_curso) VALUES (8, 'Srta. Sara Melo', '734.956.081-84', 'srta.@alunoFEI.com.br', 'MAT00008', 5);
INSERT INTO Aluno (id_aluno, nome, cpf, email, matricula, id_curso) VALUES (9, 'Marcelo Pereira', '971.586.042-76', 'marcelo@alunoFEI.com.br', 'MAT00009', 2);
INSERT INTO Aluno (id_aluno, nome, cpf, email, matricula, id_curso) VALUES (10, 'Joana Andrade', '802.439.576-29', 'joana@alunoFEI.com.br', 'MAT00010', 5);
INSERT INTO Aluno (id_aluno, nome, cpf, email, matricula, id_curso) VALUES (11, 'Isabel Câmara', '315.260.974-43', 'isabel@alunoFEI.com.br', 'MAT00011', 2);
INSERT INTO Aluno (id_aluno, nome, cpf, email, matricula, id_curso) VALUES (12, 'Dra. Cecilia Viana', '125.768.309-86', 'dra.@alunoFEI.com.br', 'MAT00012', 4);
INSERT INTO Aluno (id_aluno, nome, cpf, email, matricula, id_curso) VALUES (13, 'Luiz Felipe Moreira', '956.318.047-00', 'luiz@alunoFEI.com.br', 'MAT00013', 3);
INSERT INTO Aluno (id_aluno, nome, cpf, email, matricula, id_curso) VALUES (14, 'Kaique da Conceição', '254.961.387-28', 'kaique@alunoFEI.com.br', 'MAT00014', 3);
INSERT INTO Aluno (id_aluno, nome, cpf, email, matricula, id_curso) VALUES (15, 'Ana Julia Martins', '459.607.321-06', 'ana@alunoFEI.com.br', 'MAT00015', 5);
INSERT INTO Aluno (id_aluno, nome, cpf, email, matricula, id_curso) VALUES (16, 'Dr. Raul Sousa', '861.503.927-59', 'dr.@alunoFEI.com.br', 'MAT00016', 1);
INSERT INTO Aluno (id_aluno, nome, cpf, email, matricula, id_curso) VALUES (17, 'Valentina Souza', '578.239.140-50', 'valentina@alunoFEI.com.br', 'MAT00017', 3);
INSERT INTO Aluno (id_aluno, nome, cpf, email, matricula, id_curso) VALUES (18, 'Lucca Sá', '570.194.823-41', 'lucca@alunoFEI.com.br', 'MAT00018', 1);
INSERT INTO Aluno (id_aluno, nome, cpf, email, matricula, id_curso) VALUES (19, 'Emilly Almeida', '130.684.792-31', 'emilly@alunoFEI.com.br', 'MAT00019', 2);
INSERT INTO Aluno (id_aluno, nome, cpf, email, matricula, id_curso) VALUES (20, 'Enzo Gabriel Garcia', '349.861.052-05', 'enzo@alunoFEI.com.br', 'MAT00020', 1);
INSERT INTO Aluno (id_aluno, nome, cpf, email, matricula, id_curso) VALUES (21, 'Henry Pinto', '359.602.718-77', 'henry@alunoFEI.com.br', 'MAT00021', 2);
INSERT INTO Aluno (id_aluno, nome, cpf, email, matricula, id_curso) VALUES (22, 'Luiz Otávio Rocha', '425.309.781-23', 'luiz@alunoFEI.com.br', 'MAT00022', 1);
INSERT INTO Aluno (id_aluno, nome, cpf, email, matricula, id_curso) VALUES (23, 'Liam Costa', '162.850.947-30', 'liam@alunoFEI.com.br', 'MAT00023', 5);
INSERT INTO Aluno (id_aluno, nome, cpf, email, matricula, id_curso) VALUES (24, 'Thales Ribeiro', '853.940.712-41', 'thales@alunoFEI.com.br', 'MAT00024', 1);
INSERT INTO Aluno (id_aluno, nome, cpf, email, matricula, id_curso) VALUES (25, 'Brayan Rios', '927.341.068-50', 'brayan@alunoFEI.com.br', 'MAT00025', 3);
INSERT INTO Aluno (id_aluno, nome, cpf, email, matricula, id_curso) VALUES (26, 'Esther Mendes', '908.175.246-49', 'esther@alunoFEI.com.br', 'MAT00026', 1);
INSERT INTO Aluno (id_aluno, nome, cpf, email, matricula, id_curso) VALUES (27, 'Vitor Hugo Peixoto', '276.418.350-07', 'vitor@alunoFEI.com.br', 'MAT00027', 3);
INSERT INTO Aluno (id_aluno, nome, cpf, email, matricula, id_curso) VALUES (28, 'Caleb Ribeiro', '803.591.624-60', 'caleb@alunoFEI.com.br', 'MAT00028', 4);
INSERT INTO Aluno (id_aluno, nome, cpf, email, matricula, id_curso) VALUES (29, 'Beatriz Mendes', '072.316.459-25', 'beatriz@alunoFEI.com.br', 'MAT00029', 1);
INSERT INTO Aluno (id_aluno, nome, cpf, email, matricula, id_curso) VALUES (30, 'Melina Duarte', '298.630.145-24', 'melina@alunoFEI.com.br', 'MAT00030', 3);
INSERT INTO Aluno (id_aluno, nome, cpf, email, matricula, id_curso) VALUES (31, 'Maria Sophia Correia', '756.429.183-46', 'maria@alunoFEI.com.br', 'MAT00031', 4);
INSERT INTO Aluno (id_aluno, nome, cpf, email, matricula, id_curso) VALUES (32, 'Carolina Vieira', '142.650.789-58', 'carolina@alunoFEI.com.br', 'MAT00032', 2);
INSERT INTO Aluno (id_aluno, nome, cpf, email, matricula, id_curso) VALUES (33, 'Rafaela Lima', '657.839.402-83', 'rafaela@alunoFEI.com.br', 'MAT00033', 3);
INSERT INTO Aluno (id_aluno, nome, cpf, email, matricula, id_curso) VALUES (34, 'Juliana Mendes', '139.608.547-57', 'juliana@alunoFEI.com.br', 'MAT00034', 4);
INSERT INTO Aluno (id_aluno, nome, cpf, email, matricula, id_curso) VALUES (35, 'Danilo Pereira', '578.249.063-29', 'danilo@alunoFEI.com.br', 'MAT00035', 5);
INSERT INTO Aluno (id_aluno, nome, cpf, email, matricula, id_curso) VALUES (36, 'João Guilherme Peixoto', '765.281.390-59', 'joão@alunoFEI.com.br', 'MAT00036', 5);
INSERT INTO Aluno (id_aluno, nome, cpf, email, matricula, id_curso) VALUES (37, 'Alice Pinto', '436.892.750-83', 'alice@alunoFEI.com.br', 'MAT00037', 4);
INSERT INTO Aluno (id_aluno, nome, cpf, email, matricula, id_curso) VALUES (38, 'Vitória Aragão', '967.082.431-13', 'vitória@alunoFEI.com.br', 'MAT00038', 2);
INSERT INTO Aluno (id_aluno, nome, cpf, email, matricula, id_curso) VALUES (39, 'Apollo Gonçalves', '173.058.964-20', 'apollo@alunoFEI.com.br', 'MAT00039', 4);
INSERT INTO Aluno (id_aluno, nome, cpf, email, matricula, id_curso) VALUES (40, 'Lorena Aparecida', '083.914.527-60', 'lorena@alunoFEI.com.br', 'MAT00040', 1);
INSERT INTO Aluno (id_aluno, nome, cpf, email, matricula, id_curso) VALUES (41, 'Sra. Jade da Cunha', '168.792.354-09', 'sra.@alunoFEI.com.br', 'MAT00041', 3);
INSERT INTO Aluno (id_aluno, nome, cpf, email, matricula, id_curso) VALUES (42, 'Caleb Siqueira', '704.386.195-01', 'caleb@alunoFEI.com.br', 'MAT00042', 1);
INSERT INTO Aluno (id_aluno, nome, cpf, email, matricula, id_curso) VALUES (43, 'Sra. Fernanda Fogaça', '478.351.260-44', 'sra.@alunoFEI.com.br', 'MAT00043', 3);
INSERT INTO Aluno (id_aluno, nome, cpf, email, matricula, id_curso) VALUES (44, 'Sr. Dante Rocha', '729.085.461-67', 'sr.@alunoFEI.com.br', 'MAT00044', 5);
INSERT INTO Aluno (id_aluno, nome, cpf, email, matricula, id_curso) VALUES (45, 'Lara Cavalcante', '032.478.615-80', 'lara@alunoFEI.com.br', 'MAT00045', 2);
INSERT INTO Aluno (id_aluno, nome, cpf, email, matricula, id_curso) VALUES (46, 'Augusto Araújo', '275.308.149-23', 'augusto@alunoFEI.com.br', 'MAT00046', 3);
INSERT INTO Aluno (id_aluno, nome, cpf, email, matricula, id_curso) VALUES (47, 'Cauê Novaes', '943.260.571-06', 'cauê@alunoFEI.com.br', 'MAT00047', 2);
INSERT INTO Aluno (id_aluno, nome, cpf, email, matricula, id_curso) VALUES (48, 'João Vitor Dias', '457.309.621-34', 'joão@alunoFEI.com.br', 'MAT00048', 4);
INSERT INTO Aluno (id_aluno, nome, cpf, email, matricula, id_curso) VALUES (49, 'Yuri Pinto', '937.615.204-25', 'yuri@alunoFEI.com.br', 'MAT00049', 5);
INSERT INTO Aluno (id_aluno, nome, cpf, email, matricula, id_curso) VALUES (50, 'Agatha Pires', '086.943.175-75', 'agatha@alunoFEI.com.br', 'MAT00050', 4);
INSERT INTO Aluno (id_aluno, nome, cpf, email, matricula, id_curso) VALUES (51, 'Yuri Campos', '893.125.064-98', 'yuri@alunoFEI.com.br', 'MAT00051', 3);
INSERT INTO Aluno (id_aluno, nome, cpf, email, matricula, id_curso) VALUES (52, 'Theo Borges', '079.451.283-60', 'theo@alunoFEI.com.br', 'MAT00052', 3);
INSERT INTO Aluno (id_aluno, nome, cpf, email, matricula, id_curso) VALUES (53, 'Heloisa Melo', '316.082.574-44', 'heloisa@alunoFEI.com.br', 'MAT00053', 5);
INSERT INTO Aluno (id_aluno, nome, cpf, email, matricula, id_curso) VALUES (54, 'Luiz Felipe Carvalho', '265.879.403-74', 'luiz@alunoFEI.com.br', 'MAT00054', 2);
INSERT INTO Aluno (id_aluno, nome, cpf, email, matricula, id_curso) VALUES (55, 'Milena Gomes', '651.028.974-11', 'milena@alunoFEI.com.br', 'MAT00055', 4);
INSERT INTO Aluno (id_aluno, nome, cpf, email, matricula, id_curso) VALUES (56, 'Fernanda Mendes', '106.358.924-05', 'fernanda@alunoFEI.com.br', 'MAT00056', 2);
INSERT INTO Aluno (id_aluno, nome, cpf, email, matricula, id_curso) VALUES (57, 'João Lucas Siqueira', '593.780.241-14', 'joão@alunoFEI.com.br', 'MAT00057', 2);
INSERT INTO Aluno (id_aluno, nome, cpf, email, matricula, id_curso) VALUES (58, 'Marcos Vinicius Borges', '148.065.723-90', 'marcos@alunoFEI.com.br', 'MAT00058', 4);
INSERT INTO Aluno (id_aluno, nome, cpf, email, matricula, id_curso) VALUES (59, 'Isadora Macedo', '549.760.138-39', 'isadora@alunoFEI.com.br', 'MAT00059', 5);
INSERT INTO Aluno (id_aluno, nome, cpf, email, matricula, id_curso) VALUES (60, 'Dra. Ana Sophia da Rocha', '490.372.568-56', 'dra.@alunoFEI.com.br', 'MAT00060', 3);
INSERT INTO Aluno (id_aluno, nome, cpf, email, matricula, id_curso) VALUES (61, 'Kaique da Mota', '426.153.789-37', 'kaique@alunoFEI.com.br', 'MAT00061', 3);
INSERT INTO Aluno (id_aluno, nome, cpf, email, matricula, id_curso) VALUES (62, 'Benjamin Aparecida', '427.356.918-37', 'benjamin@alunoFEI.com.br', 'MAT00062', 1);
INSERT INTO Aluno (id_aluno, nome, cpf, email, matricula, id_curso) VALUES (63, 'Lorenzo Souza', '657.034.819-10', 'lorenzo@alunoFEI.com.br', 'MAT00063', 2);
INSERT INTO Aluno (id_aluno, nome, cpf, email, matricula, id_curso) VALUES (64, 'Juliana Santos', '692.340.871-78', 'juliana@alunoFEI.com.br', 'MAT00064', 5);
INSERT INTO Aluno (id_aluno, nome, cpf, email, matricula, id_curso) VALUES (65, 'Davi Luiz da Mota', '816.495.327-09', 'davi@alunoFEI.com.br', 'MAT00065', 4);
INSERT INTO Aluno (id_aluno, nome, cpf, email, matricula, id_curso) VALUES (66, 'Ester Ferreira', '275.641.390-99', 'ester@alunoFEI.com.br', 'MAT00066', 5);
INSERT INTO Aluno (id_aluno, nome, cpf, email, matricula, id_curso) VALUES (67, 'Diego da Rosa', '087.412.396-87', 'diego@alunoFEI.com.br', 'MAT00067', 3);
INSERT INTO Aluno (id_aluno, nome, cpf, email, matricula, id_curso) VALUES (68, 'Ayla Castro', '780.519.634-66', 'ayla@alunoFEI.com.br', 'MAT00068', 3);
INSERT INTO Aluno (id_aluno, nome, cpf, email, matricula, id_curso) VALUES (69, 'Maria Clara da Mata', '685.403.927-47', 'maria@alunoFEI.com.br', 'MAT00069', 5);
INSERT INTO Aluno (id_aluno, nome, cpf, email, matricula, id_curso) VALUES (70, 'Dr. João Vitor Alves', '874.326.910-96', 'dr.@alunoFEI.com.br', 'MAT00070', 2);
INSERT INTO Aluno (id_aluno, nome, cpf, email, matricula, id_curso) VALUES (71, 'Vitor Hugo Pacheco', '190.468.572-20', 'vitor@alunoFEI.com.br', 'MAT00071', 2);
INSERT INTO Aluno (id_aluno, nome, cpf, email, matricula, id_curso) VALUES (72, 'Samuel Oliveira', '289.035.671-02', 'samuel@alunoFEI.com.br', 'MAT00072', 1);
INSERT INTO Aluno (id_aluno, nome, cpf, email, matricula, id_curso) VALUES (73, 'Camila Porto', '859.613.704-10', 'camila@alunoFEI.com.br', 'MAT00073', 3);
INSERT INTO Aluno (id_aluno, nome, cpf, email, matricula, id_curso) VALUES (74, 'João Guilherme Moreira', '485.061.972-01', 'joão@alunoFEI.com.br', 'MAT00074', 2);
INSERT INTO Aluno (id_aluno, nome, cpf, email, matricula, id_curso) VALUES (75, 'Daniel Pacheco', '143.796.258-00', 'daniel@alunoFEI.com.br', 'MAT00075', 4);
INSERT INTO Aluno (id_aluno, nome, cpf, email, matricula, id_curso) VALUES (76, 'Thales Fonseca', '362.189.750-02', 'thales@alunoFEI.com.br', 'MAT00076', 1);
INSERT INTO Aluno (id_aluno, nome, cpf, email, matricula, id_curso) VALUES (77, 'Renan Novaes', '389.205.641-24', 'renan@alunoFEI.com.br', 'MAT00077', 1);
INSERT INTO Aluno (id_aluno, nome, cpf, email, matricula, id_curso) VALUES (78, 'Hellena Pires', '398.652.170-40', 'hellena@alunoFEI.com.br', 'MAT00078', 3);
INSERT INTO Aluno (id_aluno, nome, cpf, email, matricula, id_curso) VALUES (79, 'Dr. Henrique Gomes', '256.839.471-46', 'dr.@alunoFEI.com.br', 'MAT00079', 3);
INSERT INTO Aluno (id_aluno, nome, cpf, email, matricula, id_curso) VALUES (80, 'Henry Gabriel Sousa', '124.067.589-58', 'henry@alunoFEI.com.br', 'MAT00080', 1);
INSERT INTO Aluno (id_aluno, nome, cpf, email, matricula, id_curso) VALUES (81, 'Luiz Gustavo Souza', '904.217.368-87', 'luiz@alunoFEI.com.br', 'MAT00081', 2);
INSERT INTO Aluno (id_aluno, nome, cpf, email, matricula, id_curso) VALUES (82, 'Maria Luísa Novaes', '650.213.879-95', 'maria@alunoFEI.com.br', 'MAT00082', 2);
INSERT INTO Aluno (id_aluno, nome, cpf, email, matricula, id_curso) VALUES (83, 'Sr. Levi Jesus', '607.435.892-38', 'sr.@alunoFEI.com.br', 'MAT00083', 4);
INSERT INTO Aluno (id_aluno, nome, cpf, email, matricula, id_curso) VALUES (84, 'Theodoro Ramos', '183.459.072-88', 'theodoro@alunoFEI.com.br', 'MAT00084', 5);
INSERT INTO Aluno (id_aluno, nome, cpf, email, matricula, id_curso) VALUES (85, 'Mariah Ferreira', '572.801.439-97', 'mariah@alunoFEI.com.br', 'MAT00085', 4);
INSERT INTO Aluno (id_aluno, nome, cpf, email, matricula, id_curso) VALUES (86, 'Joaquim Freitas', '304.859.712-32', 'joaquim@alunoFEI.com.br', 'MAT00086', 1);
INSERT INTO Aluno (id_aluno, nome, cpf, email, matricula, id_curso) VALUES (87, 'José Miguel Caldeira', '863.920.175-77', 'josé@alunoFEI.com.br', 'MAT00087', 2);
INSERT INTO Aluno (id_aluno, nome, cpf, email, matricula, id_curso) VALUES (88, 'Dr. Rael Abreu', '807.521.934-14', 'dr.@alunoFEI.com.br', 'MAT00088', 5);
INSERT INTO Aluno (id_aluno, nome, cpf, email, matricula, id_curso) VALUES (89, 'Alexia da Mata', '852.319.704-41', 'alexia@alunoFEI.com.br', 'MAT00089', 5);
INSERT INTO Aluno (id_aluno, nome, cpf, email, matricula, id_curso) VALUES (90, 'Dr. Gael Sousa', '503.264.819-15', 'dr.@alunoFEI.com.br', 'MAT00090', 1);
INSERT INTO Aluno (id_aluno, nome, cpf, email, matricula, id_curso) VALUES (91, 'Joaquim Machado', '647.290.531-25', 'joaquim@alunoFEI.com.br', 'MAT00091', 2);
INSERT INTO Aluno (id_aluno, nome, cpf, email, matricula, id_curso) VALUES (92, 'Dr. Benjamin Cavalcanti', '364.729.085-83', 'dr.@alunoFEI.com.br', 'MAT00092', 4);
INSERT INTO Aluno (id_aluno, nome, cpf, email, matricula, id_curso) VALUES (93, 'Dr. Gael Vasconcelos', '436.590.218-06', 'dr.@alunoFEI.com.br', 'MAT00093', 1);
INSERT INTO Aluno (id_aluno, nome, cpf, email, matricula, id_curso) VALUES (94, 'Sra. Ayla Aragão', '256.940.318-06', 'sra.@alunoFEI.com.br', 'MAT00094', 4);
INSERT INTO Aluno (id_aluno, nome, cpf, email, matricula, id_curso) VALUES (95, 'Dra. Esther Dias', '281.769.534-82', 'dra.@alunoFEI.com.br', 'MAT00095', 3);
INSERT INTO Aluno (id_aluno, nome, cpf, email, matricula, id_curso) VALUES (96, 'Gael Henrique das Neves', '087.645.192-01', 'gael@alunoFEI.com.br', 'MAT00096', 1);
INSERT INTO Aluno (id_aluno, nome, cpf, email, matricula, id_curso) VALUES (97, 'Maria Vieira', '516.023.987-12', 'maria@alunoFEI.com.br', 'MAT00097', 4);
INSERT INTO Aluno (id_aluno, nome, cpf, email, matricula, id_curso) VALUES (98, 'Oliver Silveira', '670.125.394-61', 'oliver@alunoFEI.com.br', 'MAT00098', 3);
INSERT INTO Aluno (id_aluno, nome, cpf, email, matricula, id_curso) VALUES (99, 'Gael Henrique Costa', '256.718.903-30', 'gael@alunoFEI.com.br', 'MAT00099', 5);
INSERT INTO Aluno (id_aluno, nome, cpf, email, matricula, id_curso) VALUES (100, 'Julia Vargas', '840.192.763-31', 'julia@alunoFEI.com.br', 'MAT00100', 1);
INSERT INTO Disciplina (id_disciplina, nome, codigo, id_departamento) VALUES (1, 'Mecânica dos Solos', 'D001', 1);
INSERT INTO Disciplina (id_disciplina, nome, codigo, id_departamento) VALUES (2, 'Estruturas de Concreto', 'D002', 1);
INSERT INTO Disciplina (id_disciplina, nome, codigo, id_departamento) VALUES (3, 'Construção Civil', 'D003', 1);
INSERT INTO Disciplina (id_disciplina, nome, codigo, id_departamento) VALUES (4, 'Geotecnia', 'D004', 1);
INSERT INTO Disciplina (id_disciplina, nome, codigo, id_departamento) VALUES (5, 'Hidráulica', 'D005', 1);
INSERT INTO Disciplina (id_disciplina, nome, codigo, id_departamento) VALUES (6, 'Desenho Técnico', 'D006', 1);
INSERT INTO Historico_Professor (id_professor, id_disciplina, semestre) VALUES (2, 6, '2022/1');
INSERT INTO Historico_Professor (id_professor, id_disciplina, semestre) VALUES (2, 2, '2022/2');
INSERT INTO Historico_Professor (id_professor, id_disciplina, semestre) VALUES (2, 6, '2022/2');
INSERT INTO Historico_Professor (id_professor, id_disciplina, semestre) VALUES (2, 2, '2024/1');
INSERT INTO Historico_Professor (id_professor, id_disciplina, semestre) VALUES (7, 2, '2025/1');
INSERT INTO Historico_Professor (id_professor, id_disciplina, semestre) VALUES (7, 3, '2024/2');
INSERT INTO Historico_Professor (id_professor, id_disciplina, semestre) VALUES (7, 1, '2024/1');
INSERT INTO Historico_Professor (id_professor, id_disciplina, semestre) VALUES (10, 3, '2024/1');
INSERT INTO Historico_Professor (id_professor, id_disciplina, semestre) VALUES (10, 2, '2023/1');
INSERT INTO Historico_Professor (id_professor, id_disciplina, semestre) VALUES (10, 3, '2023/1');
INSERT INTO Historico_Professor (id_professor, id_disciplina, semestre) VALUES (11, 1, '2025/1');
INSERT INTO Historico_Professor (id_professor, id_disciplina, semestre) VALUES (11, 2, '2023/1');
INSERT INTO Historico_Professor (id_professor, id_disciplina, semestre) VALUES (11, 4, '2025/2');
INSERT INTO Historico_Professor (id_professor, id_disciplina, semestre) VALUES (14, 3, '2023/2');
INSERT INTO Disciplina (id_disciplina, nome, codigo, id_departamento) VALUES (7, 'Algoritmos', 'D007', 2);
INSERT INTO Disciplina (id_disciplina, nome, codigo, id_departamento) VALUES (8, 'Estruturas de Dados', 'D008', 2);
INSERT INTO Disciplina (id_disciplina, nome, codigo, id_departamento) VALUES (9, 'Redes de Computadores', 'D009', 2);
INSERT INTO Disciplina (id_disciplina, nome, codigo, id_departamento) VALUES (10, 'Banco de Dados', 'D010', 2);
INSERT INTO Disciplina (id_disciplina, nome, codigo, id_departamento) VALUES (11, 'Sistemas Operacionais', 'D011', 2);
INSERT INTO Disciplina (id_disciplina, nome, codigo, id_departamento) VALUES (12, 'Inteligência Artificial', 'D012', 2);
INSERT INTO Historico_Professor (id_professor, id_disciplina, semestre) VALUES (1, 9, '2024/2');
INSERT INTO Historico_Professor (id_professor, id_disciplina, semestre) VALUES (1, 11, '2024/1');
INSERT INTO Historico_Professor (id_professor, id_disciplina, semestre) VALUES (2, 4, '2025/1');
INSERT INTO Historico_Professor (id_professor, id_disciplina, semestre) VALUES (2, 4, '2023/1');
INSERT INTO Historico_Professor (id_professor, id_disciplina, semestre) VALUES (2, 5, '2024/2');
INSERT INTO Historico_Professor (id_professor, id_disciplina, semestre) VALUES (6, 8, '2025/2');
INSERT INTO Historico_Professor (id_professor, id_disciplina, semestre) VALUES (7, 2, '2022/2');
INSERT INTO Historico_Professor (id_professor, id_disciplina, semestre) VALUES (7, 1, '2025/2');
INSERT INTO Historico_Professor (id_professor, id_disciplina, semestre) VALUES (7, 1, '2024/1');
INSERT INTO Historico_Professor (id_professor, id_disciplina, semestre) VALUES (8, 12, '2023/2');
INSERT INTO Historico_Professor (id_professor, id_disciplina, semestre) VALUES (8, 7, '2025/2');
INSERT INTO Historico_Professor (id_professor, id_disciplina, semestre) VALUES (10, 2, '2022/1');
INSERT INTO Historico_Professor (id_professor, id_disciplina, semestre) VALUES (10, 2, '2023/1');
INSERT INTO Historico_Professor (id_professor, id_disciplina, semestre) VALUES (11, 2, '2022/1');
INSERT INTO Historico_Professor (id_professor, id_disciplina, semestre) VALUES (11, 6, '2024/1');
INSERT INTO Historico_Professor (id_professor, id_disciplina, semestre) VALUES (11, 2, '2022/2');
INSERT INTO Historico_Professor (id_professor, id_disciplina, semestre) VALUES (14, 2, '2022/1');
INSERT INTO Historico_Professor (id_professor, id_disciplina, semestre) VALUES (14, 1, '2024/2');
INSERT INTO Historico_Professor (id_professor, id_disciplina, semestre) VALUES (14, 3, '2023/1');
INSERT INTO Historico_Professor (id_professor, id_disciplina, semestre) VALUES (14, 5, '2023/2');
INSERT INTO Historico_Professor (id_professor, id_disciplina, semestre) VALUES (20, 7, '2024/2');
INSERT INTO Historico_Professor (id_professor, id_disciplina, semestre) VALUES (20, 11, '2022/2');
INSERT INTO Disciplina (id_disciplina, nome, codigo, id_departamento) VALUES (13, 'Probabilidade', 'D013', 3);
INSERT INTO Disciplina (id_disciplina, nome, codigo, id_departamento) VALUES (14, 'Inferência Estatística', 'D014', 3);
INSERT INTO Disciplina (id_disciplina, nome, codigo, id_departamento) VALUES (15, 'Modelos Lineares', 'D015', 3);
INSERT INTO Disciplina (id_disciplina, nome, codigo, id_departamento) VALUES (16, 'Estatística Computacional', 'D016', 3);
INSERT INTO Disciplina (id_disciplina, nome, codigo, id_departamento) VALUES (17, 'Análise Multivariada', 'D017', 3);
INSERT INTO Disciplina (id_disciplina, nome, codigo, id_departamento) VALUES (18, 'Séries Temporais', 'D018', 3);
INSERT INTO Historico_Professor (id_professor, id_disciplina, semestre) VALUES (1, 8, '2024/1');
INSERT INTO Historico_Professor (id_professor, id_disciplina, semestre) VALUES (1, 12, '2023/1');
INSERT INTO Historico_Professor (id_professor, id_disciplina, semestre) VALUES (1, 10, '2022/2');
INSERT INTO Historico_Professor (id_professor, id_disciplina, semestre) VALUES (2, 5, '2022/1');
INSERT INTO Historico_Professor (id_professor, id_disciplina, semestre) VALUES (2, 3, '2025/2');
INSERT INTO Historico_Professor (id_professor, id_disciplina, semestre) VALUES (3, 17, '2024/2');
INSERT INTO Historico_Professor (id_professor, id_disciplina, semestre) VALUES (3, 17, '2024/2');
INSERT INTO Historico_Professor (id_professor, id_disciplina, semestre) VALUES (3, 16, '2022/1');
INSERT INTO Historico_Professor (id_professor, id_disciplina, semestre) VALUES (3, 13, '2024/1');
INSERT INTO Historico_Professor (id_professor, id_disciplina, semestre) VALUES (4, 16, '2022/1');
INSERT INTO Historico_Professor (id_professor, id_disciplina, semestre) VALUES (6, 8, '2022/2');
INSERT INTO Historico_Professor (id_professor, id_disciplina, semestre) VALUES (6, 10, '2025/2');
INSERT INTO Historico_Professor (id_professor, id_disciplina, semestre) VALUES (6, 9, '2022/2');
INSERT INTO Historico_Professor (id_professor, id_disciplina, semestre) VALUES (7, 2, '2024/2');
INSERT INTO Historico_Professor (id_professor, id_disciplina, semestre) VALUES (7, 5, '2023/2');
INSERT INTO Historico_Professor (id_professor, id_disciplina, semestre) VALUES (8, 11, '2022/2');
INSERT INTO Historico_Professor (id_professor, id_disciplina, semestre) VALUES (8, 8, '2024/2');
INSERT INTO Historico_Professor (id_professor, id_disciplina, semestre) VALUES (10, 6, '2024/2');
INSERT INTO Historico_Professor (id_professor, id_disciplina, semestre) VALUES (10, 2, '2024/1');
INSERT INTO Historico_Professor (id_professor, id_disciplina, semestre) VALUES (10, 1, '2025/2');
INSERT INTO Historico_Professor (id_professor, id_disciplina, semestre) VALUES (10, 1, '2023/1');
INSERT INTO Historico_Professor (id_professor, id_disciplina, semestre) VALUES (11, 4, '2024/2');
INSERT INTO Historico_Professor (id_professor, id_disciplina, semestre) VALUES (11, 3, '2023/1');
INSERT INTO Historico_Professor (id_professor, id_disciplina, semestre) VALUES (12, 17, '2023/1');
INSERT INTO Historico_Professor (id_professor, id_disciplina, semestre) VALUES (12, 18, '2022/1');
INSERT INTO Historico_Professor (id_professor, id_disciplina, semestre) VALUES (14, 2, '2024/1');
INSERT INTO Historico_Professor (id_professor, id_disciplina, semestre) VALUES (14, 5, '2022/1');
INSERT INTO Historico_Professor (id_professor, id_disciplina, semestre) VALUES (17, 13, '2024/2');
INSERT INTO Historico_Professor (id_professor, id_disciplina, semestre) VALUES (17, 14, '2023/1');
INSERT INTO Historico_Professor (id_professor, id_disciplina, semestre) VALUES (19, 14, '2023/2');
INSERT INTO Historico_Professor (id_professor, id_disciplina, semestre) VALUES (19, 13, '2023/1');
INSERT INTO Historico_Professor (id_professor, id_disciplina, semestre) VALUES (19, 16, '2022/2');
INSERT INTO Historico_Professor (id_professor, id_disciplina, semestre) VALUES (19, 17, '2025/2');
INSERT INTO Historico_Professor (id_professor, id_disciplina, semestre) VALUES (20, 12, '2023/1');
INSERT INTO Historico_Professor (id_professor, id_disciplina, semestre) VALUES (20, 7, '2025/2');
INSERT INTO Disciplina (id_disciplina, nome, codigo, id_departamento) VALUES (19, 'Mecânica Computacional', 'D019', 4);
INSERT INTO Disciplina (id_disciplina, nome, codigo, id_departamento) VALUES (20, 'Simulações Numéricas', 'D020', 4);
INSERT INTO Disciplina (id_disciplina, nome, codigo, id_departamento) VALUES (21, 'Modelos Físicos', 'D021', 4);
INSERT INTO Disciplina (id_disciplina, nome, codigo, id_departamento) VALUES (22, 'Termodinâmica Computacional', 'D022', 4);
INSERT INTO Disciplina (id_disciplina, nome, codigo, id_departamento) VALUES (23, 'Física Matemática', 'D023', 4);
INSERT INTO Disciplina (id_disciplina, nome, codigo, id_departamento) VALUES (24, 'Programação Científica', 'D024', 4);
INSERT INTO Historico_Professor (id_professor, id_disciplina, semestre) VALUES (1, 11, '2024/1');
INSERT INTO Historico_Professor (id_professor, id_disciplina, semestre) VALUES (1, 7, '2025/2');
INSERT INTO Historico_Professor (id_professor, id_disciplina, semestre) VALUES (1, 7, '2025/1');
INSERT INTO Historico_Professor (id_professor, id_disciplina, semestre) VALUES (1, 10, '2023/1');
INSERT INTO Historico_Professor (id_professor, id_disciplina, semestre) VALUES (2, 3, '2025/1');
INSERT INTO Historico_Professor (id_professor, id_disciplina, semestre) VALUES (2, 2, '2023/2');
INSERT INTO Historico_Professor (id_professor, id_disciplina, semestre) VALUES (3, 14, '2025/1');
INSERT INTO Historico_Professor (id_professor, id_disciplina, semestre) VALUES (4, 15, '2025/1');
INSERT INTO Historico_Professor (id_professor, id_disciplina, semestre) VALUES (6, 7, '2025/2');
INSERT INTO Historico_Professor (id_professor, id_disciplina, semestre) VALUES (6, 11, '2022/2');
INSERT INTO Historico_Professor (id_professor, id_disciplina, semestre) VALUES (7, 2, '2025/2');
INSERT INTO Historico_Professor (id_professor, id_disciplina, semestre) VALUES (8, 12, '2022/1');
INSERT INTO Historico_Professor (id_professor, id_disciplina, semestre) VALUES (8, 9, '2025/2');
INSERT INTO Historico_Professor (id_professor, id_disciplina, semestre) VALUES (8, 12, '2022/2');
INSERT INTO Historico_Professor (id_professor, id_disciplina, semestre) VALUES (9, 19, '2025/1');
INSERT INTO Historico_Professor (id_professor, id_disciplina, semestre) VALUES (9, 23, '2025/2');
INSERT INTO Historico_Professor (id_professor, id_disciplina, semestre) VALUES (9, 20, '2024/1');
INSERT INTO Historico_Professor (id_professor, id_disciplina, semestre) VALUES (9, 19, '2022/2');
INSERT INTO Historico_Professor (id_professor, id_disciplina, semestre) VALUES (10, 5, '2022/1');
INSERT INTO Historico_Professor (id_professor, id_disciplina, semestre) VALUES (10, 6, '2022/2');
INSERT INTO Historico_Professor (id_professor, id_disciplina, semestre) VALUES (10, 4, '2024/1');
INSERT INTO Historico_Professor (id_professor, id_disciplina, semestre) VALUES (11, 3, '2022/1');
INSERT INTO Historico_Professor (id_professor, id_disciplina, semestre) VALUES (11, 5, '2024/2');
INSERT INTO Historico_Professor (id_professor, id_disciplina, semestre) VALUES (12, 16, '2024/1');
INSERT INTO Historico_Professor (id_professor, id_disciplina, semestre) VALUES (12, 17, '2023/2');
INSERT INTO Historico_Professor (id_professor, id_disciplina, semestre) VALUES (12, 15, '2023/1');
INSERT INTO Historico_Professor (id_professor, id_disciplina, semestre) VALUES (13, 20, '2023/1');
INSERT INTO Historico_Professor (id_professor, id_disciplina, semestre) VALUES (14, 2, '2023/2');
INSERT INTO Historico_Professor (id_professor, id_disciplina, semestre) VALUES (14, 5, '2025/1');
INSERT INTO Historico_Professor (id_professor, id_disciplina, semestre) VALUES (14, 1, '2024/2');
INSERT INTO Historico_Professor (id_professor, id_disciplina, semestre) VALUES (15, 22, '2023/1');
INSERT INTO Historico_Professor (id_professor, id_disciplina, semestre) VALUES (15, 24, '2022/1');
INSERT INTO Historico_Professor (id_professor, id_disciplina, semestre) VALUES (16, 24, '2024/2');
INSERT INTO Historico_Professor (id_professor, id_disciplina, semestre) VALUES (16, 21, '2025/2');
INSERT INTO Historico_Professor (id_professor, id_disciplina, semestre) VALUES (16, 24, '2023/2');
INSERT INTO Historico_Professor (id_professor, id_disciplina, semestre) VALUES (17, 14, '2025/2');
INSERT INTO Historico_Professor (id_professor, id_disciplina, semestre) VALUES (17, 13, '2023/1');
INSERT INTO Historico_Professor (id_professor, id_disciplina, semestre) VALUES (17, 14, '2022/2');
INSERT INTO Historico_Professor (id_professor, id_disciplina, semestre) VALUES (19, 14, '2025/2');
INSERT INTO Historico_Professor (id_professor, id_disciplina, semestre) VALUES (20, 7, '2023/1');
INSERT INTO Historico_Professor (id_professor, id_disciplina, semestre) VALUES (20, 7, '2024/2');
INSERT INTO Disciplina (id_disciplina, nome, codigo, id_departamento) VALUES (25, 'Química Orgânica', 'D025', 5);
INSERT INTO Disciplina (id_disciplina, nome, codigo, id_departamento) VALUES (26, 'Química Inorgânica', 'D026', 5);
INSERT INTO Disciplina (id_disciplina, nome, codigo, id_departamento) VALUES (27, 'Fisico-Química', 'D027', 5);
INSERT INTO Disciplina (id_disciplina, nome, codigo, id_departamento) VALUES (28, 'Química Industrial', 'D028', 5);
INSERT INTO Disciplina (id_disciplina, nome, codigo, id_departamento) VALUES (29, 'Química Analítica', 'D029', 5);
INSERT INTO Disciplina (id_disciplina, nome, codigo, id_departamento) VALUES (30, 'Química Ambiental', 'D030', 5);
INSERT INTO Historico_Professor (id_professor, id_disciplina, semestre) VALUES (1, 9, '2025/1');
INSERT INTO Historico_Professor (id_professor, id_disciplina, semestre) VALUES (1, 12, '2023/2');
INSERT INTO Historico_Professor (id_professor, id_disciplina, semestre) VALUES (2, 5, '2024/2');
INSERT INTO Historico_Professor (id_professor, id_disciplina, semestre) VALUES (2, 4, '2024/2');
INSERT INTO Historico_Professor (id_professor, id_disciplina, semestre) VALUES (2, 4, '2022/2');
INSERT INTO Historico_Professor (id_professor, id_disciplina, semestre) VALUES (2, 1, '2023/1');
INSERT INTO Historico_Professor (id_professor, id_disciplina, semestre) VALUES (3, 13, '2022/2');
INSERT INTO Historico_Professor (id_professor, id_disciplina, semestre) VALUES (3, 13, '2023/2');
INSERT INTO Historico_Professor (id_professor, id_disciplina, semestre) VALUES (3, 17, '2023/1');
INSERT INTO Historico_Professor (id_professor, id_disciplina, semestre) VALUES (4, 17, '2025/2');
INSERT INTO Historico_Professor (id_professor, id_disciplina, semestre) VALUES (5, 30, '2024/2');
INSERT INTO Historico_Professor (id_professor, id_disciplina, semestre) VALUES (6, 11, '2024/1');
INSERT INTO Historico_Professor (id_professor, id_disciplina, semestre) VALUES (6, 12, '2022/1');
INSERT INTO Historico_Professor (id_professor, id_disciplina, semestre) VALUES (6, 10, '2025/1');
INSERT INTO Historico_Professor (id_professor, id_disciplina, semestre) VALUES (7, 4, '2025/1');
INSERT INTO Historico_Professor (id_professor, id_disciplina, semestre) VALUES (7, 1, '2022/1');
INSERT INTO Historico_Professor (id_professor, id_disciplina, semestre) VALUES (8, 7, '2024/1');
INSERT INTO Historico_Professor (id_professor, id_disciplina, semestre) VALUES (8, 8, '2024/1');
INSERT INTO Historico_Professor (id_professor, id_disciplina, semestre) VALUES (9, 22, '2023/1');
INSERT INTO Historico_Professor (id_professor, id_disciplina, semestre) VALUES (10, 2, '2025/1');
INSERT INTO Historico_Professor (id_professor, id_disciplina, semestre) VALUES (10, 1, '2024/1');
INSERT INTO Historico_Professor (id_professor, id_disciplina, semestre) VALUES (10, 3, '2024/2');
INSERT INTO Historico_Professor (id_professor, id_disciplina, semestre) VALUES (11, 2, '2023/2');
INSERT INTO Historico_Professor (id_professor, id_disciplina, semestre) VALUES (12, 17, '2023/1');
INSERT INTO Historico_Professor (id_professor, id_disciplina, semestre) VALUES (13, 19, '2024/2');
INSERT INTO Historico_Professor (id_professor, id_disciplina, semestre) VALUES (14, 1, '2025/1');
INSERT INTO Historico_Professor (id_professor, id_disciplina, semestre) VALUES (14, 4, '2023/2');
INSERT INTO Historico_Professor (id_professor, id_disciplina, semestre) VALUES (15, 21, '2025/2');
INSERT INTO Historico_Professor (id_professor, id_disciplina, semestre) VALUES (16, 19, '2025/1');
INSERT INTO Historico_Professor (id_professor, id_disciplina, semestre) VALUES (16, 20, '2024/1');
INSERT INTO Historico_Professor (id_professor, id_disciplina, semestre) VALUES (16, 23, '2025/2');
INSERT INTO Historico_Professor (id_professor, id_disciplina, semestre) VALUES (16, 22, '2022/2');
INSERT INTO Historico_Professor (id_professor, id_disciplina, semestre) VALUES (17, 18, '2025/2');
INSERT INTO Historico_Professor (id_professor, id_disciplina, semestre) VALUES (17, 15, '2023/2');
INSERT INTO Historico_Professor (id_professor, id_disciplina, semestre) VALUES (18, 29, '2022/2');
INSERT INTO Historico_Professor (id_professor, id_disciplina, semestre) VALUES (18, 28, '2024/1');
INSERT INTO Historico_Professor (id_professor, id_disciplina, semestre) VALUES (18, 30, '2022/1');
INSERT INTO Historico_Professor (id_professor, id_disciplina, semestre) VALUES (18, 29, '2025/1');
INSERT INTO Historico_Professor (id_professor, id_disciplina, semestre) VALUES (19, 17, '2024/2');
INSERT INTO Historico_Professor (id_professor, id_disciplina, semestre) VALUES (19, 17, '2025/1');
INSERT INTO Historico_Professor (id_professor, id_disciplina, semestre) VALUES (19, 18, '2023/2');
INSERT INTO Historico_Professor (id_professor, id_disciplina, semestre) VALUES (20, 10, '2023/2');
INSERT INTO Historico_Professor (id_professor, id_disciplina, semestre) VALUES (20, 8, '2024/2');
INSERT INTO Historico_Professor (id_professor, id_disciplina, semestre) VALUES (20, 9, '2023/1');
INSERT INTO Historico_Aluno (id_aluno, id_disciplina, semestre, nota, situacao, id_professor) VALUES (1, 26, '2023/1', 6.28, 'aprovado', 19);
INSERT INTO Historico_Aluno (id_aluno, id_disciplina, semestre, nota, situacao, id_professor) VALUES (1, 3, '2023/1', 7.18, 'aprovado', 3);
INSERT INTO Historico_Aluno (id_aluno, id_disciplina, semestre, nota, situacao, id_professor) VALUES (1, 22, '2023/1', 2.2, 'reprovado', 4);
INSERT INTO Historico_Aluno (id_aluno, id_disciplina, semestre, nota, situacao, id_professor) VALUES (1, 27, '2023/1', 5.94, 'aprovado', 4);
INSERT INTO Historico_Aluno (id_aluno, id_disciplina, semestre, nota, situacao, id_professor) VALUES (1, 28, '2023/1', 2.53, 'reprovado', 12);
INSERT INTO Historico_Aluno (id_aluno, id_disciplina, semestre, nota, situacao, id_professor) VALUES (1, 10, '2024/1', 9.23, 'aprovado', 17);
INSERT INTO Historico_Aluno (id_aluno, id_disciplina, semestre, nota, situacao, id_professor) VALUES (1, 11, '2024/1', 1.24, 'reprovado', 12);
INSERT INTO Historico_Aluno (id_aluno, id_disciplina, semestre, nota, situacao, id_professor) VALUES (1, 24, '2024/1', 0.73, 'reprovado', 4);
INSERT INTO Historico_Aluno (id_aluno, id_disciplina, semestre, nota, situacao, id_professor) VALUES (1, 2, '2024/1', 9.43, 'aprovado', 17);
INSERT INTO Historico_Aluno (id_aluno, id_disciplina, semestre, nota, situacao, id_professor) VALUES (1, 22, '2024/1', 8.99, 'aprovado', 20);
INSERT INTO Historico_Aluno (id_aluno, id_disciplina, semestre, nota, situacao, id_professor) VALUES (1, 28, '2024/1', 9.21, 'aprovado', 3);
INSERT INTO Historico_Aluno (id_aluno, id_disciplina, semestre, nota, situacao, id_professor) VALUES (2, 9, '2022/1', 9.15, 'aprovado', 17);
INSERT INTO Historico_Aluno (id_aluno, id_disciplina, semestre, nota, situacao, id_professor) VALUES (2, 8, '2022/1', 7.28, 'aprovado', 4);
INSERT INTO Historico_Aluno (id_aluno, id_disciplina, semestre, nota, situacao, id_professor) VALUES (2, 17, '2022/1', 1.94, 'reprovado', 19);
INSERT INTO Historico_Aluno (id_aluno, id_disciplina, semestre, nota, situacao, id_professor) VALUES (2, 13, '2022/1', 2.69, 'reprovado', 4);
INSERT INTO Historico_Aluno (id_aluno, id_disciplina, semestre, nota, situacao, id_professor) VALUES (2, 1, '2022/1', 8.12, 'aprovado', 4);
INSERT INTO Historico_Aluno (id_aluno, id_disciplina, semestre, nota, situacao, id_professor) VALUES (2, 15, '2022/1', 8.57, 'aprovado', 19);
INSERT INTO Historico_Aluno (id_aluno, id_disciplina, semestre, nota, situacao, id_professor) VALUES (2, 4, '2023/1', 3.48, 'reprovado', 12);
INSERT INTO Historico_Aluno (id_aluno, id_disciplina, semestre, nota, situacao, id_professor) VALUES (2, 21, '2023/1', 2.2, 'reprovado', 4);
INSERT INTO Historico_Aluno (id_aluno, id_disciplina, semestre, nota, situacao, id_professor) VALUES (2, 16, '2023/1', 9.69, 'aprovado', 12);
INSERT INTO Historico_Aluno (id_aluno, id_disciplina, semestre, nota, situacao, id_professor) VALUES (2, 26, '2023/1', 4.31, 'reprovado', 19);
INSERT INTO Historico_Aluno (id_aluno, id_disciplina, semestre, nota, situacao, id_professor) VALUES (2, 17, '2025/2', 9.94, 'aprovado', 12);
INSERT INTO Historico_Aluno (id_aluno, id_disciplina, semestre, nota, situacao, id_professor) VALUES (2, 7, '2025/2', 3.68, 'reprovado', 17);
INSERT INTO Historico_Aluno (id_aluno, id_disciplina, semestre, nota, situacao, id_professor) VALUES (2, 14, '2025/2', 5.5, 'aprovado', 3);
INSERT INTO Historico_Aluno (id_aluno, id_disciplina, semestre, nota, situacao, id_professor) VALUES (2, 29, '2025/2', 4.4, 'reprovado', 19);
INSERT INTO Historico_Aluno (id_aluno, id_disciplina, semestre, nota, situacao, id_professor) VALUES (2, 24, '2025/2', 5.62, 'aprovado', 19);
INSERT INTO Historico_Aluno (id_aluno, id_disciplina, semestre, nota, situacao, id_professor) VALUES (2, 4, '2025/2', 6.58, 'aprovado', 17);
INSERT INTO Historico_Aluno (id_aluno, id_disciplina, semestre, nota, situacao, id_professor) VALUES (2, 13, '2025/2', 8.49, 'aprovado', 18);
INSERT INTO Historico_Aluno (id_aluno, id_disciplina, semestre, nota, situacao, id_professor) VALUES (2, 21, '2025/2', 6.95, 'aprovado', 10);
INSERT INTO Historico_Aluno (id_aluno, id_disciplina, semestre, nota, situacao, id_professor) VALUES (2, 26, '2025/2', 8.37, 'aprovado', 9);
INSERT INTO Historico_Aluno (id_aluno, id_disciplina, semestre, nota, situacao, id_professor) VALUES (3, 27, '2023/1', 8.37, 'aprovado', 8);
INSERT INTO Historico_Aluno (id_aluno, id_disciplina, semestre, nota, situacao, id_professor) VALUES (3, 6, '2023/1', 1.14, 'reprovado', 8);
INSERT INTO Historico_Aluno (id_aluno, id_disciplina, semestre, nota, situacao, id_professor) VALUES (3, 16, '2023/1', 0.64, 'reprovado', 6);
INSERT INTO Historico_Aluno (id_aluno, id_disciplina, semestre, nota, situacao, id_professor) VALUES (3, 21, '2023/1', 1.39, 'reprovado', 20);
INSERT INTO Historico_Aluno (id_aluno, id_disciplina, semestre, nota, situacao, id_professor) VALUES (3, 8, '2023/1', 7.4, 'aprovado', 6);
INSERT INTO Historico_Aluno (id_aluno, id_disciplina, semestre, nota, situacao, id_professor) VALUES (3, 14, '2023/1', 9.92, 'aprovado', 1);
INSERT INTO Historico_Aluno (id_aluno, id_disciplina, semestre, nota, situacao, id_professor) VALUES (3, 7, '2023/2', 6.18, 'aprovado', 6);
INSERT INTO Historico_Aluno (id_aluno, id_disciplina, semestre, nota, situacao, id_professor) VALUES (3, 18, '2023/2', 6.92, 'aprovado', 8);
INSERT INTO Historico_Aluno (id_aluno, id_disciplina, semestre, nota, situacao, id_professor) VALUES (3, 11, '2023/2', 7.48, 'aprovado', 6);
INSERT INTO Historico_Aluno (id_aluno, id_disciplina, semestre, nota, situacao, id_professor) VALUES (3, 16, '2023/2', 5.62, 'aprovado', 8);
INSERT INTO Historico_Aluno (id_aluno, id_disciplina, semestre, nota, situacao, id_professor) VALUES (3, 29, '2025/1', 0.84, 'reprovado', 8);
INSERT INTO Historico_Aluno (id_aluno, id_disciplina, semestre, nota, situacao, id_professor) VALUES (3, 6, '2025/1', 6.17, 'aprovado', 6);
INSERT INTO Historico_Aluno (id_aluno, id_disciplina, semestre, nota, situacao, id_professor) VALUES (3, 5, '2025/1', 2.04, 'reprovado', 8);
INSERT INTO Historico_Aluno (id_aluno, id_disciplina, semestre, nota, situacao, id_professor) VALUES (3, 20, '2025/1', 5.25, 'aprovado', 8);
INSERT INTO Historico_Aluno (id_aluno, id_disciplina, semestre, nota, situacao, id_professor) VALUES (3, 24, '2025/1', 2.6, 'reprovado', 20);
INSERT INTO Historico_Aluno (id_aluno, id_disciplina, semestre, nota, situacao, id_professor) VALUES (3, 24, '2025/2', 6.71, 'aprovado', 1);
INSERT INTO Historico_Aluno (id_aluno, id_disciplina, semestre, nota, situacao, id_professor) VALUES (3, 1, '2025/2', 6.83, 'aprovado', 20);
INSERT INTO Historico_Aluno (id_aluno, id_disciplina, semestre, nota, situacao, id_professor) VALUES (3, 5, '2025/2', 7.52, 'aprovado', 20);
INSERT INTO Historico_Aluno (id_aluno, id_disciplina, semestre, nota, situacao, id_professor) VALUES (3, 9, '2025/2', 4.75, 'reprovado', 6);
INSERT INTO Historico_Aluno (id_aluno, id_disciplina, semestre, nota, situacao, id_professor) VALUES (3, 29, '2025/2', 5.59, 'aprovado', 20);
INSERT INTO Historico_Aluno (id_aluno, id_disciplina, semestre, nota, situacao, id_professor) VALUES (3, 19, '2025/2', 4.54, 'reprovado', 1);
INSERT INTO Historico_Aluno (id_aluno, id_disciplina, semestre, nota, situacao, id_professor) VALUES (3, 21, '2025/2', 8.14, 'aprovado', 4);
INSERT INTO Historico_Aluno (id_aluno, id_disciplina, semestre, nota, situacao, id_professor) VALUES (4, 7, '2022/1', 3.89, 'reprovado', 18);
INSERT INTO Historico_Aluno (id_aluno, id_disciplina, semestre, nota, situacao, id_professor) VALUES (4, 3, '2022/1', 7.03, 'aprovado', 18);
INSERT INTO Historico_Aluno (id_aluno, id_disciplina, semestre, nota, situacao, id_professor) VALUES (4, 24, '2022/1', 7.71, 'aprovado', 5);
INSERT INTO Historico_Aluno (id_aluno, id_disciplina, semestre, nota, situacao, id_professor) VALUES (4, 6, '2022/1', 4.93, 'reprovado', 5);
INSERT INTO Historico_Aluno (id_aluno, id_disciplina, semestre, nota, situacao, id_professor) VALUES (4, 9, '2022/1', 6.65, 'aprovado', 18);
INSERT INTO Historico_Aluno (id_aluno, id_disciplina, semestre, nota, situacao, id_professor) VALUES (4, 19, '2023/1', 7.93, 'aprovado', 18);
INSERT INTO Historico_Aluno (id_aluno, id_disciplina, semestre, nota, situacao, id_professor) VALUES (4, 11, '2023/1', 6.88, 'aprovado', 5);
INSERT INTO Historico_Aluno (id_aluno, id_disciplina, semestre, nota, situacao, id_professor) VALUES (4, 28, '2023/1', 8.9, 'aprovado', 5);
INSERT INTO Historico_Aluno (id_aluno, id_disciplina, semestre, nota, situacao, id_professor) VALUES (4, 25, '2023/1', 6.95, 'aprovado', 5);
INSERT INTO Historico_Aluno (id_aluno, id_disciplina, semestre, nota, situacao, id_professor) VALUES (4, 14, '2023/1', 2.39, 'reprovado', 5);
INSERT INTO Historico_Aluno (id_aluno, id_disciplina, semestre, nota, situacao, id_professor) VALUES (4, 16, '2023/1', 7.43, 'aprovado', 18);
INSERT INTO Historico_Aluno (id_aluno, id_disciplina, semestre, nota, situacao, id_professor) VALUES (4, 14, '2024/1', 6.02, 'aprovado', 18);
INSERT INTO Historico_Aluno (id_aluno, id_disciplina, semestre, nota, situacao, id_professor) VALUES (4, 22, '2024/1', 8.87, 'aprovado', 18);
INSERT INTO Historico_Aluno (id_aluno, id_disciplina, semestre, nota, situacao, id_professor) VALUES (4, 26, '2024/1', 3.68, 'reprovado', 18);
INSERT INTO Historico_Aluno (id_aluno, id_disciplina, semestre, nota, situacao, id_professor) VALUES (4, 12, '2024/1', 4.78, 'reprovado', 18);
INSERT INTO Historico_Aluno (id_aluno, id_disciplina, semestre, nota, situacao, id_professor) VALUES (4, 29, '2024/2', 4.37, 'reprovado', 18);
INSERT INTO Historico_Aluno (id_aluno, id_disciplina, semestre, nota, situacao, id_professor) VALUES (4, 23, '2024/2', 0.3, 'reprovado', 18);
INSERT INTO Historico_Aluno (id_aluno, id_disciplina, semestre, nota, situacao, id_professor) VALUES (4, 17, '2024/2', 6.34, 'aprovado', 5);
INSERT INTO Historico_Aluno (id_aluno, id_disciplina, semestre, nota, situacao, id_professor) VALUES (4, 15, '2024/2', 3.51, 'reprovado', 18);
INSERT INTO Historico_Aluno (id_aluno, id_disciplina, semestre, nota, situacao, id_professor) VALUES (4, 8, '2024/2', 7.03, 'aprovado', 5);
INSERT INTO Historico_Aluno (id_aluno, id_disciplina, semestre, nota, situacao, id_professor) VALUES (4, 7, '2024/2', 7.11, 'aprovado', 20);
INSERT INTO Historico_Aluno (id_aluno, id_disciplina, semestre, nota, situacao, id_professor) VALUES (4, 6, '2024/2', 9.44, 'aprovado', 15);
INSERT INTO Historico_Aluno (id_aluno, id_disciplina, semestre, nota, situacao, id_professor) VALUES (4, 26, '2024/2', 6.39, 'aprovado', 8);
INSERT INTO Historico_Aluno (id_aluno, id_disciplina, semestre, nota, situacao, id_professor) VALUES (4, 12, '2024/2', 9.34, 'aprovado', 19);
INSERT INTO Historico_Aluno (id_aluno, id_disciplina, semestre, nota, situacao, id_professor) VALUES (5, 4, '2023/2', 6.79, 'aprovado', 20);
INSERT INTO Historico_Aluno (id_aluno, id_disciplina, semestre, nota, situacao, id_professor) VALUES (5, 26, '2023/2', 8.98, 'aprovado', 1);
INSERT INTO Historico_Aluno (id_aluno, id_disciplina, semestre, nota, situacao, id_professor) VALUES (5, 5, '2023/2', 2.76, 'reprovado', 6);
INSERT INTO Historico_Aluno (id_aluno, id_disciplina, semestre, nota, situacao, id_professor) VALUES (5, 12, '2023/2', 7.63, 'aprovado', 1);
INSERT INTO Historico_Aluno (id_aluno, id_disciplina, semestre, nota, situacao, id_professor) VALUES (5, 27, '2024/2', 8.08, 'aprovado', 6);
INSERT INTO Historico_Aluno (id_aluno, id_disciplina, semestre, nota, situacao, id_professor) VALUES (5, 3, '2024/2', 8.16, 'aprovado', 8);
INSERT INTO Historico_Aluno (id_aluno, id_disciplina, semestre, nota, situacao, id_professor) VALUES (5, 24, '2024/2', 1.67, 'reprovado', 6);
INSERT INTO Historico_Aluno (id_aluno, id_disciplina, semestre, nota, situacao, id_professor) VALUES (5, 19, '2024/2', 4.34, 'reprovado', 1);
INSERT INTO Historico_Aluno (id_aluno, id_disciplina, semestre, nota, situacao, id_professor) VALUES (5, 11, '2024/2', 9.29, 'aprovado', 6);
INSERT INTO Historico_Aluno (id_aluno, id_disciplina, semestre, nota, situacao, id_professor) VALUES (5, 5, '2024/2', 7.74, 'aprovado', 4);
INSERT INTO Historico_Aluno (id_aluno, id_disciplina, semestre, nota, situacao, id_professor) VALUES (6, 5, '2022/1', 3.7, 'reprovado', 20);
INSERT INTO Historico_Aluno (id_aluno, id_disciplina, semestre, nota, situacao, id_professor) VALUES (6, 21, '2022/1', 9.84, 'aprovado', 1);
INSERT INTO Historico_Aluno (id_aluno, id_disciplina, semestre, nota, situacao, id_professor) VALUES (6, 18, '2022/1', 1.49, 'reprovado', 20);
INSERT INTO Historico_Aluno (id_aluno, id_disciplina, semestre, nota, situacao, id_professor) VALUES (6, 13, '2022/1', 3.36, 'reprovado', 8);
INSERT INTO Historico_Aluno (id_aluno, id_disciplina, semestre, nota, situacao, id_professor) VALUES (6, 1, '2024/1', 3.11, 'reprovado', 6);
INSERT INTO Historico_Aluno (id_aluno, id_disciplina, semestre, nota, situacao, id_professor) VALUES (6, 13, '2024/1', 8.94, 'aprovado', 8);
INSERT INTO Historico_Aluno (id_aluno, id_disciplina, semestre, nota, situacao, id_professor) VALUES (6, 29, '2024/1', 5.35, 'aprovado', 8);
INSERT INTO Historico_Aluno (id_aluno, id_disciplina, semestre, nota, situacao, id_professor) VALUES (6, 10, '2024/1', 1.48, 'reprovado', 1);
INSERT INTO Historico_Aluno (id_aluno, id_disciplina, semestre, nota, situacao, id_professor) VALUES (6, 16, '2024/2', 9.27, 'aprovado', 1);
INSERT INTO Historico_Aluno (id_aluno, id_disciplina, semestre, nota, situacao, id_professor) VALUES (6, 23, '2024/2', 1.32, 'reprovado', 8);
INSERT INTO Historico_Aluno (id_aluno, id_disciplina, semestre, nota, situacao, id_professor) VALUES (6, 17, '2024/2', 9.74, 'aprovado', 1);
INSERT INTO Historico_Aluno (id_aluno, id_disciplina, semestre, nota, situacao, id_professor) VALUES (6, 7, '2024/2', 3.39, 'reprovado', 20);
INSERT INTO Historico_Aluno (id_aluno, id_disciplina, semestre, nota, situacao, id_professor) VALUES (6, 4, '2025/2', 7.28, 'aprovado', 1);
INSERT INTO Historico_Aluno (id_aluno, id_disciplina, semestre, nota, situacao, id_professor) VALUES (6, 9, '2025/2', 9.0, 'aprovado', 6);
INSERT INTO Historico_Aluno (id_aluno, id_disciplina, semestre, nota, situacao, id_professor) VALUES (6, 12, '2025/2', 0.19, 'reprovado', 20);
INSERT INTO Historico_Aluno (id_aluno, id_disciplina, semestre, nota, situacao, id_professor) VALUES (6, 3, '2025/2', 4.2, 'reprovado', 1);
INSERT INTO Historico_Aluno (id_aluno, id_disciplina, semestre, nota, situacao, id_professor) VALUES (6, 5, '2025/2', 6.96, 'aprovado', 5);
INSERT INTO Historico_Aluno (id_aluno, id_disciplina, semestre, nota, situacao, id_professor) VALUES (6, 18, '2025/2', 9.97, 'aprovado', 13);
INSERT INTO Historico_Aluno (id_aluno, id_disciplina, semestre, nota, situacao, id_professor) VALUES (6, 1, '2025/2', 7.99, 'aprovado', 14);
INSERT INTO Historico_Aluno (id_aluno, id_disciplina, semestre, nota, situacao, id_professor) VALUES (6, 10, '2025/2', 9.63, 'aprovado', 18);
INSERT INTO Historico_Aluno (id_aluno, id_disciplina, semestre, nota, situacao, id_professor) VALUES (6, 23, '2025/2', 8.41, 'aprovado', 13);
INSERT INTO Historico_Aluno (id_aluno, id_disciplina, semestre, nota, situacao, id_professor) VALUES (6, 7, '2025/2', 9.51, 'aprovado', 5);
INSERT INTO Historico_Aluno (id_aluno, id_disciplina, semestre, nota, situacao, id_professor) VALUES (7, 18, '2022/2', 7.26, 'aprovado', 20);
INSERT INTO Historico_Aluno (id_aluno, id_disciplina, semestre, nota, situacao, id_professor) VALUES (7, 29, '2022/2', 8.1, 'aprovado', 20);
INSERT INTO Historico_Aluno (id_aluno, id_disciplina, semestre, nota, situacao, id_professor) VALUES (7, 8, '2022/2', 7.5, 'aprovado', 1);
INSERT INTO Historico_Aluno (id_aluno, id_disciplina, semestre, nota, situacao, id_professor) VALUES (7, 2, '2022/2', 9.06, 'aprovado', 6);
INSERT INTO Historico_Aluno (id_aluno, id_disciplina, semestre, nota, situacao, id_professor) VALUES (7, 13, '2022/2', 9.67, 'aprovado', 20);
INSERT INTO Historico_Aluno (id_aluno, id_disciplina, semestre, nota, situacao, id_professor) VALUES (7, 10, '2022/2', 3.91, 'reprovado', 20);
INSERT INTO Historico_Aluno (id_aluno, id_disciplina, semestre, nota, situacao, id_professor) VALUES (7, 4, '2024/1', 3.31, 'reprovado', 6);
INSERT INTO Historico_Aluno (id_aluno, id_disciplina, semestre, nota, situacao, id_professor) VALUES (7, 9, '2024/1', 3.19, 'reprovado', 20);
INSERT INTO Historico_Aluno (id_aluno, id_disciplina, semestre, nota, situacao, id_professor) VALUES (7, 5, '2024/1', 8.46, 'aprovado', 8);
INSERT INTO Historico_Aluno (id_aluno, id_disciplina, semestre, nota, situacao, id_professor) VALUES (7, 1, '2024/1', 4.96, 'reprovado', 8);
INSERT INTO Historico_Aluno (id_aluno, id_disciplina, semestre, nota, situacao, id_professor) VALUES (7, 10, '2024/1', 9.38, 'aprovado', 4);
INSERT INTO Historico_Aluno (id_aluno, id_disciplina, semestre, nota, situacao, id_professor) VALUES (8, 27, '2024/1', 0.2, 'reprovado', 5);
INSERT INTO Historico_Aluno (id_aluno, id_disciplina, semestre, nota, situacao, id_professor) VALUES (8, 24, '2024/1', 0.91, 'reprovado', 5);
INSERT INTO Historico_Aluno (id_aluno, id_disciplina, semestre, nota, situacao, id_professor) VALUES (8, 19, '2024/1', 4.29, 'reprovado', 18);
INSERT INTO Historico_Aluno (id_aluno, id_disciplina, semestre, nota, situacao, id_professor) VALUES (8, 18, '2024/1', 4.39, 'reprovado', 18);
INSERT INTO Historico_Aluno (id_aluno, id_disciplina, semestre, nota, situacao, id_professor) VALUES (8, 13, '2025/2', 4.47, 'reprovado', 5);
INSERT INTO Historico_Aluno (id_aluno, id_disciplina, semestre, nota, situacao, id_professor) VALUES (8, 2, '2025/2', 8.6, 'aprovado', 5);
INSERT INTO Historico_Aluno (id_aluno, id_disciplina, semestre, nota, situacao, id_professor) VALUES (8, 4, '2025/2', 8.03, 'aprovado', 5);
INSERT INTO Historico_Aluno (id_aluno, id_disciplina, semestre, nota, situacao, id_professor) VALUES (8, 9, '2025/2', 3.8, 'reprovado', 18);
INSERT INTO Historico_Aluno (id_aluno, id_disciplina, semestre, nota, situacao, id_professor) VALUES (8, 27, '2025/2', 7.79, 'aprovado', 14);
INSERT INTO Historico_Aluno (id_aluno, id_disciplina, semestre, nota, situacao, id_professor) VALUES (8, 24, '2025/2', 7.36, 'aprovado', 17);
INSERT INTO Historico_Aluno (id_aluno, id_disciplina, semestre, nota, situacao, id_professor) VALUES (8, 19, '2025/2', 5.35, 'aprovado', 16);
INSERT INTO Historico_Aluno (id_aluno, id_disciplina, semestre, nota, situacao, id_professor) VALUES (8, 18, '2025/2', 8.99, 'aprovado', 14);
INSERT INTO Historico_Aluno (id_aluno, id_disciplina, semestre, nota, situacao, id_professor) VALUES (9, 18, '2022/1', 3.9, 'reprovado', 6);
INSERT INTO Historico_Aluno (id_aluno, id_disciplina, semestre, nota, situacao, id_professor) VALUES (9, 22, '2022/1', 7.74, 'aprovado', 20);
INSERT INTO Historico_Aluno (id_aluno, id_disciplina, semestre, nota, situacao, id_professor) VALUES (9, 7, '2022/1', 0.65, 'reprovado', 20);
INSERT INTO Historico_Aluno (id_aluno, id_disciplina, semestre, nota, situacao, id_professor) VALUES (9, 5, '2022/1', 1.14, 'reprovado', 8);
INSERT INTO Historico_Aluno (id_aluno, id_disciplina, semestre, nota, situacao, id_professor) VALUES (9, 15, '2022/1', 2.89, 'reprovado', 1);
INSERT INTO Historico_Aluno (id_aluno, id_disciplina, semestre, nota, situacao, id_professor) VALUES (9, 24, '2025/2', 0.11, 'reprovado', 6);
INSERT INTO Historico_Aluno (id_aluno, id_disciplina, semestre, nota, situacao, id_professor) VALUES (9, 16, '2025/2', 6.08, 'aprovado', 20);
INSERT INTO Historico_Aluno (id_aluno, id_disciplina, semestre, nota, situacao, id_professor) VALUES (9, 11, '2025/2', 0.56, 'reprovado', 6);
INSERT INTO Historico_Aluno (id_aluno, id_disciplina, semestre, nota, situacao, id_professor) VALUES (9, 23, '2025/2', 0.65, 'reprovado', 20);
INSERT INTO Historico_Aluno (id_aluno, id_disciplina, semestre, nota, situacao, id_professor) VALUES (9, 5, '2025/2', 9.92, 'aprovado', 8);
INSERT INTO Historico_Aluno (id_aluno, id_disciplina, semestre, nota, situacao, id_professor) VALUES (9, 18, '2025/2', 7.45, 'aprovado', 17);
INSERT INTO Historico_Aluno (id_aluno, id_disciplina, semestre, nota, situacao, id_professor) VALUES (9, 7, '2025/2', 8.71, 'aprovado', 6);
INSERT INTO Historico_Aluno (id_aluno, id_disciplina, semestre, nota, situacao, id_professor) VALUES (9, 15, '2025/2', 5.46, 'aprovado', 6);
INSERT INTO Historico_Aluno (id_aluno, id_disciplina, semestre, nota, situacao, id_professor) VALUES (10, 30, '2025/1', 7.81, 'aprovado', 18);
INSERT INTO Historico_Aluno (id_aluno, id_disciplina, semestre, nota, situacao, id_professor) VALUES (10, 10, '2025/1', 8.34, 'aprovado', 18);
INSERT INTO Historico_Aluno (id_aluno, id_disciplina, semestre, nota, situacao, id_professor) VALUES (10, 9, '2025/1', 7.76, 'aprovado', 5);
INSERT INTO Historico_Aluno (id_aluno, id_disciplina, semestre, nota, situacao, id_professor) VALUES (10, 11, '2025/1', 9.66, 'aprovado', 18);
INSERT INTO Historico_Aluno (id_aluno, id_disciplina, semestre, nota, situacao, id_professor) VALUES (10, 1, '2025/2', 3.32, 'reprovado', 18);
INSERT INTO Historico_Aluno (id_aluno, id_disciplina, semestre, nota, situacao, id_professor) VALUES (10, 4, '2025/2', 2.25, 'reprovado', 5);
INSERT INTO Historico_Aluno (id_aluno, id_disciplina, semestre, nota, situacao, id_professor) VALUES (10, 6, '2025/2', 1.91, 'reprovado', 18);
INSERT INTO Historico_Aluno (id_aluno, id_disciplina, semestre, nota, situacao, id_professor) VALUES (10, 23, '2025/2', 5.8, 'aprovado', 5);
INSERT INTO Historico_Aluno (id_aluno, id_disciplina, semestre, nota, situacao, id_professor) VALUES (11, 18, '2022/2', 2.6, 'reprovado', 1);
INSERT INTO Historico_Aluno (id_aluno, id_disciplina, semestre, nota, situacao, id_professor) VALUES (11, 2, '2022/2', 6.02, 'aprovado', 8);
INSERT INTO Historico_Aluno (id_aluno, id_disciplina, semestre, nota, situacao, id_professor) VALUES (11, 19, '2022/2', 3.16, 'reprovado', 8);
INSERT INTO Historico_Aluno (id_aluno, id_disciplina, semestre, nota, situacao, id_professor) VALUES (11, 30, '2022/2', 6.48, 'aprovado', 6);
INSERT INTO Historico_Aluno (id_aluno, id_disciplina, semestre, nota, situacao, id_professor) VALUES (11, 16, '2022/2', 6.72, 'aprovado', 20);
INSERT INTO Historico_Aluno (id_aluno, id_disciplina, semestre, nota, situacao, id_professor) VALUES (11, 25, '2022/2', 4.9, 'reprovado', 6);
INSERT INTO Historico_Aluno (id_aluno, id_disciplina, semestre, nota, situacao, id_professor) VALUES (11, 17, '2023/1', 8.82, 'aprovado', 6);
INSERT INTO Historico_Aluno (id_aluno, id_disciplina, semestre, nota, situacao, id_professor) VALUES (11, 3, '2023/1', 2.39, 'reprovado', 20);
INSERT INTO Historico_Aluno (id_aluno, id_disciplina, semestre, nota, situacao, id_professor) VALUES (11, 7, '2023/1', 4.74, 'reprovado', 1);
INSERT INTO Historico_Aluno (id_aluno, id_disciplina, semestre, nota, situacao, id_professor) VALUES (11, 22, '2023/1', 0.01, 'reprovado', 8);
INSERT INTO Historico_Aluno (id_aluno, id_disciplina, semestre, nota, situacao, id_professor) VALUES (11, 29, '2023/1', 9.92, 'aprovado', 6);
INSERT INTO Historico_Aluno (id_aluno, id_disciplina, semestre, nota, situacao, id_professor) VALUES (11, 8, '2023/1', 6.5, 'aprovado', 8);
INSERT INTO Historico_Aluno (id_aluno, id_disciplina, semestre, nota, situacao, id_professor) VALUES (11, 10, '2025/1', 1.76, 'reprovado', 20);
INSERT INTO Historico_Aluno (id_aluno, id_disciplina, semestre, nota, situacao, id_professor) VALUES (11, 11, '2025/1', 4.75, 'reprovado', 8);
INSERT INTO Historico_Aluno (id_aluno, id_disciplina, semestre, nota, situacao, id_professor) VALUES (11, 21, '2025/1', 7.07, 'aprovado', 20);
INSERT INTO Historico_Aluno (id_aluno, id_disciplina, semestre, nota, situacao, id_professor) VALUES (11, 13, '2025/1', 7.84, 'aprovado', 8);
INSERT INTO Historico_Aluno (id_aluno, id_disciplina, semestre, nota, situacao, id_professor) VALUES (11, 26, '2025/1', 8.99, 'aprovado', 6);
INSERT INTO Historico_Aluno (id_aluno, id_disciplina, semestre, nota, situacao, id_professor) VALUES (11, 1, '2025/2', 1.94, 'reprovado', 20);
INSERT INTO Historico_Aluno (id_aluno, id_disciplina, semestre, nota, situacao, id_professor) VALUES (11, 4, '2025/2', 3.01, 'reprovado', 6);
INSERT INTO Historico_Aluno (id_aluno, id_disciplina, semestre, nota, situacao, id_professor) VALUES (11, 23, '2025/2', 0.68, 'reprovado', 20);
INSERT INTO Historico_Aluno (id_aluno, id_disciplina, semestre, nota, situacao, id_professor) VALUES (11, 28, '2025/2', 3.49, 'reprovado', 1);
INSERT INTO Historico_Aluno (id_aluno, id_disciplina, semestre, nota, situacao, id_professor) VALUES (11, 18, '2025/2', 5.53, 'aprovado', 12);
INSERT INTO Historico_Aluno (id_aluno, id_disciplina, semestre, nota, situacao, id_professor) VALUES (11, 19, '2025/2', 8.95, 'aprovado', 10);
INSERT INTO Historico_Aluno (id_aluno, id_disciplina, semestre, nota, situacao, id_professor) VALUES (11, 25, '2025/2', 6.29, 'aprovado', 1);
INSERT INTO Historico_Aluno (id_aluno, id_disciplina, semestre, nota, situacao, id_professor) VALUES (11, 3, '2025/2', 6.31, 'aprovado', 9);
INSERT INTO Historico_Aluno (id_aluno, id_disciplina, semestre, nota, situacao, id_professor) VALUES (11, 7, '2025/2', 9.56, 'aprovado', 10);
INSERT INTO Historico_Aluno (id_aluno, id_disciplina, semestre, nota, situacao, id_professor) VALUES (11, 22, '2025/2', 8.83, 'aprovado', 18);
INSERT INTO Historico_Aluno (id_aluno, id_disciplina, semestre, nota, situacao, id_professor) VALUES (11, 10, '2025/2', 8.22, 'aprovado', 9);
INSERT INTO Historico_Aluno (id_aluno, id_disciplina, semestre, nota, situacao, id_professor) VALUES (11, 11, '2025/2', 8.48, 'aprovado', 9);
INSERT INTO Historico_Aluno (id_aluno, id_disciplina, semestre, nota, situacao, id_professor) VALUES (12, 7, '2022/1', 0.02, 'reprovado', 13);
INSERT INTO Historico_Aluno (id_aluno, id_disciplina, semestre, nota, situacao, id_professor) VALUES (12, 15, '2022/1', 6.41, 'aprovado', 9);
INSERT INTO Historico_Aluno (id_aluno, id_disciplina, semestre, nota, situacao, id_professor) VALUES (12, 30, '2022/1', 3.55, 'reprovado', 13);
INSERT INTO Historico_Aluno (id_aluno, id_disciplina, semestre, nota, situacao, id_professor) VALUES (12, 14, '2022/1', 9.4, 'aprovado', 13);
INSERT INTO Historico_Aluno (id_aluno, id_disciplina, semestre, nota, situacao, id_professor) VALUES (12, 9, '2022/1', 7.05, 'aprovado', 15);
INSERT INTO Historico_Aluno (id_aluno, id_disciplina, semestre, nota, situacao, id_professor) VALUES (12, 24, '2025/1', 0.96, 'reprovado', 16);
INSERT INTO Historico_Aluno (id_aluno, id_disciplina, semestre, nota, situacao, id_professor) VALUES (12, 25, '2025/1', 3.86, 'reprovado', 16);
INSERT INTO Historico_Aluno (id_aluno, id_disciplina, semestre, nota, situacao, id_professor) VALUES (12, 12, '2025/1', 4.84, 'reprovado', 15);
INSERT INTO Historico_Aluno (id_aluno, id_disciplina, semestre, nota, situacao, id_professor) VALUES (12, 4, '2025/1', 7.69, 'aprovado', 16);
INSERT INTO Historico_Aluno (id_aluno, id_disciplina, semestre, nota, situacao, id_professor) VALUES (12, 7, '2025/1', 8.43, 'aprovado', 17);
INSERT INTO Historico_Aluno (id_aluno, id_disciplina, semestre, nota, situacao, id_professor) VALUES (12, 30, '2025/1', 9.3, 'aprovado', 19);
INSERT INTO Historico_Aluno (id_aluno, id_disciplina, semestre, nota, situacao, id_professor) VALUES (13, 7, '2022/1', 1.86, 'reprovado', 3);
INSERT INTO Historico_Aluno (id_aluno, id_disciplina, semestre, nota, situacao, id_professor) VALUES (13, 30, '2022/1', 1.13, 'reprovado', 12);
INSERT INTO Historico_Aluno (id_aluno, id_disciplina, semestre, nota, situacao, id_professor) VALUES (13, 14, '2022/1', 9.68, 'aprovado', 3);
INSERT INTO Historico_Aluno (id_aluno, id_disciplina, semestre, nota, situacao, id_professor) VALUES (13, 28, '2022/1', 7.71, 'aprovado', 12);
INSERT INTO Historico_Aluno (id_aluno, id_disciplina, semestre, nota, situacao, id_professor) VALUES (13, 17, '2022/1', 4.98, 'reprovado', 19);
INSERT INTO Historico_Aluno (id_aluno, id_disciplina, semestre, nota, situacao, id_professor) VALUES (13, 16, '2022/1', 8.59, 'aprovado', 17);
INSERT INTO Historico_Aluno (id_aluno, id_disciplina, semestre, nota, situacao, id_professor) VALUES (13, 11, '2024/1', 1.1, 'reprovado', 12);
INSERT INTO Historico_Aluno (id_aluno, id_disciplina, semestre, nota, situacao, id_professor) VALUES (13, 27, '2024/1', 2.58, 'reprovado', 12);
INSERT INTO Historico_Aluno (id_aluno, id_disciplina, semestre, nota, situacao, id_professor) VALUES (13, 19, '2024/1', 4.84, 'reprovado', 19);
INSERT INTO Historico_Aluno (id_aluno, id_disciplina, semestre, nota, situacao, id_professor) VALUES (13, 12, '2024/1', 0.73, 'reprovado', 19);
INSERT INTO Historico_Aluno (id_aluno, id_disciplina, semestre, nota, situacao, id_professor) VALUES (13, 21, '2024/1', 7.22, 'aprovado', 19);
INSERT INTO Historico_Aluno (id_aluno, id_disciplina, semestre, nota, situacao, id_professor) VALUES (13, 7, '2024/1', 6.7, 'aprovado', 3);
INSERT INTO Historico_Aluno (id_aluno, id_disciplina, semestre, nota, situacao, id_professor) VALUES (13, 30, '2024/1', 9.31, 'aprovado', 1);
INSERT INTO Historico_Aluno (id_aluno, id_disciplina, semestre, nota, situacao, id_professor) VALUES (13, 17, '2024/1', 8.2, 'aprovado', 14);
INSERT INTO Historico_Aluno (id_aluno, id_disciplina, semestre, nota, situacao, id_professor) VALUES (14, 1, '2022/2', 0.33, 'reprovado', 4);
INSERT INTO Historico_Aluno (id_aluno, id_disciplina, semestre, nota, situacao, id_professor) VALUES (14, 6, '2022/2', 2.83, 'reprovado', 17);
INSERT INTO Historico_Aluno (id_aluno, id_disciplina, semestre, nota, situacao, id_professor) VALUES (14, 22, '2022/2', 9.18, 'aprovado', 17);
INSERT INTO Historico_Aluno (id_aluno, id_disciplina, semestre, nota, situacao, id_professor) VALUES (14, 28, '2022/2', 8.63, 'aprovado', 3);
INSERT INTO Historico_Aluno (id_aluno, id_disciplina, semestre, nota, situacao, id_professor) VALUES (14, 19, '2022/2', 3.28, 'reprovado', 3);
INSERT INTO Historico_Aluno (id_aluno, id_disciplina, semestre, nota, situacao, id_professor) VALUES (14, 26, '2023/2', 3.53, 'reprovado', 17);
INSERT INTO Historico_Aluno (id_aluno, id_disciplina, semestre, nota, situacao, id_professor) VALUES (14, 7, '2023/2', 1.49, 'reprovado', 19);
INSERT INTO Historico_Aluno (id_aluno, id_disciplina, semestre, nota, situacao, id_professor) VALUES (14, 11, '2023/2', 4.05, 'reprovado', 4);
INSERT INTO Historico_Aluno (id_aluno, id_disciplina, semestre, nota, situacao, id_professor) VALUES (14, 16, '2023/2', 9.99, 'aprovado', 3);
INSERT INTO Historico_Aluno (id_aluno, id_disciplina, semestre, nota, situacao, id_professor) VALUES (14, 17, '2023/2', 3.28, 'reprovado', 12);
INSERT INTO Historico_Aluno (id_aluno, id_disciplina, semestre, nota, situacao, id_professor) VALUES (14, 25, '2024/2', 8.83, 'aprovado', 12);
INSERT INTO Historico_Aluno (id_aluno, id_disciplina, semestre, nota, situacao, id_professor) VALUES (14, 17, '2024/2', 8.36, 'aprovado', 12);
INSERT INTO Historico_Aluno (id_aluno, id_disciplina, semestre, nota, situacao, id_professor) VALUES (14, 18, '2024/2', 2.87, 'reprovado', 3);
INSERT INTO Historico_Aluno (id_aluno, id_disciplina, semestre, nota, situacao, id_professor) VALUES (14, 7, '2024/2', 6.1, 'aprovado', 12);
INSERT INTO Historico_Aluno (id_aluno, id_disciplina, semestre, nota, situacao, id_professor) VALUES (14, 4, '2025/2', 3.45, 'reprovado', 4);
INSERT INTO Historico_Aluno (id_aluno, id_disciplina, semestre, nota, situacao, id_professor) VALUES (14, 20, '2025/2', 4.33, 'reprovado', 4);
INSERT INTO Historico_Aluno (id_aluno, id_disciplina, semestre, nota, situacao, id_professor) VALUES (14, 10, '2025/2', 4.27, 'reprovado', 12);
INSERT INTO Historico_Aluno (id_aluno, id_disciplina, semestre, nota, situacao, id_professor) VALUES (14, 3, '2025/2', 2.11, 'reprovado', 19);
INSERT INTO Historico_Aluno (id_aluno, id_disciplina, semestre, nota, situacao, id_professor) VALUES (14, 27, '2025/2', 7.29, 'aprovado', 3);
INSERT INTO Historico_Aluno (id_aluno, id_disciplina, semestre, nota, situacao, id_professor) VALUES (14, 11, '2025/2', 9.68, 'aprovado', 12);
INSERT INTO Historico_Aluno (id_aluno, id_disciplina, semestre, nota, situacao, id_professor) VALUES (14, 1, '2025/2', 6.05, 'aprovado', 15);
INSERT INTO Historico_Aluno (id_aluno, id_disciplina, semestre, nota, situacao, id_professor) VALUES (14, 6, '2025/2', 8.22, 'aprovado', 7);
INSERT INTO Historico_Aluno (id_aluno, id_disciplina, semestre, nota, situacao, id_professor) VALUES (14, 19, '2025/2', 7.8, 'aprovado', 20);
INSERT INTO Historico_Aluno (id_aluno, id_disciplina, semestre, nota, situacao, id_professor) VALUES (14, 26, '2025/2', 5.34, 'aprovado', 10);
INSERT INTO Historico_Aluno (id_aluno, id_disciplina, semestre, nota, situacao, id_professor) VALUES (14, 18, '2025/2', 9.17, 'aprovado', 12);
INSERT INTO Historico_Aluno (id_aluno, id_disciplina, semestre, nota, situacao, id_professor) VALUES (15, 25, '2023/1', 0.5, 'reprovado', 18);
INSERT INTO Historico_Aluno (id_aluno, id_disciplina, semestre, nota, situacao, id_professor) VALUES (15, 16, '2023/1', 9.12, 'aprovado', 5);
INSERT INTO Historico_Aluno (id_aluno, id_disciplina, semestre, nota, situacao, id_professor) VALUES (15, 24, '2023/1', 5.06, 'aprovado', 18);
INSERT INTO Historico_Aluno (id_aluno, id_disciplina, semestre, nota, situacao, id_professor) VALUES (15, 21, '2023/1', 9.64, 'aprovado', 18);
INSERT INTO Historico_Aluno (id_aluno, id_disciplina, semestre, nota, situacao, id_professor) VALUES (15, 14, '2025/1', 4.78, 'reprovado', 18);
INSERT INTO Historico_Aluno (id_aluno, id_disciplina, semestre, nota, situacao, id_professor) VALUES (15, 3, '2025/1', 9.89, 'aprovado', 18);
INSERT INTO Historico_Aluno (id_aluno, id_disciplina, semestre, nota, situacao, id_professor) VALUES (15, 20, '2025/1', 1.0, 'reprovado', 5);
INSERT INTO Historico_Aluno (id_aluno, id_disciplina, semestre, nota, situacao, id_professor) VALUES (15, 8, '2025/1', 8.59, 'aprovado', 18);
INSERT INTO Historico_Aluno (id_aluno, id_disciplina, semestre, nota, situacao, id_professor) VALUES (15, 25, '2025/1', 8.76, 'aprovado', 1);
INSERT INTO Historico_Aluno (id_aluno, id_disciplina, semestre, nota, situacao, id_professor) VALUES (16, 8, '2023/2', 5.14, 'aprovado', 7);
INSERT INTO Historico_Aluno (id_aluno, id_disciplina, semestre, nota, situacao, id_professor) VALUES (16, 28, '2023/2', 1.7, 'reprovado', 7);
INSERT INTO Historico_Aluno (id_aluno, id_disciplina, semestre, nota, situacao, id_professor) VALUES (16, 9, '2023/2', 4.2, 'reprovado', 14);
INSERT INTO Historico_Aluno (id_aluno, id_disciplina, semestre, nota, situacao, id_professor) VALUES (16, 15, '2023/2', 0.38, 'reprovado', 11);
INSERT INTO Historico_Aluno (id_aluno, id_disciplina, semestre, nota, situacao, id_professor) VALUES (16, 14, '2023/2', 2.07, 'reprovado', 7);
INSERT INTO Historico_Aluno (id_aluno, id_disciplina, semestre, nota, situacao, id_professor) VALUES (16, 23, '2024/1', 7.56, 'aprovado', 10);
INSERT INTO Historico_Aluno (id_aluno, id_disciplina, semestre, nota, situacao, id_professor) VALUES (16, 20, '2024/1', 6.47, 'aprovado', 2);
INSERT INTO Historico_Aluno (id_aluno, id_disciplina, semestre, nota, situacao, id_professor) VALUES (16, 19, '2024/1', 7.83, 'aprovado', 7);
INSERT INTO Historico_Aluno (id_aluno, id_disciplina, semestre, nota, situacao, id_professor) VALUES (16, 15, '2024/1', 8.06, 'aprovado', 7);
INSERT INTO Historico_Aluno (id_aluno, id_disciplina, semestre, nota, situacao, id_professor) VALUES (16, 3, '2024/2', 4.02, 'reprovado', 14);
INSERT INTO Historico_Aluno (id_aluno, id_disciplina, semestre, nota, situacao, id_professor) VALUES (16, 18, '2024/2', 3.87, 'reprovado', 7);
INSERT INTO Historico_Aluno (id_aluno, id_disciplina, semestre, nota, situacao, id_professor) VALUES (16, 29, '2024/2', 2.65, 'reprovado', 11);
INSERT INTO Historico_Aluno (id_aluno, id_disciplina, semestre, nota, situacao, id_professor) VALUES (16, 21, '2024/2', 1.82, 'reprovado', 2);
INSERT INTO Historico_Aluno (id_aluno, id_disciplina, semestre, nota, situacao, id_professor) VALUES (16, 9, '2025/1', 9.39, 'aprovado', 10);
INSERT INTO Historico_Aluno (id_aluno, id_disciplina, semestre, nota, situacao, id_professor) VALUES (16, 7, '2025/1', 7.96, 'aprovado', 10);
INSERT INTO Historico_Aluno (id_aluno, id_disciplina, semestre, nota, situacao, id_professor) VALUES (16, 21, '2025/1', 7.19, 'aprovado', 2);
INSERT INTO Historico_Aluno (id_aluno, id_disciplina, semestre, nota, situacao, id_professor) VALUES (16, 30, '2025/1', 7.5, 'aprovado', 7);
INSERT INTO Historico_Aluno (id_aluno, id_disciplina, semestre, nota, situacao, id_professor) VALUES (16, 27, '2025/1', 1.63, 'reprovado', 7);
INSERT INTO Historico_Aluno (id_aluno, id_disciplina, semestre, nota, situacao, id_professor) VALUES (16, 5, '2025/1', 9.26, 'aprovado', 10);
INSERT INTO Historico_Aluno (id_aluno, id_disciplina, semestre, nota, situacao, id_professor) VALUES (16, 28, '2025/1', 8.16, 'aprovado', 14);
INSERT INTO Historico_Aluno (id_aluno, id_disciplina, semestre, nota, situacao, id_professor) VALUES (16, 14, '2025/1', 5.24, 'aprovado', 12);
INSERT INTO Historico_Aluno (id_aluno, id_disciplina, semestre, nota, situacao, id_professor) VALUES (16, 3, '2025/1', 7.95, 'aprovado', 7);
INSERT INTO Historico_Aluno (id_aluno, id_disciplina, semestre, nota, situacao, id_professor) VALUES (16, 18, '2025/1', 7.82, 'aprovado', 20);
INSERT INTO Historico_Aluno (id_aluno, id_disciplina, semestre, nota, situacao, id_professor) VALUES (16, 29, '2025/1', 9.28, 'aprovado', 16);
INSERT INTO Historico_Aluno (id_aluno, id_disciplina, semestre, nota, situacao, id_professor) VALUES (17, 11, '2022/1', 6.3, 'aprovado', 17);
INSERT INTO Historico_Aluno (id_aluno, id_disciplina, semestre, nota, situacao, id_professor) VALUES (17, 5, '2022/1', 4.25, 'reprovado', 4);
INSERT INTO Historico_Aluno (id_aluno, id_disciplina, semestre, nota, situacao, id_professor) VALUES (17, 24, '2022/1', 9.09, 'aprovado', 4);
INSERT INTO Historico_Aluno (id_aluno, id_disciplina, semestre, nota, situacao, id_professor) VALUES (17, 4, '2022/1', 6.16, 'aprovado', 3);
INSERT INTO Historico_Aluno (id_aluno, id_disciplina, semestre, nota, situacao, id_professor) VALUES (17, 22, '2022/1', 2.15, 'reprovado', 19);
INSERT INTO Historico_Aluno (id_aluno, id_disciplina, semestre, nota, situacao, id_professor) VALUES (17, 28, '2022/1', 5.26, 'aprovado', 17);
INSERT INTO Historico_Aluno (id_aluno, id_disciplina, semestre, nota, situacao, id_professor) VALUES (17, 23, '2022/2', 1.37, 'reprovado', 12);
INSERT INTO Historico_Aluno (id_aluno, id_disciplina, semestre, nota, situacao, id_professor) VALUES (17, 26, '2022/2', 9.64, 'aprovado', 12);
INSERT INTO Historico_Aluno (id_aluno, id_disciplina, semestre, nota, situacao, id_professor) VALUES (17, 9, '2022/2', 9.79, 'aprovado', 17);
INSERT INTO Historico_Aluno (id_aluno, id_disciplina, semestre, nota, situacao, id_professor) VALUES (17, 30, '2022/2', 6.2, 'aprovado', 12);
INSERT INTO Historico_Aluno (id_aluno, id_disciplina, semestre, nota, situacao, id_professor) VALUES (17, 8, '2022/2', 8.01, 'aprovado', 12);
INSERT INTO Historico_Aluno (id_aluno, id_disciplina, semestre, nota, situacao, id_professor) VALUES (17, 13, '2022/2', 9.31, 'aprovado', 12);
INSERT INTO Historico_Aluno (id_aluno, id_disciplina, semestre, nota, situacao, id_professor) VALUES (17, 12, '2024/1', 7.99, 'aprovado', 3);
INSERT INTO Historico_Aluno (id_aluno, id_disciplina, semestre, nota, situacao, id_professor) VALUES (17, 20, '2024/1', 9.36, 'aprovado', 19);
INSERT INTO Historico_Aluno (id_aluno, id_disciplina, semestre, nota, situacao, id_professor) VALUES (17, 10, '2024/1', 3.21, 'reprovado', 17);
INSERT INTO Historico_Aluno (id_aluno, id_disciplina, semestre, nota, situacao, id_professor) VALUES (17, 14, '2024/1', 5.47, 'aprovado', 3);
INSERT INTO Historico_Aluno (id_aluno, id_disciplina, semestre, nota, situacao, id_professor) VALUES (17, 22, '2024/2', 7.87, 'aprovado', 12);
INSERT INTO Historico_Aluno (id_aluno, id_disciplina, semestre, nota, situacao, id_professor) VALUES (17, 23, '2024/2', 9.17, 'aprovado', 3);
INSERT INTO Historico_Aluno (id_aluno, id_disciplina, semestre, nota, situacao, id_professor) VALUES (17, 27, '2024/2', 0.21, 'reprovado', 19);
INSERT INTO Historico_Aluno (id_aluno, id_disciplina, semestre, nota, situacao, id_professor) VALUES (17, 1, '2024/2', 8.77, 'aprovado', 19);
INSERT INTO Historico_Aluno (id_aluno, id_disciplina, semestre, nota, situacao, id_professor) VALUES (17, 3, '2024/2', 1.78, 'reprovado', 17);
INSERT INTO Historico_Aluno (id_aluno, id_disciplina, semestre, nota, situacao, id_professor) VALUES (17, 5, '2024/2', 5.25, 'aprovado', 13);
INSERT INTO Historico_Aluno (id_aluno, id_disciplina, semestre, nota, situacao, id_professor) VALUES (17, 10, '2024/2', 7.26, 'aprovado', 6);
INSERT INTO Historico_Aluno (id_aluno, id_disciplina, semestre, nota, situacao, id_professor) VALUES (18, 4, '2022/1', 7.09, 'aprovado', 2);
INSERT INTO Historico_Aluno (id_aluno, id_disciplina, semestre, nota, situacao, id_professor) VALUES (18, 17, '2022/1', 6.12, 'aprovado', 2);
INSERT INTO Historico_Aluno (id_aluno, id_disciplina, semestre, nota, situacao, id_professor) VALUES (18, 2, '2022/1', 6.07, 'aprovado', 10);
INSERT INTO Historico_Aluno (id_aluno, id_disciplina, semestre, nota, situacao, id_professor) VALUES (18, 30, '2022/1', 6.01, 'aprovado', 11);
INSERT INTO Historico_Aluno (id_aluno, id_disciplina, semestre, nota, situacao, id_professor) VALUES (18, 9, '2022/2', 1.59, 'reprovado', 14);
INSERT INTO Historico_Aluno (id_aluno, id_disciplina, semestre, nota, situacao, id_professor) VALUES (18, 12, '2022/2', 0.92, 'reprovado', 11);
INSERT INTO Historico_Aluno (id_aluno, id_disciplina, semestre, nota, situacao, id_professor) VALUES (18, 25, '2022/2', 0.74, 'reprovado', 14);
INSERT INTO Historico_Aluno (id_aluno, id_disciplina, semestre, nota, situacao, id_professor) VALUES (18, 27, '2022/2', 4.38, 'reprovado', 10);
INSERT INTO Historico_Aluno (id_aluno, id_disciplina, semestre, nota, situacao, id_professor) VALUES (18, 1, '2023/1', 1.92, 'reprovado', 11);
INSERT INTO Historico_Aluno (id_aluno, id_disciplina, semestre, nota, situacao, id_professor) VALUES (18, 16, '2023/1', 0.14, 'reprovado', 7);
INSERT INTO Historico_Aluno (id_aluno, id_disciplina, semestre, nota, situacao, id_professor) VALUES (18, 5, '2023/1', 2.58, 'reprovado', 7);
INSERT INTO Historico_Aluno (id_aluno, id_disciplina, semestre, nota, situacao, id_professor) VALUES (18, 7, '2023/1', 4.43, 'reprovado', 11);
INSERT INTO Historico_Aluno (id_aluno, id_disciplina, semestre, nota, situacao, id_professor) VALUES (18, 12, '2024/2', 7.35, 'aprovado', 14);
INSERT INTO Historico_Aluno (id_aluno, id_disciplina, semestre, nota, situacao, id_professor) VALUES (18, 19, '2024/2', 5.35, 'aprovado', 11);
INSERT INTO Historico_Aluno (id_aluno, id_disciplina, semestre, nota, situacao, id_professor) VALUES (18, 27, '2024/2', 9.56, 'aprovado', 7);
INSERT INTO Historico_Aluno (id_aluno, id_disciplina, semestre, nota, situacao, id_professor) VALUES (18, 3, '2024/2', 2.69, 'reprovado', 14);
INSERT INTO Historico_Aluno (id_aluno, id_disciplina, semestre, nota, situacao, id_professor) VALUES (18, 14, '2024/2', 0.12, 'reprovado', 10);
INSERT INTO Historico_Aluno (id_aluno, id_disciplina, semestre, nota, situacao, id_professor) VALUES (18, 9, '2024/2', 7.44, 'aprovado', 1);
INSERT INTO Historico_Aluno (id_aluno, id_disciplina, semestre, nota, situacao, id_professor) VALUES (18, 25, '2024/2', 6.83, 'aprovado', 5);
INSERT INTO Historico_Aluno (id_aluno, id_disciplina, semestre, nota, situacao, id_professor) VALUES (18, 1, '2024/2', 8.31, 'aprovado', 6);
INSERT INTO Historico_Aluno (id_aluno, id_disciplina, semestre, nota, situacao, id_professor) VALUES (18, 16, '2024/2', 9.57, 'aprovado', 12);
INSERT INTO Historico_Aluno (id_aluno, id_disciplina, semestre, nota, situacao, id_professor) VALUES (18, 5, '2024/2', 9.36, 'aprovado', 2);
INSERT INTO Historico_Aluno (id_aluno, id_disciplina, semestre, nota, situacao, id_professor) VALUES (18, 7, '2024/2', 9.09, 'aprovado', 6);
INSERT INTO Historico_Aluno (id_aluno, id_disciplina, semestre, nota, situacao, id_professor) VALUES (19, 12, '2023/1', 0.56, 'reprovado', 8);
INSERT INTO Historico_Aluno (id_aluno, id_disciplina, semestre, nota, situacao, id_professor) VALUES (19, 2, '2023/1', 8.51, 'aprovado', 8);
INSERT INTO Historico_Aluno (id_aluno, id_disciplina, semestre, nota, situacao, id_professor) VALUES (19, 11, '2023/1', 4.12, 'reprovado', 8);
INSERT INTO Historico_Aluno (id_aluno, id_disciplina, semestre, nota, situacao, id_professor) VALUES (19, 8, '2023/1', 5.31, 'aprovado', 8);
INSERT INTO Historico_Aluno (id_aluno, id_disciplina, semestre, nota, situacao, id_professor) VALUES (19, 30, '2023/2', 9.25, 'aprovado', 1);
INSERT INTO Historico_Aluno (id_aluno, id_disciplina, semestre, nota, situacao, id_professor) VALUES (19, 22, '2023/2', 8.12, 'aprovado', 20);
INSERT INTO Historico_Aluno (id_aluno, id_disciplina, semestre, nota, situacao, id_professor) VALUES (19, 17, '2023/2', 6.13, 'aprovado', 6);
INSERT INTO Historico_Aluno (id_aluno, id_disciplina, semestre, nota, situacao, id_professor) VALUES (19, 21, '2023/2', 3.19, 'reprovado', 20);
INSERT INTO Historico_Aluno (id_aluno, id_disciplina, semestre, nota, situacao, id_professor) VALUES (19, 3, '2023/2', 0.93, 'reprovado', 20);
INSERT INTO Historico_Aluno (id_aluno, id_disciplina, semestre, nota, situacao, id_professor) VALUES (19, 20, '2024/1', 0.55, 'reprovado', 6);
INSERT INTO Historico_Aluno (id_aluno, id_disciplina, semestre, nota, situacao, id_professor) VALUES (19, 18, '2024/1', 8.96, 'aprovado', 8);
INSERT INTO Historico_Aluno (id_aluno, id_disciplina, semestre, nota, situacao, id_professor) VALUES (19, 27, '2024/1', 8.54, 'aprovado', 8);
INSERT INTO Historico_Aluno (id_aluno, id_disciplina, semestre, nota, situacao, id_professor) VALUES (19, 28, '2024/1', 1.45, 'reprovado', 20);
INSERT INTO Historico_Aluno (id_aluno, id_disciplina, semestre, nota, situacao, id_professor) VALUES (19, 14, '2024/1', 0.85, 'reprovado', 1);
INSERT INTO Historico_Aluno (id_aluno, id_disciplina, semestre, nota, situacao, id_professor) VALUES (19, 25, '2024/1', 0.59, 'reprovado', 20);
INSERT INTO Historico_Aluno (id_aluno, id_disciplina, semestre, nota, situacao, id_professor) VALUES (19, 1, '2025/1', 6.15, 'aprovado', 1);
INSERT INTO Historico_Aluno (id_aluno, id_disciplina, semestre, nota, situacao, id_professor) VALUES (19, 11, '2025/1', 5.73, 'aprovado', 1);
INSERT INTO Historico_Aluno (id_aluno, id_disciplina, semestre, nota, situacao, id_professor) VALUES (19, 26, '2025/1', 0.61, 'reprovado', 20);
INSERT INTO Historico_Aluno (id_aluno, id_disciplina, semestre, nota, situacao, id_professor) VALUES (19, 16, '2025/1', 5.65, 'aprovado', 1);
INSERT INTO Historico_Aluno (id_aluno, id_disciplina, semestre, nota, situacao, id_professor) VALUES (19, 4, '2025/1', 1.68, 'reprovado', 6);
INSERT INTO Historico_Aluno (id_aluno, id_disciplina, semestre, nota, situacao, id_professor) VALUES (19, 12, '2025/1', 6.03, 'aprovado', 7);
INSERT INTO Historico_Aluno (id_aluno, id_disciplina, semestre, nota, situacao, id_professor) VALUES (19, 21, '2025/1', 6.21, 'aprovado', 7);
INSERT INTO Historico_Aluno (id_aluno, id_disciplina, semestre, nota, situacao, id_professor) VALUES (19, 3, '2025/1', 9.74, 'aprovado', 11);
INSERT INTO Historico_Aluno (id_aluno, id_disciplina, semestre, nota, situacao, id_professor) VALUES (19, 20, '2025/1', 5.84, 'aprovado', 1);
INSERT INTO Historico_Aluno (id_aluno, id_disciplina, semestre, nota, situacao, id_professor) VALUES (19, 28, '2025/1', 7.27, 'aprovado', 6);
INSERT INTO Historico_Aluno (id_aluno, id_disciplina, semestre, nota, situacao, id_professor) VALUES (19, 14, '2025/1', 7.29, 'aprovado', 17);
INSERT INTO Historico_Aluno (id_aluno, id_disciplina, semestre, nota, situacao, id_professor) VALUES (19, 25, '2025/1', 6.0, 'aprovado', 12);
INSERT INTO Historico_Aluno (id_aluno, id_disciplina, semestre, nota, situacao, id_professor) VALUES (20, 20, '2022/1', 1.03, 'reprovado', 10);
INSERT INTO Historico_Aluno (id_aluno, id_disciplina, semestre, nota, situacao, id_professor) VALUES (20, 16, '2022/1', 7.73, 'aprovado', 2);
INSERT INTO Historico_Aluno (id_aluno, id_disciplina, semestre, nota, situacao, id_professor) VALUES (20, 22, '2022/1', 2.33, 'reprovado', 2);
INSERT INTO Historico_Aluno (id_aluno, id_disciplina, semestre, nota, situacao, id_professor) VALUES (20, 7, '2022/1', 5.72, 'aprovado', 7);
INSERT INTO Historico_Aluno (id_aluno, id_disciplina, semestre, nota, situacao, id_professor) VALUES (20, 26, '2022/2', 3.92, 'reprovado', 2);
INSERT INTO Historico_Aluno (id_aluno, id_disciplina, semestre, nota, situacao, id_professor) VALUES (20, 23, '2022/2', 1.19, 'reprovado', 2);
INSERT INTO Historico_Aluno (id_aluno, id_disciplina, semestre, nota, situacao, id_professor) VALUES (20, 2, '2022/2', 2.3, 'reprovado', 10);
INSERT INTO Historico_Aluno (id_aluno, id_disciplina, semestre, nota, situacao, id_professor) VALUES (20, 6, '2022/2', 7.01, 'aprovado', 7);
INSERT INTO Historico_Aluno (id_aluno, id_disciplina, semestre, nota, situacao, id_professor) VALUES (20, 5, '2022/2', 7.2, 'aprovado', 7);
INSERT INTO Historico_Aluno (id_aluno, id_disciplina, semestre, nota, situacao, id_professor) VALUES (20, 27, '2022/2', 6.11, 'aprovado', 14);
INSERT INTO Historico_Aluno (id_aluno, id_disciplina, semestre, nota, situacao, id_professor) VALUES (20, 26, '2023/2', 7.34, 'aprovado', 14);
INSERT INTO Historico_Aluno (id_aluno, id_disciplina, semestre, nota, situacao, id_professor) VALUES (20, 20, '2023/2', 5.98, 'aprovado', 11);
INSERT INTO Historico_Aluno (id_aluno, id_disciplina, semestre, nota, situacao, id_professor) VALUES (20, 17, '2023/2', 0.77, 'reprovado', 11);
INSERT INTO Historico_Aluno (id_aluno, id_disciplina, semestre, nota, situacao, id_professor) VALUES (20, 3, '2023/2', 6.35, 'aprovado', 10);
INSERT INTO Historico_Aluno (id_aluno, id_disciplina, semestre, nota, situacao, id_professor) VALUES (20, 22, '2023/2', 5.48, 'aprovado', 15);
INSERT INTO Historico_Aluno (id_aluno, id_disciplina, semestre, nota, situacao, id_professor) VALUES (20, 23, '2023/2', 8.54, 'aprovado', 18);
INSERT INTO Historico_Aluno (id_aluno, id_disciplina, semestre, nota, situacao, id_professor) VALUES (20, 2, '2023/2', 7.72, 'aprovado', 16);
INSERT INTO Historico_Aluno (id_aluno, id_disciplina, semestre, nota, situacao, id_professor) VALUES (21, 14, '2023/1', 9.72, 'aprovado', 1);
INSERT INTO Historico_Aluno (id_aluno, id_disciplina, semestre, nota, situacao, id_professor) VALUES (21, 7, '2023/1', 3.22, 'reprovado', 6);
INSERT INTO Historico_Aluno (id_aluno, id_disciplina, semestre, nota, situacao, id_professor) VALUES (21, 28, '2023/1', 1.87, 'reprovado', 1);
INSERT INTO Historico_Aluno (id_aluno, id_disciplina, semestre, nota, situacao, id_professor) VALUES (21, 12, '2023/1', 9.19, 'aprovado', 8);
INSERT INTO Historico_Aluno (id_aluno, id_disciplina, semestre, nota, situacao, id_professor) VALUES (21, 24, '2023/1', 5.1, 'aprovado', 1);
INSERT INTO Historico_Aluno (id_aluno, id_disciplina, semestre, nota, situacao, id_professor) VALUES (21, 2, '2023/1', 4.74, 'reprovado', 8);
INSERT INTO Historico_Aluno (id_aluno, id_disciplina, semestre, nota, situacao, id_professor) VALUES (21, 25, '2023/2', 3.27, 'reprovado', 20);
INSERT INTO Historico_Aluno (id_aluno, id_disciplina, semestre, nota, situacao, id_professor) VALUES (21, 3, '2023/2', 9.21, 'aprovado', 8);
INSERT INTO Historico_Aluno (id_aluno, id_disciplina, semestre, nota, situacao, id_professor) VALUES (21, 4, '2023/2', 7.27, 'aprovado', 6);
INSERT INTO Historico_Aluno (id_aluno, id_disciplina, semestre, nota, situacao, id_professor) VALUES (21, 22, '2023/2', 5.44, 'aprovado', 20);
INSERT INTO Historico_Aluno (id_aluno, id_disciplina, semestre, nota, situacao, id_professor) VALUES (21, 19, '2023/2', 8.19, 'aprovado', 8);
INSERT INTO Historico_Aluno (id_aluno, id_disciplina, semestre, nota, situacao, id_professor) VALUES (21, 10, '2025/1', 7.35, 'aprovado', 6);
INSERT INTO Historico_Aluno (id_aluno, id_disciplina, semestre, nota, situacao, id_professor) VALUES (21, 8, '2025/1', 3.72, 'reprovado', 8);
INSERT INTO Historico_Aluno (id_aluno, id_disciplina, semestre, nota, situacao, id_professor) VALUES (21, 26, '2025/1', 8.29, 'aprovado', 1);
INSERT INTO Historico_Aluno (id_aluno, id_disciplina, semestre, nota, situacao, id_professor) VALUES (21, 27, '2025/1', 2.0, 'reprovado', 20);
INSERT INTO Historico_Aluno (id_aluno, id_disciplina, semestre, nota, situacao, id_professor) VALUES (21, 29, '2025/1', 4.27, 'reprovado', 1);
INSERT INTO Historico_Aluno (id_aluno, id_disciplina, semestre, nota, situacao, id_professor) VALUES (21, 1, '2025/2', 1.43, 'reprovado', 6);
INSERT INTO Historico_Aluno (id_aluno, id_disciplina, semestre, nota, situacao, id_professor) VALUES (21, 15, '2025/2', 2.34, 'reprovado', 8);
INSERT INTO Historico_Aluno (id_aluno, id_disciplina, semestre, nota, situacao, id_professor) VALUES (21, 28, '2025/2', 8.42, 'aprovado', 20);
INSERT INTO Historico_Aluno (id_aluno, id_disciplina, semestre, nota, situacao, id_professor) VALUES (21, 29, '2025/2', 9.01, 'aprovado', 6);
INSERT INTO Historico_Aluno (id_aluno, id_disciplina, semestre, nota, situacao, id_professor) VALUES (21, 5, '2025/2', 0.4, 'reprovado', 1);
INSERT INTO Historico_Aluno (id_aluno, id_disciplina, semestre, nota, situacao, id_professor) VALUES (21, 20, '2025/2', 1.54, 'reprovado', 1);
INSERT INTO Historico_Aluno (id_aluno, id_disciplina, semestre, nota, situacao, id_professor) VALUES (21, 7, '2025/2', 8.67, 'aprovado', 11);
INSERT INTO Historico_Aluno (id_aluno, id_disciplina, semestre, nota, situacao, id_professor) VALUES (21, 2, '2025/2', 9.98, 'aprovado', 9);
INSERT INTO Historico_Aluno (id_aluno, id_disciplina, semestre, nota, situacao, id_professor) VALUES (21, 25, '2025/2', 6.07, 'aprovado', 5);
INSERT INTO Historico_Aluno (id_aluno, id_disciplina, semestre, nota, situacao, id_professor) VALUES (21, 8, '2025/2', 9.42, 'aprovado', 2);
INSERT INTO Historico_Aluno (id_aluno, id_disciplina, semestre, nota, situacao, id_professor) VALUES (21, 27, '2025/2', 6.1, 'aprovado', 11);
INSERT INTO Historico_Aluno (id_aluno, id_disciplina, semestre, nota, situacao, id_professor) VALUES (22, 6, '2022/1', 9.07, 'aprovado', 2);
INSERT INTO Historico_Aluno (id_aluno, id_disciplina, semestre, nota, situacao, id_professor) VALUES (22, 29, '2022/1', 8.3, 'aprovado', 11);
INSERT INTO Historico_Aluno (id_aluno, id_disciplina, semestre, nota, situacao, id_professor) VALUES (22, 4, '2022/1', 6.33, 'aprovado', 11);
INSERT INTO Historico_Aluno (id_aluno, id_disciplina, semestre, nota, situacao, id_professor) VALUES (22, 27, '2022/1', 5.74, 'aprovado', 14);
INSERT INTO Historico_Aluno (id_aluno, id_disciplina, semestre, nota, situacao, id_professor) VALUES (22, 21, '2022/1', 4.78, 'reprovado', 7);
INSERT INTO Historico_Aluno (id_aluno, id_disciplina, semestre, nota, situacao, id_professor) VALUES (22, 13, '2022/1', 5.92, 'aprovado', 11);
INSERT INTO Historico_Aluno (id_aluno, id_disciplina, semestre, nota, situacao, id_professor) VALUES (22, 26, '2024/2', 4.07, 'reprovado', 7);
INSERT INTO Historico_Aluno (id_aluno, id_disciplina, semestre, nota, situacao, id_professor) VALUES (22, 20, '2024/2', 5.08, 'aprovado', 11);
INSERT INTO Historico_Aluno (id_aluno, id_disciplina, semestre, nota, situacao, id_professor) VALUES (22, 19, '2024/2', 0.91, 'reprovado', 2);
INSERT INTO Historico_Aluno (id_aluno, id_disciplina, semestre, nota, situacao, id_professor) VALUES (22, 21, '2024/2', 6.58, 'aprovado', 2);
INSERT INTO Historico_Aluno (id_aluno, id_disciplina, semestre, nota, situacao, id_professor) VALUES (22, 24, '2024/2', 3.78, 'reprovado', 11);
INSERT INTO Historico_Aluno (id_aluno, id_disciplina, semestre, nota, situacao, id_professor) VALUES (22, 30, '2024/2', 8.38, 'aprovado', 11);
INSERT INTO Historico_Aluno (id_aluno, id_disciplina, semestre, nota, situacao, id_professor) VALUES (23, 19, '2024/1', 0.38, 'reprovado', 5);
INSERT INTO Historico_Aluno (id_aluno, id_disciplina, semestre, nota, situacao, id_professor) VALUES (23, 29, '2024/1', 5.25, 'aprovado', 18);
INSERT INTO Historico_Aluno (id_aluno, id_disciplina, semestre, nota, situacao, id_professor) VALUES (23, 22, '2024/1', 6.56, 'aprovado', 5);
INSERT INTO Historico_Aluno (id_aluno, id_disciplina, semestre, nota, situacao, id_professor) VALUES (23, 1, '2024/1', 1.84, 'reprovado', 18);
INSERT INTO Historico_Aluno (id_aluno, id_disciplina, semestre, nota, situacao, id_professor) VALUES (23, 15, '2024/1', 2.39, 'reprovado', 18);
INSERT INTO Historico_Aluno (id_aluno, id_disciplina, semestre, nota, situacao, id_professor) VALUES (23, 26, '2025/1', 2.27, 'reprovado', 5);
INSERT INTO Historico_Aluno (id_aluno, id_disciplina, semestre, nota, situacao, id_professor) VALUES (23, 24, '2025/1', 8.62, 'aprovado', 18);
INSERT INTO Historico_Aluno (id_aluno, id_disciplina, semestre, nota, situacao, id_professor) VALUES (23, 5, '2025/1', 5.11, 'aprovado', 5);
INSERT INTO Historico_Aluno (id_aluno, id_disciplina, semestre, nota, situacao, id_professor) VALUES (23, 25, '2025/1', 9.09, 'aprovado', 5);
INSERT INTO Historico_Aluno (id_aluno, id_disciplina, semestre, nota, situacao, id_professor) VALUES (23, 19, '2025/1', 7.68, 'aprovado', 5);
INSERT INTO Historico_Aluno (id_aluno, id_disciplina, semestre, nota, situacao, id_professor) VALUES (23, 12, '2025/1', 6.36, 'aprovado', 5);
INSERT INTO Historico_Aluno (id_aluno, id_disciplina, semestre, nota, situacao, id_professor) VALUES (23, 1, '2025/1', 8.16, 'aprovado', 6);
INSERT INTO Historico_Aluno (id_aluno, id_disciplina, semestre, nota, situacao, id_professor) VALUES (23, 15, '2025/1', 6.12, 'aprovado', 14);
INSERT INTO Historico_Aluno (id_aluno, id_disciplina, semestre, nota, situacao, id_professor) VALUES (24, 28, '2023/2', 4.27, 'reprovado', 7);
INSERT INTO Historico_Aluno (id_aluno, id_disciplina, semestre, nota, situacao, id_professor) VALUES (24, 19, '2023/2', 7.22, 'aprovado', 2);
INSERT INTO Historico_Aluno (id_aluno, id_disciplina, semestre, nota, situacao, id_professor) VALUES (24, 9, '2023/2', 1.38, 'reprovado', 10);
INSERT INTO Historico_Aluno (id_aluno, id_disciplina, semestre, nota, situacao, id_professor) VALUES (24, 15, '2023/2', 0.86, 'reprovado', 10);
INSERT INTO Historico_Aluno (id_aluno, id_disciplina, semestre, nota, situacao, id_professor) VALUES (24, 2, '2024/2', 4.38, 'reprovado', 11);
INSERT INTO Historico_Aluno (id_aluno, id_disciplina, semestre, nota, situacao, id_professor) VALUES (24, 30, '2024/2', 3.4, 'reprovado', 14);
INSERT INTO Historico_Aluno (id_aluno, id_disciplina, semestre, nota, situacao, id_professor) VALUES (24, 27, '2024/2', 0.49, 'reprovado', 10);
INSERT INTO Historico_Aluno (id_aluno, id_disciplina, semestre, nota, situacao, id_professor) VALUES (24, 20, '2024/2', 9.13, 'aprovado', 10);
INSERT INTO Historico_Aluno (id_aluno, id_disciplina, semestre, nota, situacao, id_professor) VALUES (24, 22, '2024/2', 0.11, 'reprovado', 7);
INSERT INTO Historico_Aluno (id_aluno, id_disciplina, semestre, nota, situacao, id_professor) VALUES (24, 23, '2024/2', 0.98, 'reprovado', 14);
INSERT INTO Historico_Aluno (id_aluno, id_disciplina, semestre, nota, situacao, id_professor) VALUES (24, 28, '2024/2', 6.73, 'aprovado', 14);
INSERT INTO Historico_Aluno (id_aluno, id_disciplina, semestre, nota, situacao, id_professor) VALUES (24, 9, '2024/2', 9.47, 'aprovado', 5);
INSERT INTO Historico_Aluno (id_aluno, id_disciplina, semestre, nota, situacao, id_professor) VALUES (24, 15, '2024/2', 9.53, 'aprovado', 9);
INSERT INTO Historico_Aluno (id_aluno, id_disciplina, semestre, nota, situacao, id_professor) VALUES (25, 9, '2023/1', 3.09, 'reprovado', 12);
INSERT INTO Historico_Aluno (id_aluno, id_disciplina, semestre, nota, situacao, id_professor) VALUES (25, 10, '2023/1', 5.93, 'aprovado', 19);
INSERT INTO Historico_Aluno (id_aluno, id_disciplina, semestre, nota, situacao, id_professor) VALUES (25, 15, '2023/1', 1.53, 'reprovado', 17);
INSERT INTO Historico_Aluno (id_aluno, id_disciplina, semestre, nota, situacao, id_professor) VALUES (25, 17, '2023/1', 9.04, 'aprovado', 4);
INSERT INTO Historico_Aluno (id_aluno, id_disciplina, semestre, nota, situacao, id_professor) VALUES (25, 22, '2023/1', 7.73, 'aprovado', 4);
INSERT INTO Historico_Aluno (id_aluno, id_disciplina, semestre, nota, situacao, id_professor) VALUES (25, 2, '2023/2', 8.16, 'aprovado', 17);
INSERT INTO Historico_Aluno (id_aluno, id_disciplina, semestre, nota, situacao, id_professor) VALUES (25, 11, '2023/2', 7.77, 'aprovado', 17);
INSERT INTO Historico_Aluno (id_aluno, id_disciplina, semestre, nota, situacao, id_professor) VALUES (25, 21, '2023/2', 2.99, 'reprovado', 17);
INSERT INTO Historico_Aluno (id_aluno, id_disciplina, semestre, nota, situacao, id_professor) VALUES (25, 19, '2023/2', 7.69, 'aprovado', 3);
INSERT INTO Historico_Aluno (id_aluno, id_disciplina, semestre, nota, situacao, id_professor) VALUES (25, 6, '2025/1', 7.64, 'aprovado', 17);
INSERT INTO Historico_Aluno (id_aluno, id_disciplina, semestre, nota, situacao, id_professor) VALUES (25, 28, '2025/1', 9.5, 'aprovado', 12);
INSERT INTO Historico_Aluno (id_aluno, id_disciplina, semestre, nota, situacao, id_professor) VALUES (25, 13, '2025/1', 4.36, 'reprovado', 19);
INSERT INTO Historico_Aluno (id_aluno, id_disciplina, semestre, nota, situacao, id_professor) VALUES (25, 7, '2025/1', 4.86, 'reprovado', 3);
INSERT INTO Historico_Aluno (id_aluno, id_disciplina, semestre, nota, situacao, id_professor) VALUES (25, 29, '2025/1', 2.8, 'reprovado', 12);
INSERT INTO Historico_Aluno (id_aluno, id_disciplina, semestre, nota, situacao, id_professor) VALUES (25, 9, '2025/1', 6.94, 'aprovado', 10);
INSERT INTO Historico_Aluno (id_aluno, id_disciplina, semestre, nota, situacao, id_professor) VALUES (25, 15, '2025/1', 6.24, 'aprovado', 5);
INSERT INTO Historico_Aluno (id_aluno, id_disciplina, semestre, nota, situacao, id_professor) VALUES (25, 21, '2025/1', 8.31, 'aprovado', 10);
INSERT INTO Historico_Aluno (id_aluno, id_disciplina, semestre, nota, situacao, id_professor) VALUES (26, 27, '2022/2', 0.69, 'reprovado', 11);
INSERT INTO Historico_Aluno (id_aluno, id_disciplina, semestre, nota, situacao, id_professor) VALUES (26, 30, '2022/2', 7.0, 'aprovado', 14);
INSERT INTO Historico_Aluno (id_aluno, id_disciplina, semestre, nota, situacao, id_professor) VALUES (26, 5, '2022/2', 5.66, 'aprovado', 2);
INSERT INTO Historico_Aluno (id_aluno, id_disciplina, semestre, nota, situacao, id_professor) VALUES (26, 11, '2022/2', 3.33, 'reprovado', 14);
INSERT INTO Historico_Aluno (id_aluno, id_disciplina, semestre, nota, situacao, id_professor) VALUES (26, 23, '2022/2', 4.31, 'reprovado', 2);
INSERT INTO Historico_Aluno (id_aluno, id_disciplina, semestre, nota, situacao, id_professor) VALUES (26, 9, '2023/1', 0.0, 'reprovado', 14);
INSERT INTO Historico_Aluno (id_aluno, id_disciplina, semestre, nota, situacao, id_professor) VALUES (26, 11, '2023/1', 7.59, 'aprovado', 7);
INSERT INTO Historico_Aluno (id_aluno, id_disciplina, semestre, nota, situacao, id_professor) VALUES (26, 17, '2023/1', 0.44, 'reprovado', 11);
INSERT INTO Historico_Aluno (id_aluno, id_disciplina, semestre, nota, situacao, id_professor) VALUES (26, 4, '2023/1', 0.39, 'reprovado', 7);
INSERT INTO Historico_Aluno (id_aluno, id_disciplina, semestre, nota, situacao, id_professor) VALUES (26, 16, '2023/1', 7.73, 'aprovado', 14);
INSERT INTO Historico_Aluno (id_aluno, id_disciplina, semestre, nota, situacao, id_professor) VALUES (26, 10, '2023/1', 4.39, 'reprovado', 2);
INSERT INTO Historico_Aluno (id_aluno, id_disciplina, semestre, nota, situacao, id_professor) VALUES (26, 2, '2023/2', 6.98, 'aprovado', 2);
INSERT INTO Historico_Aluno (id_aluno, id_disciplina, semestre, nota, situacao, id_professor) VALUES (26, 14, '2023/2', 9.35, 'aprovado', 10);
INSERT INTO Historico_Aluno (id_aluno, id_disciplina, semestre, nota, situacao, id_professor) VALUES (26, 22, '2023/2', 3.74, 'reprovado', 2);
INSERT INTO Historico_Aluno (id_aluno, id_disciplina, semestre, nota, situacao, id_professor) VALUES (26, 10, '2023/2', 6.41, 'aprovado', 11);
INSERT INTO Historico_Aluno (id_aluno, id_disciplina, semestre, nota, situacao, id_professor) VALUES (26, 3, '2023/2', 8.29, 'aprovado', 7);
INSERT INTO Historico_Aluno (id_aluno, id_disciplina, semestre, nota, situacao, id_professor) VALUES (26, 13, '2023/2', 0.09, 'reprovado', 7);
INSERT INTO Historico_Aluno (id_aluno, id_disciplina, semestre, nota, situacao, id_professor) VALUES (26, 20, '2024/1', 4.79, 'reprovado', 2);
INSERT INTO Historico_Aluno (id_aluno, id_disciplina, semestre, nota, situacao, id_professor) VALUES (26, 26, '2024/1', 9.1, 'aprovado', 7);
INSERT INTO Historico_Aluno (id_aluno, id_disciplina, semestre, nota, situacao, id_professor) VALUES (26, 8, '2024/1', 5.66, 'aprovado', 11);
INSERT INTO Historico_Aluno (id_aluno, id_disciplina, semestre, nota, situacao, id_professor) VALUES (26, 6, '2024/1', 0.71, 'reprovado', 2);
INSERT INTO Historico_Aluno (id_aluno, id_disciplina, semestre, nota, situacao, id_professor) VALUES (26, 27, '2024/1', 7.71, 'aprovado', 19);
INSERT INTO Historico_Aluno (id_aluno, id_disciplina, semestre, nota, situacao, id_professor) VALUES (26, 23, '2024/1', 6.31, 'aprovado', 18);
INSERT INTO Historico_Aluno (id_aluno, id_disciplina, semestre, nota, situacao, id_professor) VALUES (26, 9, '2024/1', 6.83, 'aprovado', 16);
INSERT INTO Historico_Aluno (id_aluno, id_disciplina, semestre, nota, situacao, id_professor) VALUES (26, 17, '2024/1', 7.37, 'aprovado', 9);
INSERT INTO Historico_Aluno (id_aluno, id_disciplina, semestre, nota, situacao, id_professor) VALUES (26, 4, '2024/1', 8.75, 'aprovado', 4);
INSERT INTO Historico_Aluno (id_aluno, id_disciplina, semestre, nota, situacao, id_professor) VALUES (26, 22, '2024/1', 7.49, 'aprovado', 19);
INSERT INTO Historico_Aluno (id_aluno, id_disciplina, semestre, nota, situacao, id_professor) VALUES (26, 13, '2024/1', 6.89, 'aprovado', 2);
INSERT INTO Historico_Aluno (id_aluno, id_disciplina, semestre, nota, situacao, id_professor) VALUES (27, 30, '2022/1', 7.48, 'aprovado', 17);
INSERT INTO Historico_Aluno (id_aluno, id_disciplina, semestre, nota, situacao, id_professor) VALUES (27, 21, '2022/1', 2.32, 'reprovado', 3);
INSERT INTO Historico_Aluno (id_aluno, id_disciplina, semestre, nota, situacao, id_professor) VALUES (27, 12, '2022/1', 3.89, 'reprovado', 3);
INSERT INTO Historico_Aluno (id_aluno, id_disciplina, semestre, nota, situacao, id_professor) VALUES (27, 2, '2022/1', 7.37, 'aprovado', 4);
INSERT INTO Historico_Aluno (id_aluno, id_disciplina, semestre, nota, situacao, id_professor) VALUES (27, 11, '2022/1', 4.8, 'reprovado', 19);
INSERT INTO Historico_Aluno (id_aluno, id_disciplina, semestre, nota, situacao, id_professor) VALUES (27, 10, '2023/1', 1.71, 'reprovado', 17);
INSERT INTO Historico_Aluno (id_aluno, id_disciplina, semestre, nota, situacao, id_professor) VALUES (27, 20, '2023/1', 1.32, 'reprovado', 12);
INSERT INTO Historico_Aluno (id_aluno, id_disciplina, semestre, nota, situacao, id_professor) VALUES (27, 4, '2023/1', 5.1, 'aprovado', 3);
INSERT INTO Historico_Aluno (id_aluno, id_disciplina, semestre, nota, situacao, id_professor) VALUES (27, 19, '2023/1', 3.57, 'reprovado', 17);
INSERT INTO Historico_Aluno (id_aluno, id_disciplina, semestre, nota, situacao, id_professor) VALUES (27, 10, '2024/2', 7.24, 'aprovado', 19);
INSERT INTO Historico_Aluno (id_aluno, id_disciplina, semestre, nota, situacao, id_professor) VALUES (27, 3, '2024/2', 8.12, 'aprovado', 12);
INSERT INTO Historico_Aluno (id_aluno, id_disciplina, semestre, nota, situacao, id_professor) VALUES (27, 29, '2024/2', 0.65, 'reprovado', 19);
INSERT INTO Historico_Aluno (id_aluno, id_disciplina, semestre, nota, situacao, id_professor) VALUES (27, 16, '2024/2', 5.88, 'aprovado', 3);
INSERT INTO Historico_Aluno (id_aluno, id_disciplina, semestre, nota, situacao, id_professor) VALUES (27, 21, '2024/2', 5.41, 'aprovado', 15);
INSERT INTO Historico_Aluno (id_aluno, id_disciplina, semestre, nota, situacao, id_professor) VALUES (27, 12, '2024/2', 8.96, 'aprovado', 10);
INSERT INTO Historico_Aluno (id_aluno, id_disciplina, semestre, nota, situacao, id_professor) VALUES (27, 11, '2024/2', 8.38, 'aprovado', 11);
INSERT INTO Historico_Aluno (id_aluno, id_disciplina, semestre, nota, situacao, id_professor) VALUES (27, 20, '2024/2', 5.37, 'aprovado', 9);
INSERT INTO Historico_Aluno (id_aluno, id_disciplina, semestre, nota, situacao, id_professor) VALUES (27, 19, '2024/2', 9.05, 'aprovado', 12);
INSERT INTO Historico_Aluno (id_aluno, id_disciplina, semestre, nota, situacao, id_professor) VALUES (28, 11, '2023/1', 1.41, 'reprovado', 13);
INSERT INTO Historico_Aluno (id_aluno, id_disciplina, semestre, nota, situacao, id_professor) VALUES (28, 4, '2023/1', 6.8, 'aprovado', 9);
INSERT INTO Historico_Aluno (id_aluno, id_disciplina, semestre, nota, situacao, id_professor) VALUES (28, 18, '2023/1', 4.57, 'reprovado', 15);
INSERT INTO Historico_Aluno (id_aluno, id_disciplina, semestre, nota, situacao, id_professor) VALUES (28, 3, '2023/1', 8.88, 'aprovado', 15);
INSERT INTO Historico_Aluno (id_aluno, id_disciplina, semestre, nota, situacao, id_professor) VALUES (28, 28, '2023/1', 1.92, 'reprovado', 13);
INSERT INTO Historico_Aluno (id_aluno, id_disciplina, semestre, nota, situacao, id_professor) VALUES (28, 20, '2023/1', 4.62, 'reprovado', 13);
INSERT INTO Historico_Aluno (id_aluno, id_disciplina, semestre, nota, situacao, id_professor) VALUES (28, 7, '2024/1', 9.84, 'aprovado', 15);
INSERT INTO Historico_Aluno (id_aluno, id_disciplina, semestre, nota, situacao, id_professor) VALUES (28, 22, '2024/1', 3.77, 'reprovado', 16);
INSERT INTO Historico_Aluno (id_aluno, id_disciplina, semestre, nota, situacao, id_professor) VALUES (28, 15, '2024/1', 9.8, 'aprovado', 9);
INSERT INTO Historico_Aluno (id_aluno, id_disciplina, semestre, nota, situacao, id_professor) VALUES (28, 27, '2024/1', 7.36, 'aprovado', 16);
INSERT INTO Historico_Aluno (id_aluno, id_disciplina, semestre, nota, situacao, id_professor) VALUES (28, 16, '2024/2', 2.1, 'reprovado', 15);
INSERT INTO Historico_Aluno (id_aluno, id_disciplina, semestre, nota, situacao, id_professor) VALUES (28, 22, '2024/2', 5.5, 'aprovado', 13);
INSERT INTO Historico_Aluno (id_aluno, id_disciplina, semestre, nota, situacao, id_professor) VALUES (28, 5, '2024/2', 5.53, 'aprovado', 16);
INSERT INTO Historico_Aluno (id_aluno, id_disciplina, semestre, nota, situacao, id_professor) VALUES (28, 13, '2024/2', 4.48, 'reprovado', 13);
INSERT INTO Historico_Aluno (id_aluno, id_disciplina, semestre, nota, situacao, id_professor) VALUES (28, 21, '2024/2', 2.1, 'reprovado', 13);
INSERT INTO Historico_Aluno (id_aluno, id_disciplina, semestre, nota, situacao, id_professor) VALUES (28, 17, '2025/1', 5.83, 'aprovado', 15);
INSERT INTO Historico_Aluno (id_aluno, id_disciplina, semestre, nota, situacao, id_professor) VALUES (28, 19, '2025/1', 5.82, 'aprovado', 16);
INSERT INTO Historico_Aluno (id_aluno, id_disciplina, semestre, nota, situacao, id_professor) VALUES (28, 23, '2025/1', 3.12, 'reprovado', 15);
INSERT INTO Historico_Aluno (id_aluno, id_disciplina, semestre, nota, situacao, id_professor) VALUES (28, 12, '2025/1', 3.96, 'reprovado', 16);
INSERT INTO Historico_Aluno (id_aluno, id_disciplina, semestre, nota, situacao, id_professor) VALUES (28, 13, '2025/1', 8.49, 'aprovado', 16);
INSERT INTO Historico_Aluno (id_aluno, id_disciplina, semestre, nota, situacao, id_professor) VALUES (28, 26, '2025/1', 6.15, 'aprovado', 13);
INSERT INTO Historico_Aluno (id_aluno, id_disciplina, semestre, nota, situacao, id_professor) VALUES (28, 11, '2025/1', 6.1, 'aprovado', 10);
INSERT INTO Historico_Aluno (id_aluno, id_disciplina, semestre, nota, situacao, id_professor) VALUES (28, 18, '2025/1', 7.41, 'aprovado', 12);
INSERT INTO Historico_Aluno (id_aluno, id_disciplina, semestre, nota, situacao, id_professor) VALUES (28, 28, '2025/1', 9.89, 'aprovado', 3);
INSERT INTO Historico_Aluno (id_aluno, id_disciplina, semestre, nota, situacao, id_professor) VALUES (28, 20, '2025/1', 7.18, 'aprovado', 2);
INSERT INTO Historico_Aluno (id_aluno, id_disciplina, semestre, nota, situacao, id_professor) VALUES (28, 16, '2025/1', 5.49, 'aprovado', 4);
INSERT INTO Historico_Aluno (id_aluno, id_disciplina, semestre, nota, situacao, id_professor) VALUES (28, 21, '2025/1', 8.53, 'aprovado', 13);
INSERT INTO Historico_Aluno (id_aluno, id_disciplina, semestre, nota, situacao, id_professor) VALUES (29, 20, '2024/1', 8.23, 'aprovado', 11);
INSERT INTO Historico_Aluno (id_aluno, id_disciplina, semestre, nota, situacao, id_professor) VALUES (29, 4, '2024/1', 6.22, 'aprovado', 7);
INSERT INTO Historico_Aluno (id_aluno, id_disciplina, semestre, nota, situacao, id_professor) VALUES (29, 8, '2024/1', 8.39, 'aprovado', 10);
INSERT INTO Historico_Aluno (id_aluno, id_disciplina, semestre, nota, situacao, id_professor) VALUES (29, 25, '2024/1', 1.78, 'reprovado', 11);
INSERT INTO Historico_Aluno (id_aluno, id_disciplina, semestre, nota, situacao, id_professor) VALUES (29, 30, '2024/1', 2.7, 'reprovado', 10);
INSERT INTO Historico_Aluno (id_aluno, id_disciplina, semestre, nota, situacao, id_professor) VALUES (29, 30, '2024/2', 8.2, 'aprovado', 10);
INSERT INTO Historico_Aluno (id_aluno, id_disciplina, semestre, nota, situacao, id_professor) VALUES (29, 15, '2024/2', 5.28, 'aprovado', 10);
INSERT INTO Historico_Aluno (id_aluno, id_disciplina, semestre, nota, situacao, id_professor) VALUES (29, 14, '2024/2', 2.08, 'reprovado', 7);
INSERT INTO Historico_Aluno (id_aluno, id_disciplina, semestre, nota, situacao, id_professor) VALUES (29, 2, '2024/2', 2.38, 'reprovado', 14);
INSERT INTO Historico_Aluno (id_aluno, id_disciplina, semestre, nota, situacao, id_professor) VALUES (29, 21, '2024/2', 6.49, 'aprovado', 11);
INSERT INTO Historico_Aluno (id_aluno, id_disciplina, semestre, nota, situacao, id_professor) VALUES (29, 25, '2024/2', 7.12, 'aprovado', 12);
INSERT INTO Historico_Aluno (id_aluno, id_disciplina, semestre, nota, situacao, id_professor) VALUES (30, 11, '2023/2', 0.12, 'reprovado', 19);
INSERT INTO Historico_Aluno (id_aluno, id_disciplina, semestre, nota, situacao, id_professor) VALUES (30, 3, '2023/2', 8.32, 'aprovado', 19);
INSERT INTO Historico_Aluno (id_aluno, id_disciplina, semestre, nota, situacao, id_professor) VALUES (30, 22, '2023/2', 2.92, 'reprovado', 3);
INSERT INTO Historico_Aluno (id_aluno, id_disciplina, semestre, nota, situacao, id_professor) VALUES (30, 28, '2023/2', 5.72, 'aprovado', 17);
INSERT INTO Historico_Aluno (id_aluno, id_disciplina, semestre, nota, situacao, id_professor) VALUES (30, 14, '2023/2', 4.84, 'reprovado', 19);
INSERT INTO Historico_Aluno (id_aluno, id_disciplina, semestre, nota, situacao, id_professor) VALUES (30, 9, '2024/2', 5.66, 'aprovado', 4);
INSERT INTO Historico_Aluno (id_aluno, id_disciplina, semestre, nota, situacao, id_professor) VALUES (30, 22, '2024/2', 6.68, 'aprovado', 17);
INSERT INTO Historico_Aluno (id_aluno, id_disciplina, semestre, nota, situacao, id_professor) VALUES (30, 24, '2024/2', 6.64, 'aprovado', 3);
INSERT INTO Historico_Aluno (id_aluno, id_disciplina, semestre, nota, situacao, id_professor) VALUES (30, 12, '2024/2', 5.15, 'aprovado', 19);
INSERT INTO Historico_Aluno (id_aluno, id_disciplina, semestre, nota, situacao, id_professor) VALUES (30, 13, '2024/2', 5.63, 'aprovado', 17);
INSERT INTO Historico_Aluno (id_aluno, id_disciplina, semestre, nota, situacao, id_professor) VALUES (30, 11, '2024/2', 5.81, 'aprovado', 20);
INSERT INTO Historico_Aluno (id_aluno, id_disciplina, semestre, nota, situacao, id_professor) VALUES (30, 14, '2024/2', 5.59, 'aprovado', 3);
INSERT INTO Historico_Aluno (id_aluno, id_disciplina, semestre, nota, situacao, id_professor) VALUES (31, 9, '2024/1', 5.02, 'aprovado', 16);
INSERT INTO Historico_Aluno (id_aluno, id_disciplina, semestre, nota, situacao, id_professor) VALUES (31, 23, '2024/1', 8.6, 'aprovado', 15);
INSERT INTO Historico_Aluno (id_aluno, id_disciplina, semestre, nota, situacao, id_professor) VALUES (31, 3, '2024/1', 6.34, 'aprovado', 13);
INSERT INTO Historico_Aluno (id_aluno, id_disciplina, semestre, nota, situacao, id_professor) VALUES (31, 10, '2024/1', 5.71, 'aprovado', 13);
INSERT INTO Historico_Aluno (id_aluno, id_disciplina, semestre, nota, situacao, id_professor) VALUES (31, 21, '2024/1', 6.92, 'aprovado', 13);
INSERT INTO Historico_Aluno (id_aluno, id_disciplina, semestre, nota, situacao, id_professor) VALUES (31, 15, '2025/2', 4.51, 'reprovado', 16);
INSERT INTO Historico_Aluno (id_aluno, id_disciplina, semestre, nota, situacao, id_professor) VALUES (31, 27, '2025/2', 5.98, 'aprovado', 15);
INSERT INTO Historico_Aluno (id_aluno, id_disciplina, semestre, nota, situacao, id_professor) VALUES (31, 30, '2025/2', 5.43, 'aprovado', 9);
INSERT INTO Historico_Aluno (id_aluno, id_disciplina, semestre, nota, situacao, id_professor) VALUES (31, 29, '2025/2', 6.62, 'aprovado', 9);
INSERT INTO Historico_Aluno (id_aluno, id_disciplina, semestre, nota, situacao, id_professor) VALUES (31, 5, '2025/2', 4.63, 'reprovado', 16);
INSERT INTO Historico_Aluno (id_aluno, id_disciplina, semestre, nota, situacao, id_professor) VALUES (32, 19, '2022/1', 6.82, 'aprovado', 6);
INSERT INTO Historico_Aluno (id_aluno, id_disciplina, semestre, nota, situacao, id_professor) VALUES (32, 28, '2022/1', 0.43, 'reprovado', 1);
INSERT INTO Historico_Aluno (id_aluno, id_disciplina, semestre, nota, situacao, id_professor) VALUES (32, 6, '2022/1', 3.88, 'reprovado', 20);
INSERT INTO Historico_Aluno (id_aluno, id_disciplina, semestre, nota, situacao, id_professor) VALUES (32, 23, '2022/1', 2.92, 'reprovado', 20);
INSERT INTO Historico_Aluno (id_aluno, id_disciplina, semestre, nota, situacao, id_professor) VALUES (32, 22, '2022/1', 7.5, 'aprovado', 8);
INSERT INTO Historico_Aluno (id_aluno, id_disciplina, semestre, nota, situacao, id_professor) VALUES (32, 17, '2023/1', 7.69, 'aprovado', 20);
INSERT INTO Historico_Aluno (id_aluno, id_disciplina, semestre, nota, situacao, id_professor) VALUES (32, 28, '2023/1', 5.33, 'aprovado', 20);
INSERT INTO Historico_Aluno (id_aluno, id_disciplina, semestre, nota, situacao, id_professor) VALUES (32, 5, '2023/1', 4.29, 'reprovado', 6);
INSERT INTO Historico_Aluno (id_aluno, id_disciplina, semestre, nota, situacao, id_professor) VALUES (32, 16, '2023/1', 1.86, 'reprovado', 1);
INSERT INTO Historico_Aluno (id_aluno, id_disciplina, semestre, nota, situacao, id_professor) VALUES (32, 24, '2024/2', 4.56, 'reprovado', 6);
INSERT INTO Historico_Aluno (id_aluno, id_disciplina, semestre, nota, situacao, id_professor) VALUES (32, 9, '2024/2', 2.69, 'reprovado', 6);
INSERT INTO Historico_Aluno (id_aluno, id_disciplina, semestre, nota, situacao, id_professor) VALUES (32, 21, '2024/2', 2.17, 'reprovado', 20);
INSERT INTO Historico_Aluno (id_aluno, id_disciplina, semestre, nota, situacao, id_professor) VALUES (32, 7, '2024/2', 2.39, 'reprovado', 6);
INSERT INTO Historico_Aluno (id_aluno, id_disciplina, semestre, nota, situacao, id_professor) VALUES (32, 27, '2024/2', 1.91, 'reprovado', 8);
INSERT INTO Historico_Aluno (id_aluno, id_disciplina, semestre, nota, situacao, id_professor) VALUES (32, 23, '2024/2', 8.77, 'aprovado', 8);
INSERT INTO Historico_Aluno (id_aluno, id_disciplina, semestre, nota, situacao, id_professor) VALUES (32, 2, '2025/2', 1.53, 'reprovado', 6);
INSERT INTO Historico_Aluno (id_aluno, id_disciplina, semestre, nota, situacao, id_professor) VALUES (32, 26, '2025/2', 1.41, 'reprovado', 8);
INSERT INTO Historico_Aluno (id_aluno, id_disciplina, semestre, nota, situacao, id_professor) VALUES (32, 21, '2025/2', 7.37, 'aprovado', 6);
INSERT INTO Historico_Aluno (id_aluno, id_disciplina, semestre, nota, situacao, id_professor) VALUES (32, 4, '2025/2', 4.12, 'reprovado', 20);
INSERT INTO Historico_Aluno (id_aluno, id_disciplina, semestre, nota, situacao, id_professor) VALUES (32, 6, '2025/2', 5.6, 'aprovado', 14);
INSERT INTO Historico_Aluno (id_aluno, id_disciplina, semestre, nota, situacao, id_professor) VALUES (32, 5, '2025/2', 5.72, 'aprovado', 13);
INSERT INTO Historico_Aluno (id_aluno, id_disciplina, semestre, nota, situacao, id_professor) VALUES (32, 16, '2025/2', 8.43, 'aprovado', 16);
INSERT INTO Historico_Aluno (id_aluno, id_disciplina, semestre, nota, situacao, id_professor) VALUES (32, 24, '2025/2', 8.57, 'aprovado', 6);
INSERT INTO Historico_Aluno (id_aluno, id_disciplina, semestre, nota, situacao, id_professor) VALUES (32, 9, '2025/2', 6.02, 'aprovado', 11);
INSERT INTO Historico_Aluno (id_aluno, id_disciplina, semestre, nota, situacao, id_professor) VALUES (32, 7, '2025/2', 7.36, 'aprovado', 15);
INSERT INTO Historico_Aluno (id_aluno, id_disciplina, semestre, nota, situacao, id_professor) VALUES (32, 27, '2025/2', 9.09, 'aprovado', 10);
INSERT INTO Historico_Aluno (id_aluno, id_disciplina, semestre, nota, situacao, id_professor) VALUES (33, 10, '2022/2', 2.84, 'reprovado', 3);
INSERT INTO Historico_Aluno (id_aluno, id_disciplina, semestre, nota, situacao, id_professor) VALUES (33, 12, '2022/2', 5.52, 'aprovado', 4);
INSERT INTO Historico_Aluno (id_aluno, id_disciplina, semestre, nota, situacao, id_professor) VALUES (33, 30, '2022/2', 9.54, 'aprovado', 3);
INSERT INTO Historico_Aluno (id_aluno, id_disciplina, semestre, nota, situacao, id_professor) VALUES (33, 24, '2022/2', 9.07, 'aprovado', 3);
INSERT INTO Historico_Aluno (id_aluno, id_disciplina, semestre, nota, situacao, id_professor) VALUES (33, 28, '2024/1', 2.54, 'reprovado', 3);
INSERT INTO Historico_Aluno (id_aluno, id_disciplina, semestre, nota, situacao, id_professor) VALUES (33, 17, '2024/1', 4.95, 'reprovado', 3);
INSERT INTO Historico_Aluno (id_aluno, id_disciplina, semestre, nota, situacao, id_professor) VALUES (33, 27, '2024/1', 7.5, 'aprovado', 19);
INSERT INTO Historico_Aluno (id_aluno, id_disciplina, semestre, nota, situacao, id_professor) VALUES (33, 15, '2024/1', 3.53, 'reprovado', 12);
INSERT INTO Historico_Aluno (id_aluno, id_disciplina, semestre, nota, situacao, id_professor) VALUES (33, 3, '2024/1', 0.72, 'reprovado', 3);
INSERT INTO Historico_Aluno (id_aluno, id_disciplina, semestre, nota, situacao, id_professor) VALUES (33, 6, '2024/1', 7.73, 'aprovado', 4);
INSERT INTO Historico_Aluno (id_aluno, id_disciplina, semestre, nota, situacao, id_professor) VALUES (33, 25, '2024/2', 4.51, 'reprovado', 12);
INSERT INTO Historico_Aluno (id_aluno, id_disciplina, semestre, nota, situacao, id_professor) VALUES (33, 5, '2024/2', 3.09, 'reprovado', 3);
INSERT INTO Historico_Aluno (id_aluno, id_disciplina, semestre, nota, situacao, id_professor) VALUES (33, 15, '2024/2', 5.26, 'aprovado', 17);
INSERT INTO Historico_Aluno (id_aluno, id_disciplina, semestre, nota, situacao, id_professor) VALUES (33, 14, '2024/2', 2.99, 'reprovado', 3);
INSERT INTO Historico_Aluno (id_aluno, id_disciplina, semestre, nota, situacao, id_professor) VALUES (33, 23, '2024/2', 5.91, 'aprovado', 4);
INSERT INTO Historico_Aluno (id_aluno, id_disciplina, semestre, nota, situacao, id_professor) VALUES (33, 22, '2024/2', 9.6, 'aprovado', 17);
INSERT INTO Historico_Aluno (id_aluno, id_disciplina, semestre, nota, situacao, id_professor) VALUES (33, 17, '2025/1', 7.06, 'aprovado', 12);
INSERT INTO Historico_Aluno (id_aluno, id_disciplina, semestre, nota, situacao, id_professor) VALUES (33, 10, '2025/1', 6.74, 'aprovado', 12);
INSERT INTO Historico_Aluno (id_aluno, id_disciplina, semestre, nota, situacao, id_professor) VALUES (33, 20, '2025/1', 8.84, 'aprovado', 17);
INSERT INTO Historico_Aluno (id_aluno, id_disciplina, semestre, nota, situacao, id_professor) VALUES (33, 21, '2025/1', 9.34, 'aprovado', 12);
INSERT INTO Historico_Aluno (id_aluno, id_disciplina, semestre, nota, situacao, id_professor) VALUES (33, 5, '2025/1', 8.19, 'aprovado', 3);
INSERT INTO Historico_Aluno (id_aluno, id_disciplina, semestre, nota, situacao, id_professor) VALUES (33, 11, '2025/1', 1.97, 'reprovado', 19);
INSERT INTO Historico_Aluno (id_aluno, id_disciplina, semestre, nota, situacao, id_professor) VALUES (33, 28, '2025/1', 5.52, 'aprovado', 10);
INSERT INTO Historico_Aluno (id_aluno, id_disciplina, semestre, nota, situacao, id_professor) VALUES (33, 3, '2025/1', 9.25, 'aprovado', 9);
INSERT INTO Historico_Aluno (id_aluno, id_disciplina, semestre, nota, situacao, id_professor) VALUES (33, 25, '2025/1', 5.36, 'aprovado', 5);
INSERT INTO Historico_Aluno (id_aluno, id_disciplina, semestre, nota, situacao, id_professor) VALUES (33, 14, '2025/1', 9.61, 'aprovado', 7);
INSERT INTO Historico_Aluno (id_aluno, id_disciplina, semestre, nota, situacao, id_professor) VALUES (34, 3, '2022/1', 8.36, 'aprovado', 16);
INSERT INTO Historico_Aluno (id_aluno, id_disciplina, semestre, nota, situacao, id_professor) VALUES (34, 9, '2022/1', 6.67, 'aprovado', 13);
INSERT INTO Historico_Aluno (id_aluno, id_disciplina, semestre, nota, situacao, id_professor) VALUES (34, 14, '2022/1', 7.52, 'aprovado', 13);
INSERT INTO Historico_Aluno (id_aluno, id_disciplina, semestre, nota, situacao, id_professor) VALUES (34, 27, '2022/1', 5.48, 'aprovado', 13);
INSERT INTO Historico_Aluno (id_aluno, id_disciplina, semestre, nota, situacao, id_professor) VALUES (34, 5, '2022/1', 6.39, 'aprovado', 15);
INSERT INTO Historico_Aluno (id_aluno, id_disciplina, semestre, nota, situacao, id_professor) VALUES (34, 22, '2022/1', 5.05, 'aprovado', 16);
INSERT INTO Historico_Aluno (id_aluno, id_disciplina, semestre, nota, situacao, id_professor) VALUES (34, 21, '2023/1', 0.46, 'reprovado', 15);
INSERT INTO Historico_Aluno (id_aluno, id_disciplina, semestre, nota, situacao, id_professor) VALUES (34, 6, '2023/1', 9.41, 'aprovado', 9);
INSERT INTO Historico_Aluno (id_aluno, id_disciplina, semestre, nota, situacao, id_professor) VALUES (34, 10, '2023/1', 4.19, 'reprovado', 16);
INSERT INTO Historico_Aluno (id_aluno, id_disciplina, semestre, nota, situacao, id_professor) VALUES (34, 26, '2023/1', 7.93, 'aprovado', 15);
INSERT INTO Historico_Aluno (id_aluno, id_disciplina, semestre, nota, situacao, id_professor) VALUES (34, 13, '2023/1', 6.51, 'aprovado', 15);
INSERT INTO Historico_Aluno (id_aluno, id_disciplina, semestre, nota, situacao, id_professor) VALUES (34, 11, '2024/2', 6.11, 'aprovado', 9);
INSERT INTO Historico_Aluno (id_aluno, id_disciplina, semestre, nota, situacao, id_professor) VALUES (34, 1, '2024/2', 5.51, 'aprovado', 13);
INSERT INTO Historico_Aluno (id_aluno, id_disciplina, semestre, nota, situacao, id_professor) VALUES (34, 2, '2024/2', 0.89, 'reprovado', 13);
INSERT INTO Historico_Aluno (id_aluno, id_disciplina, semestre, nota, situacao, id_professor) VALUES (34, 29, '2024/2', 9.54, 'aprovado', 9);
INSERT INTO Historico_Aluno (id_aluno, id_disciplina, semestre, nota, situacao, id_professor) VALUES (34, 20, '2024/2', 8.72, 'aprovado', 13);
INSERT INTO Historico_Aluno (id_aluno, id_disciplina, semestre, nota, situacao, id_professor) VALUES (34, 28, '2025/2', 3.32, 'reprovado', 16);
INSERT INTO Historico_Aluno (id_aluno, id_disciplina, semestre, nota, situacao, id_professor) VALUES (34, 10, '2025/2', 6.84, 'aprovado', 16);
INSERT INTO Historico_Aluno (id_aluno, id_disciplina, semestre, nota, situacao, id_professor) VALUES (34, 15, '2025/2', 1.99, 'reprovado', 16);
INSERT INTO Historico_Aluno (id_aluno, id_disciplina, semestre, nota, situacao, id_professor) VALUES (34, 7, '2025/2', 4.7, 'reprovado', 13);
INSERT INTO Historico_Aluno (id_aluno, id_disciplina, semestre, nota, situacao, id_professor) VALUES (34, 24, '2025/2', 0.2, 'reprovado', 15);
INSERT INTO Historico_Aluno (id_aluno, id_disciplina, semestre, nota, situacao, id_professor) VALUES (34, 21, '2025/2', 8.68, 'aprovado', 17);
INSERT INTO Historico_Aluno (id_aluno, id_disciplina, semestre, nota, situacao, id_professor) VALUES (34, 2, '2025/2', 7.92, 'aprovado', 13);
INSERT INTO Historico_Aluno (id_aluno, id_disciplina, semestre, nota, situacao, id_professor) VALUES (35, 17, '2022/1', 3.6, 'reprovado', 5);
INSERT INTO Historico_Aluno (id_aluno, id_disciplina, semestre, nota, situacao, id_professor) VALUES (35, 11, '2022/1', 9.57, 'aprovado', 5);
INSERT INTO Historico_Aluno (id_aluno, id_disciplina, semestre, nota, situacao, id_professor) VALUES (35, 30, '2022/1', 5.09, 'aprovado', 5);
INSERT INTO Historico_Aluno (id_aluno, id_disciplina, semestre, nota, situacao, id_professor) VALUES (35, 29, '2022/1', 1.41, 'reprovado', 5);
INSERT INTO Historico_Aluno (id_aluno, id_disciplina, semestre, nota, situacao, id_professor) VALUES (35, 7, '2022/1', 6.77, 'aprovado', 18);
INSERT INTO Historico_Aluno (id_aluno, id_disciplina, semestre, nota, situacao, id_professor) VALUES (35, 9, '2022/1', 2.85, 'reprovado', 5);
INSERT INTO Historico_Aluno (id_aluno, id_disciplina, semestre, nota, situacao, id_professor) VALUES (35, 26, '2023/2', 6.02, 'aprovado', 5);
INSERT INTO Historico_Aluno (id_aluno, id_disciplina, semestre, nota, situacao, id_professor) VALUES (35, 19, '2023/2', 4.33, 'reprovado', 5);
INSERT INTO Historico_Aluno (id_aluno, id_disciplina, semestre, nota, situacao, id_professor) VALUES (35, 18, '2023/2', 1.22, 'reprovado', 5);
INSERT INTO Historico_Aluno (id_aluno, id_disciplina, semestre, nota, situacao, id_professor) VALUES (35, 2, '2023/2', 8.84, 'aprovado', 5);
INSERT INTO Historico_Aluno (id_aluno, id_disciplina, semestre, nota, situacao, id_professor) VALUES (35, 9, '2023/2', 8.64, 'aprovado', 5);
INSERT INTO Historico_Aluno (id_aluno, id_disciplina, semestre, nota, situacao, id_professor) VALUES (35, 25, '2023/2', 8.05, 'aprovado', 5);
INSERT INTO Historico_Aluno (id_aluno, id_disciplina, semestre, nota, situacao, id_professor) VALUES (35, 28, '2024/1', 4.26, 'reprovado', 5);
INSERT INTO Historico_Aluno (id_aluno, id_disciplina, semestre, nota, situacao, id_professor) VALUES (35, 19, '2024/1', 7.39, 'aprovado', 18);
INSERT INTO Historico_Aluno (id_aluno, id_disciplina, semestre, nota, situacao, id_professor) VALUES (35, 15, '2024/1', 2.91, 'reprovado', 5);
INSERT INTO Historico_Aluno (id_aluno, id_disciplina, semestre, nota, situacao, id_professor) VALUES (35, 10, '2024/1', 2.43, 'reprovado', 5);
INSERT INTO Historico_Aluno (id_aluno, id_disciplina, semestre, nota, situacao, id_professor) VALUES (35, 18, '2025/1', 8.58, 'aprovado', 5);
INSERT INTO Historico_Aluno (id_aluno, id_disciplina, semestre, nota, situacao, id_professor) VALUES (35, 22, '2025/1', 6.09, 'aprovado', 18);
INSERT INTO Historico_Aluno (id_aluno, id_disciplina, semestre, nota, situacao, id_professor) VALUES (35, 5, '2025/1', 6.75, 'aprovado', 18);
INSERT INTO Historico_Aluno (id_aluno, id_disciplina, semestre, nota, situacao, id_professor) VALUES (35, 17, '2025/1', 9.18, 'aprovado', 5);
INSERT INTO Historico_Aluno (id_aluno, id_disciplina, semestre, nota, situacao, id_professor) VALUES (35, 4, '2025/1', 4.43, 'reprovado', 18);
INSERT INTO Historico_Aluno (id_aluno, id_disciplina, semestre, nota, situacao, id_professor) VALUES (35, 6, '2025/1', 3.19, 'reprovado', 5);
INSERT INTO Historico_Aluno (id_aluno, id_disciplina, semestre, nota, situacao, id_professor) VALUES (35, 29, '2025/1', 5.37, 'aprovado', 15);
INSERT INTO Historico_Aluno (id_aluno, id_disciplina, semestre, nota, situacao, id_professor) VALUES (35, 28, '2025/1', 6.26, 'aprovado', 8);
INSERT INTO Historico_Aluno (id_aluno, id_disciplina, semestre, nota, situacao, id_professor) VALUES (35, 15, '2025/1', 5.1, 'aprovado', 13);
INSERT INTO Historico_Aluno (id_aluno, id_disciplina, semestre, nota, situacao, id_professor) VALUES (35, 10, '2025/1', 9.3, 'aprovado', 12);
INSERT INTO Historico_Aluno (id_aluno, id_disciplina, semestre, nota, situacao, id_professor) VALUES (36, 14, '2022/2', 3.08, 'reprovado', 5);
INSERT INTO Historico_Aluno (id_aluno, id_disciplina, semestre, nota, situacao, id_professor) VALUES (36, 4, '2022/2', 5.85, 'aprovado', 5);
INSERT INTO Historico_Aluno (id_aluno, id_disciplina, semestre, nota, situacao, id_professor) VALUES (36, 27, '2022/2', 8.46, 'aprovado', 18);
INSERT INTO Historico_Aluno (id_aluno, id_disciplina, semestre, nota, situacao, id_professor) VALUES (36, 17, '2022/2', 1.32, 'reprovado', 5);
INSERT INTO Historico_Aluno (id_aluno, id_disciplina, semestre, nota, situacao, id_professor) VALUES (36, 25, '2023/1', 6.86, 'aprovado', 18);
INSERT INTO Historico_Aluno (id_aluno, id_disciplina, semestre, nota, situacao, id_professor) VALUES (36, 18, '2023/1', 5.29, 'aprovado', 5);
INSERT INTO Historico_Aluno (id_aluno, id_disciplina, semestre, nota, situacao, id_professor) VALUES (36, 3, '2023/1', 5.29, 'aprovado', 18);
INSERT INTO Historico_Aluno (id_aluno, id_disciplina, semestre, nota, situacao, id_professor) VALUES (36, 11, '2023/1', 8.1, 'aprovado', 5);
INSERT INTO Historico_Aluno (id_aluno, id_disciplina, semestre, nota, situacao, id_professor) VALUES (36, 22, '2023/1', 3.92, 'reprovado', 18);
INSERT INTO Historico_Aluno (id_aluno, id_disciplina, semestre, nota, situacao, id_professor) VALUES (36, 14, '2025/1', 9.6, 'aprovado', 18);
INSERT INTO Historico_Aluno (id_aluno, id_disciplina, semestre, nota, situacao, id_professor) VALUES (36, 22, '2025/1', 7.0, 'aprovado', 18);
INSERT INTO Historico_Aluno (id_aluno, id_disciplina, semestre, nota, situacao, id_professor) VALUES (36, 29, '2025/1', 3.0, 'reprovado', 18);
INSERT INTO Historico_Aluno (id_aluno, id_disciplina, semestre, nota, situacao, id_professor) VALUES (36, 15, '2025/1', 1.83, 'reprovado', 18);
INSERT INTO Historico_Aluno (id_aluno, id_disciplina, semestre, nota, situacao, id_professor) VALUES (36, 13, '2025/1', 9.62, 'aprovado', 18);
INSERT INTO Historico_Aluno (id_aluno, id_disciplina, semestre, nota, situacao, id_professor) VALUES (36, 23, '2025/1', 0.13, 'reprovado', 5);
INSERT INTO Historico_Aluno (id_aluno, id_disciplina, semestre, nota, situacao, id_professor) VALUES (36, 17, '2025/1', 5.47, 'aprovado', 3);
INSERT INTO Historico_Aluno (id_aluno, id_disciplina, semestre, nota, situacao, id_professor) VALUES (37, 29, '2022/2', 7.63, 'aprovado', 13);
INSERT INTO Historico_Aluno (id_aluno, id_disciplina, semestre, nota, situacao, id_professor) VALUES (37, 6, '2022/2', 5.16, 'aprovado', 15);
INSERT INTO Historico_Aluno (id_aluno, id_disciplina, semestre, nota, situacao, id_professor) VALUES (37, 5, '2022/2', 4.08, 'reprovado', 13);
INSERT INTO Historico_Aluno (id_aluno, id_disciplina, semestre, nota, situacao, id_professor) VALUES (37, 10, '2022/2', 4.13, 'reprovado', 15);
INSERT INTO Historico_Aluno (id_aluno, id_disciplina, semestre, nota, situacao, id_professor) VALUES (37, 16, '2024/1', 2.83, 'reprovado', 15);
INSERT INTO Historico_Aluno (id_aluno, id_disciplina, semestre, nota, situacao, id_professor) VALUES (37, 25, '2024/1', 5.02, 'aprovado', 16);
INSERT INTO Historico_Aluno (id_aluno, id_disciplina, semestre, nota, situacao, id_professor) VALUES (37, 1, '2024/1', 8.7, 'aprovado', 13);
INSERT INTO Historico_Aluno (id_aluno, id_disciplina, semestre, nota, situacao, id_professor) VALUES (37, 13, '2024/1', 3.73, 'reprovado', 9);
INSERT INTO Historico_Aluno (id_aluno, id_disciplina, semestre, nota, situacao, id_professor) VALUES (37, 2, '2024/1', 9.51, 'aprovado', 15);
INSERT INTO Historico_Aluno (id_aluno, id_disciplina, semestre, nota, situacao, id_professor) VALUES (37, 18, '2024/2', 3.35, 'reprovado', 9);
INSERT INTO Historico_Aluno (id_aluno, id_disciplina, semestre, nota, situacao, id_professor) VALUES (37, 16, '2024/2', 9.4, 'aprovado', 15);
INSERT INTO Historico_Aluno (id_aluno, id_disciplina, semestre, nota, situacao, id_professor) VALUES (37, 4, '2024/2', 6.75, 'aprovado', 16);
INSERT INTO Historico_Aluno (id_aluno, id_disciplina, semestre, nota, situacao, id_professor) VALUES (37, 10, '2024/2', 7.29, 'aprovado', 15);
INSERT INTO Historico_Aluno (id_aluno, id_disciplina, semestre, nota, situacao, id_professor) VALUES (37, 5, '2024/2', 6.85, 'aprovado', 16);
INSERT INTO Historico_Aluno (id_aluno, id_disciplina, semestre, nota, situacao, id_professor) VALUES (37, 20, '2024/2', 8.14, 'aprovado', 13);
INSERT INTO Historico_Aluno (id_aluno, id_disciplina, semestre, nota, situacao, id_professor) VALUES (37, 13, '2024/2', 6.68, 'aprovado', 12);
INSERT INTO Historico_Aluno (id_aluno, id_disciplina, semestre, nota, situacao, id_professor) VALUES (38, 20, '2022/2', 5.21, 'aprovado', 8);
INSERT INTO Historico_Aluno (id_aluno, id_disciplina, semestre, nota, situacao, id_professor) VALUES (38, 29, '2022/2', 1.21, 'reprovado', 6);
INSERT INTO Historico_Aluno (id_aluno, id_disciplina, semestre, nota, situacao, id_professor) VALUES (38, 28, '2022/2', 5.25, 'aprovado', 8);
INSERT INTO Historico_Aluno (id_aluno, id_disciplina, semestre, nota, situacao, id_professor) VALUES (38, 23, '2022/2', 6.06, 'aprovado', 6);
INSERT INTO Historico_Aluno (id_aluno, id_disciplina, semestre, nota, situacao, id_professor) VALUES (38, 2, '2022/2', 4.41, 'reprovado', 8);
INSERT INTO Historico_Aluno (id_aluno, id_disciplina, semestre, nota, situacao, id_professor) VALUES (38, 6, '2023/2', 0.71, 'reprovado', 6);
INSERT INTO Historico_Aluno (id_aluno, id_disciplina, semestre, nota, situacao, id_professor) VALUES (38, 27, '2023/2', 4.11, 'reprovado', 6);
INSERT INTO Historico_Aluno (id_aluno, id_disciplina, semestre, nota, situacao, id_professor) VALUES (38, 8, '2023/2', 3.67, 'reprovado', 1);
INSERT INTO Historico_Aluno (id_aluno, id_disciplina, semestre, nota, situacao, id_professor) VALUES (38, 19, '2023/2', 2.42, 'reprovado', 6);
INSERT INTO Historico_Aluno (id_aluno, id_disciplina, semestre, nota, situacao, id_professor) VALUES (38, 13, '2023/2', 1.69, 'reprovado', 1);
INSERT INTO Historico_Aluno (id_aluno, id_disciplina, semestre, nota, situacao, id_professor) VALUES (38, 22, '2024/2', 7.78, 'aprovado', 8);
INSERT INTO Historico_Aluno (id_aluno, id_disciplina, semestre, nota, situacao, id_professor) VALUES (38, 11, '2024/2', 4.3, 'reprovado', 20);
INSERT INTO Historico_Aluno (id_aluno, id_disciplina, semestre, nota, situacao, id_professor) VALUES (38, 16, '2024/2', 8.01, 'aprovado', 6);
INSERT INTO Historico_Aluno (id_aluno, id_disciplina, semestre, nota, situacao, id_professor) VALUES (38, 1, '2024/2', 6.59, 'aprovado', 6);
INSERT INTO Historico_Aluno (id_aluno, id_disciplina, semestre, nota, situacao, id_professor) VALUES (38, 4, '2024/2', 6.38, 'aprovado', 6);
INSERT INTO Historico_Aluno (id_aluno, id_disciplina, semestre, nota, situacao, id_professor) VALUES (38, 5, '2024/2', 6.59, 'aprovado', 20);
INSERT INTO Historico_Aluno (id_aluno, id_disciplina, semestre, nota, situacao, id_professor) VALUES (38, 13, '2025/1', 9.5, 'aprovado', 8);
INSERT INTO Historico_Aluno (id_aluno, id_disciplina, semestre, nota, situacao, id_professor) VALUES (38, 15, '2025/1', 0.25, 'reprovado', 8);
INSERT INTO Historico_Aluno (id_aluno, id_disciplina, semestre, nota, situacao, id_professor) VALUES (38, 2, '2025/1', 6.81, 'aprovado', 8);
INSERT INTO Historico_Aluno (id_aluno, id_disciplina, semestre, nota, situacao, id_professor) VALUES (38, 14, '2025/1', 2.61, 'reprovado', 20);
INSERT INTO Historico_Aluno (id_aluno, id_disciplina, semestre, nota, situacao, id_professor) VALUES (38, 25, '2025/1', 7.39, 'aprovado', 1);
INSERT INTO Historico_Aluno (id_aluno, id_disciplina, semestre, nota, situacao, id_professor) VALUES (38, 29, '2025/1', 7.87, 'aprovado', 15);
INSERT INTO Historico_Aluno (id_aluno, id_disciplina, semestre, nota, situacao, id_professor) VALUES (38, 6, '2025/1', 8.62, 'aprovado', 7);
INSERT INTO Historico_Aluno (id_aluno, id_disciplina, semestre, nota, situacao, id_professor) VALUES (38, 27, '2025/1', 5.87, 'aprovado', 19);
INSERT INTO Historico_Aluno (id_aluno, id_disciplina, semestre, nota, situacao, id_professor) VALUES (38, 8, '2025/1', 9.03, 'aprovado', 9);
INSERT INTO Historico_Aluno (id_aluno, id_disciplina, semestre, nota, situacao, id_professor) VALUES (38, 19, '2025/1', 7.55, 'aprovado', 19);
INSERT INTO Historico_Aluno (id_aluno, id_disciplina, semestre, nota, situacao, id_professor) VALUES (38, 11, '2025/1', 9.2, 'aprovado', 13);
INSERT INTO Historico_Aluno (id_aluno, id_disciplina, semestre, nota, situacao, id_professor) VALUES (39, 23, '2023/1', 0.02, 'reprovado', 9);
INSERT INTO Historico_Aluno (id_aluno, id_disciplina, semestre, nota, situacao, id_professor) VALUES (39, 1, '2023/1', 9.25, 'aprovado', 16);
INSERT INTO Historico_Aluno (id_aluno, id_disciplina, semestre, nota, situacao, id_professor) VALUES (39, 18, '2023/1', 8.29, 'aprovado', 9);
INSERT INTO Historico_Aluno (id_aluno, id_disciplina, semestre, nota, situacao, id_professor) VALUES (39, 13, '2023/1', 9.38, 'aprovado', 9);
INSERT INTO Historico_Aluno (id_aluno, id_disciplina, semestre, nota, situacao, id_professor) VALUES (39, 20, '2023/1', 1.55, 'reprovado', 9);
INSERT INTO Historico_Aluno (id_aluno, id_disciplina, semestre, nota, situacao, id_professor) VALUES (39, 22, '2023/2', 0.71, 'reprovado', 15);
INSERT INTO Historico_Aluno (id_aluno, id_disciplina, semestre, nota, situacao, id_professor) VALUES (39, 6, '2023/2', 4.58, 'reprovado', 16);
INSERT INTO Historico_Aluno (id_aluno, id_disciplina, semestre, nota, situacao, id_professor) VALUES (39, 9, '2023/2', 6.62, 'aprovado', 9);
INSERT INTO Historico_Aluno (id_aluno, id_disciplina, semestre, nota, situacao, id_professor) VALUES (39, 16, '2023/2', 9.22, 'aprovado', 16);
INSERT INTO Historico_Aluno (id_aluno, id_disciplina, semestre, nota, situacao, id_professor) VALUES (39, 5, '2025/1', 9.47, 'aprovado', 15);
INSERT INTO Historico_Aluno (id_aluno, id_disciplina, semestre, nota, situacao, id_professor) VALUES (39, 10, '2025/1', 3.55, 'reprovado', 16);
INSERT INTO Historico_Aluno (id_aluno, id_disciplina, semestre, nota, situacao, id_professor) VALUES (39, 29, '2025/1', 6.61, 'aprovado', 13);
INSERT INTO Historico_Aluno (id_aluno, id_disciplina, semestre, nota, situacao, id_professor) VALUES (39, 24, '2025/1', 6.43, 'aprovado', 16);
INSERT INTO Historico_Aluno (id_aluno, id_disciplina, semestre, nota, situacao, id_professor) VALUES (39, 27, '2025/1', 7.0, 'aprovado', 13);
INSERT INTO Historico_Aluno (id_aluno, id_disciplina, semestre, nota, situacao, id_professor) VALUES (39, 17, '2025/1', 3.73, 'reprovado', 9);
INSERT INTO Historico_Aluno (id_aluno, id_disciplina, semestre, nota, situacao, id_professor) VALUES (39, 20, '2025/2', 9.42, 'aprovado', 15);
INSERT INTO Historico_Aluno (id_aluno, id_disciplina, semestre, nota, situacao, id_professor) VALUES (39, 4, '2025/2', 8.06, 'aprovado', 13);
INSERT INTO Historico_Aluno (id_aluno, id_disciplina, semestre, nota, situacao, id_professor) VALUES (39, 14, '2025/2', 4.62, 'reprovado', 16);
INSERT INTO Historico_Aluno (id_aluno, id_disciplina, semestre, nota, situacao, id_professor) VALUES (39, 21, '2025/2', 2.71, 'reprovado', 15);
INSERT INTO Historico_Aluno (id_aluno, id_disciplina, semestre, nota, situacao, id_professor) VALUES (39, 15, '2025/2', 8.13, 'aprovado', 16);
INSERT INTO Historico_Aluno (id_aluno, id_disciplina, semestre, nota, situacao, id_professor) VALUES (39, 23, '2025/2', 8.21, 'aprovado', 19);
INSERT INTO Historico_Aluno (id_aluno, id_disciplina, semestre, nota, situacao, id_professor) VALUES (39, 22, '2025/2', 6.64, 'aprovado', 16);
INSERT INTO Historico_Aluno (id_aluno, id_disciplina, semestre, nota, situacao, id_professor) VALUES (39, 6, '2025/2', 7.05, 'aprovado', 2);
INSERT INTO Historico_Aluno (id_aluno, id_disciplina, semestre, nota, situacao, id_professor) VALUES (39, 10, '2025/2', 9.97, 'aprovado', 8);
INSERT INTO Historico_Aluno (id_aluno, id_disciplina, semestre, nota, situacao, id_professor) VALUES (39, 17, '2025/2', 8.61, 'aprovado', 1);
INSERT INTO Historico_Aluno (id_aluno, id_disciplina, semestre, nota, situacao, id_professor) VALUES (40, 19, '2023/1', 7.0, 'aprovado', 10);
INSERT INTO Historico_Aluno (id_aluno, id_disciplina, semestre, nota, situacao, id_professor) VALUES (40, 15, '2023/1', 7.05, 'aprovado', 7);
INSERT INTO Historico_Aluno (id_aluno, id_disciplina, semestre, nota, situacao, id_professor) VALUES (40, 2, '2023/1', 5.74, 'aprovado', 2);
INSERT INTO Historico_Aluno (id_aluno, id_disciplina, semestre, nota, situacao, id_professor) VALUES (40, 18, '2023/1', 5.2, 'aprovado', 2);
INSERT INTO Historico_Aluno (id_aluno, id_disciplina, semestre, nota, situacao, id_professor) VALUES (40, 22, '2023/1', 9.35, 'aprovado', 14);
INSERT INTO Historico_Aluno (id_aluno, id_disciplina, semestre, nota, situacao, id_professor) VALUES (40, 6, '2023/1', 4.81, 'reprovado', 7);
INSERT INTO Historico_Aluno (id_aluno, id_disciplina, semestre, nota, situacao, id_professor) VALUES (40, 23, '2023/2', 1.88, 'reprovado', 2);
INSERT INTO Historico_Aluno (id_aluno, id_disciplina, semestre, nota, situacao, id_professor) VALUES (40, 3, '2023/2', 7.43, 'aprovado', 10);
INSERT INTO Historico_Aluno (id_aluno, id_disciplina, semestre, nota, situacao, id_professor) VALUES (40, 9, '2023/2', 3.43, 'reprovado', 11);
INSERT INTO Historico_Aluno (id_aluno, id_disciplina, semestre, nota, situacao, id_professor) VALUES (40, 25, '2023/2', 8.2, 'aprovado', 7);
INSERT INTO Historico_Aluno (id_aluno, id_disciplina, semestre, nota, situacao, id_professor) VALUES (40, 12, '2023/2', 4.36, 'reprovado', 7);
INSERT INTO Historico_Aluno (id_aluno, id_disciplina, semestre, nota, situacao, id_professor) VALUES (40, 27, '2024/1', 7.12, 'aprovado', 7);
INSERT INTO Historico_Aluno (id_aluno, id_disciplina, semestre, nota, situacao, id_professor) VALUES (40, 7, '2024/1', 2.8, 'reprovado', 10);
INSERT INTO Historico_Aluno (id_aluno, id_disciplina, semestre, nota, situacao, id_professor) VALUES (40, 21, '2024/1', 4.55, 'reprovado', 2);
INSERT INTO Historico_Aluno (id_aluno, id_disciplina, semestre, nota, situacao, id_professor) VALUES (40, 11, '2024/1', 0.85, 'reprovado', 7);
INSERT INTO Historico_Aluno (id_aluno, id_disciplina, semestre, nota, situacao, id_professor) VALUES (40, 9, '2025/1', 7.61, 'aprovado', 7);
INSERT INTO Historico_Aluno (id_aluno, id_disciplina, semestre, nota, situacao, id_professor) VALUES (40, 14, '2025/1', 8.71, 'aprovado', 14);
INSERT INTO Historico_Aluno (id_aluno, id_disciplina, semestre, nota, situacao, id_professor) VALUES (40, 8, '2025/1', 7.12, 'aprovado', 14);
INSERT INTO Historico_Aluno (id_aluno, id_disciplina, semestre, nota, situacao, id_professor) VALUES (40, 28, '2025/1', 1.79, 'reprovado', 10);
INSERT INTO Historico_Aluno (id_aluno, id_disciplina, semestre, nota, situacao, id_professor) VALUES (40, 11, '2025/1', 7.11, 'aprovado', 2);
INSERT INTO Historico_Aluno (id_aluno, id_disciplina, semestre, nota, situacao, id_professor) VALUES (40, 20, '2025/1', 5.39, 'aprovado', 11);
INSERT INTO Historico_Aluno (id_aluno, id_disciplina, semestre, nota, situacao, id_professor) VALUES (40, 6, '2025/1', 5.72, 'aprovado', 8);
INSERT INTO Historico_Aluno (id_aluno, id_disciplina, semestre, nota, situacao, id_professor) VALUES (40, 23, '2025/1', 5.39, 'aprovado', 12);
INSERT INTO Historico_Aluno (id_aluno, id_disciplina, semestre, nota, situacao, id_professor) VALUES (40, 12, '2025/1', 5.97, 'aprovado', 16);
INSERT INTO Historico_Aluno (id_aluno, id_disciplina, semestre, nota, situacao, id_professor) VALUES (40, 7, '2025/1', 8.91, 'aprovado', 8);
INSERT INTO Historico_Aluno (id_aluno, id_disciplina, semestre, nota, situacao, id_professor) VALUES (40, 21, '2025/1', 7.66, 'aprovado', 14);
INSERT INTO Historico_Aluno (id_aluno, id_disciplina, semestre, nota, situacao, id_professor) VALUES (41, 22, '2022/1', 8.01, 'aprovado', 17);
INSERT INTO Historico_Aluno (id_aluno, id_disciplina, semestre, nota, situacao, id_professor) VALUES (41, 12, '2022/1', 4.78, 'reprovado', 19);
INSERT INTO Historico_Aluno (id_aluno, id_disciplina, semestre, nota, situacao, id_professor) VALUES (41, 8, '2022/1', 1.73, 'reprovado', 4);
INSERT INTO Historico_Aluno (id_aluno, id_disciplina, semestre, nota, situacao, id_professor) VALUES (41, 20, '2022/1', 0.98, 'reprovado', 3);
INSERT INTO Historico_Aluno (id_aluno, id_disciplina, semestre, nota, situacao, id_professor) VALUES (41, 19, '2022/1', 8.42, 'aprovado', 3);
INSERT INTO Historico_Aluno (id_aluno, id_disciplina, semestre, nota, situacao, id_professor) VALUES (41, 10, '2022/1', 0.53, 'reprovado', 12);
INSERT INTO Historico_Aluno (id_aluno, id_disciplina, semestre, nota, situacao, id_professor) VALUES (41, 5, '2023/1', 8.38, 'aprovado', 3);
INSERT INTO Historico_Aluno (id_aluno, id_disciplina, semestre, nota, situacao, id_professor) VALUES (41, 17, '2023/1', 8.36, 'aprovado', 17);
INSERT INTO Historico_Aluno (id_aluno, id_disciplina, semestre, nota, situacao, id_professor) VALUES (41, 6, '2023/1', 0.11, 'reprovado', 19);
INSERT INTO Historico_Aluno (id_aluno, id_disciplina, semestre, nota, situacao, id_professor) VALUES (41, 20, '2023/1', 6.92, 'aprovado', 4);
INSERT INTO Historico_Aluno (id_aluno, id_disciplina, semestre, nota, situacao, id_professor) VALUES (41, 25, '2023/1', 3.14, 'reprovado', 3);
INSERT INTO Historico_Aluno (id_aluno, id_disciplina, semestre, nota, situacao, id_professor) VALUES (41, 2, '2024/1', 6.13, 'aprovado', 17);
INSERT INTO Historico_Aluno (id_aluno, id_disciplina, semestre, nota, situacao, id_professor) VALUES (41, 12, '2024/1', 8.65, 'aprovado', 4);
INSERT INTO Historico_Aluno (id_aluno, id_disciplina, semestre, nota, situacao, id_professor) VALUES (41, 6, '2024/1', 9.95, 'aprovado', 12);
INSERT INTO Historico_Aluno (id_aluno, id_disciplina, semestre, nota, situacao, id_professor) VALUES (41, 9, '2024/1', 0.74, 'reprovado', 12);
INSERT INTO Historico_Aluno (id_aluno, id_disciplina, semestre, nota, situacao, id_professor) VALUES (41, 18, '2024/2', 2.49, 'reprovado', 17);
INSERT INTO Historico_Aluno (id_aluno, id_disciplina, semestre, nota, situacao, id_professor) VALUES (41, 16, '2024/2', 6.71, 'aprovado', 3);
INSERT INTO Historico_Aluno (id_aluno, id_disciplina, semestre, nota, situacao, id_professor) VALUES (41, 11, '2024/2', 7.24, 'aprovado', 4);
INSERT INTO Historico_Aluno (id_aluno, id_disciplina, semestre, nota, situacao, id_professor) VALUES (41, 3, '2024/2', 0.28, 'reprovado', 4);
INSERT INTO Historico_Aluno (id_aluno, id_disciplina, semestre, nota, situacao, id_professor) VALUES (41, 8, '2024/2', 9.74, 'aprovado', 4);
INSERT INTO Historico_Aluno (id_aluno, id_disciplina, semestre, nota, situacao, id_professor) VALUES (41, 10, '2024/2', 8.59, 'aprovado', 17);
INSERT INTO Historico_Aluno (id_aluno, id_disciplina, semestre, nota, situacao, id_professor) VALUES (41, 25, '2024/2', 9.94, 'aprovado', 2);
INSERT INTO Historico_Aluno (id_aluno, id_disciplina, semestre, nota, situacao, id_professor) VALUES (41, 9, '2024/2', 7.78, 'aprovado', 2);
INSERT INTO Historico_Aluno (id_aluno, id_disciplina, semestre, nota, situacao, id_professor) VALUES (42, 4, '2022/2', 7.51, 'aprovado', 11);
INSERT INTO Historico_Aluno (id_aluno, id_disciplina, semestre, nota, situacao, id_professor) VALUES (42, 12, '2022/2', 6.96, 'aprovado', 10);
INSERT INTO Historico_Aluno (id_aluno, id_disciplina, semestre, nota, situacao, id_professor) VALUES (42, 21, '2022/2', 9.79, 'aprovado', 2);
INSERT INTO Historico_Aluno (id_aluno, id_disciplina, semestre, nota, situacao, id_professor) VALUES (42, 27, '2022/2', 1.87, 'reprovado', 7);
INSERT INTO Historico_Aluno (id_aluno, id_disciplina, semestre, nota, situacao, id_professor) VALUES (42, 15, '2023/2', 3.95, 'reprovado', 2);
INSERT INTO Historico_Aluno (id_aluno, id_disciplina, semestre, nota, situacao, id_professor) VALUES (42, 18, '2023/2', 1.36, 'reprovado', 11);
INSERT INTO Historico_Aluno (id_aluno, id_disciplina, semestre, nota, situacao, id_professor) VALUES (42, 16, '2023/2', 1.86, 'reprovado', 14);
INSERT INTO Historico_Aluno (id_aluno, id_disciplina, semestre, nota, situacao, id_professor) VALUES (42, 23, '2023/2', 1.49, 'reprovado', 2);
INSERT INTO Historico_Aluno (id_aluno, id_disciplina, semestre, nota, situacao, id_professor) VALUES (42, 5, '2023/2', 8.19, 'aprovado', 10);
INSERT INTO Historico_Aluno (id_aluno, id_disciplina, semestre, nota, situacao, id_professor) VALUES (42, 20, '2025/1', 7.94, 'aprovado', 10);
INSERT INTO Historico_Aluno (id_aluno, id_disciplina, semestre, nota, situacao, id_professor) VALUES (42, 3, '2025/1', 8.46, 'aprovado', 7);
INSERT INTO Historico_Aluno (id_aluno, id_disciplina, semestre, nota, situacao, id_professor) VALUES (42, 24, '2025/1', 3.39, 'reprovado', 11);
INSERT INTO Historico_Aluno (id_aluno, id_disciplina, semestre, nota, situacao, id_professor) VALUES (42, 18, '2025/1', 7.98, 'aprovado', 14);
INSERT INTO Historico_Aluno (id_aluno, id_disciplina, semestre, nota, situacao, id_professor) VALUES (42, 23, '2025/1', 8.36, 'aprovado', 11);
INSERT INTO Historico_Aluno (id_aluno, id_disciplina, semestre, nota, situacao, id_professor) VALUES (42, 29, '2025/1', 7.02, 'aprovado', 10);
INSERT INTO Historico_Aluno (id_aluno, id_disciplina, semestre, nota, situacao, id_professor) VALUES (42, 8, '2025/2', 5.07, 'aprovado', 10);
INSERT INTO Historico_Aluno (id_aluno, id_disciplina, semestre, nota, situacao, id_professor) VALUES (42, 27, '2025/2', 9.07, 'aprovado', 11);
INSERT INTO Historico_Aluno (id_aluno, id_disciplina, semestre, nota, situacao, id_professor) VALUES (42, 14, '2025/2', 3.18, 'reprovado', 14);
INSERT INTO Historico_Aluno (id_aluno, id_disciplina, semestre, nota, situacao, id_professor) VALUES (42, 19, '2025/2', 6.5, 'aprovado', 2);
INSERT INTO Historico_Aluno (id_aluno, id_disciplina, semestre, nota, situacao, id_professor) VALUES (42, 30, '2025/2', 8.47, 'aprovado', 10);
INSERT INTO Historico_Aluno (id_aluno, id_disciplina, semestre, nota, situacao, id_professor) VALUES (42, 25, '2025/2', 1.99, 'reprovado', 11);
INSERT INTO Historico_Aluno (id_aluno, id_disciplina, semestre, nota, situacao, id_professor) VALUES (42, 15, '2025/2', 7.51, 'aprovado', 6);
INSERT INTO Historico_Aluno (id_aluno, id_disciplina, semestre, nota, situacao, id_professor) VALUES (42, 16, '2025/2', 6.11, 'aprovado', 19);
INSERT INTO Historico_Aluno (id_aluno, id_disciplina, semestre, nota, situacao, id_professor) VALUES (42, 24, '2025/2', 5.72, 'aprovado', 7);
INSERT INTO Historico_Aluno (id_aluno, id_disciplina, semestre, nota, situacao, id_professor) VALUES (43, 23, '2023/1', 4.62, 'reprovado', 4);
INSERT INTO Historico_Aluno (id_aluno, id_disciplina, semestre, nota, situacao, id_professor) VALUES (43, 13, '2023/1', 3.71, 'reprovado', 17);
INSERT INTO Historico_Aluno (id_aluno, id_disciplina, semestre, nota, situacao, id_professor) VALUES (43, 9, '2023/1', 5.2, 'aprovado', 12);
INSERT INTO Historico_Aluno (id_aluno, id_disciplina, semestre, nota, situacao, id_professor) VALUES (43, 14, '2023/1', 8.81, 'aprovado', 4);
INSERT INTO Historico_Aluno (id_aluno, id_disciplina, semestre, nota, situacao, id_professor) VALUES (43, 30, '2024/1', 6.97, 'aprovado', 12);
INSERT INTO Historico_Aluno (id_aluno, id_disciplina, semestre, nota, situacao, id_professor) VALUES (43, 19, '2024/1', 0.14, 'reprovado', 4);
INSERT INTO Historico_Aluno (id_aluno, id_disciplina, semestre, nota, situacao, id_professor) VALUES (43, 22, '2024/1', 3.41, 'reprovado', 12);
INSERT INTO Historico_Aluno (id_aluno, id_disciplina, semestre, nota, situacao, id_professor) VALUES (43, 11, '2024/1', 8.5, 'aprovado', 12);
INSERT INTO Historico_Aluno (id_aluno, id_disciplina, semestre, nota, situacao, id_professor) VALUES (43, 10, '2024/1', 0.6, 'reprovado', 17);
INSERT INTO Historico_Aluno (id_aluno, id_disciplina, semestre, nota, situacao, id_professor) VALUES (43, 21, '2025/1', 6.53, 'aprovado', 19);
INSERT INTO Historico_Aluno (id_aluno, id_disciplina, semestre, nota, situacao, id_professor) VALUES (43, 13, '2025/1', 5.13, 'aprovado', 19);
INSERT INTO Historico_Aluno (id_aluno, id_disciplina, semestre, nota, situacao, id_professor) VALUES (43, 19, '2025/1', 6.92, 'aprovado', 3);
INSERT INTO Historico_Aluno (id_aluno, id_disciplina, semestre, nota, situacao, id_professor) VALUES (43, 15, '2025/1', 2.87, 'reprovado', 19);
INSERT INTO Historico_Aluno (id_aluno, id_disciplina, semestre, nota, situacao, id_professor) VALUES (43, 22, '2025/1', 7.02, 'aprovado', 4);
INSERT INTO Historico_Aluno (id_aluno, id_disciplina, semestre, nota, situacao, id_professor) VALUES (43, 23, '2025/1', 6.33, 'aprovado', 1);
INSERT INTO Historico_Aluno (id_aluno, id_disciplina, semestre, nota, situacao, id_professor) VALUES (43, 10, '2025/1', 9.02, 'aprovado', 15);
INSERT INTO Historico_Aluno (id_aluno, id_disciplina, semestre, nota, situacao, id_professor) VALUES (44, 29, '2022/1', 3.16, 'reprovado', 18);
INSERT INTO Historico_Aluno (id_aluno, id_disciplina, semestre, nota, situacao, id_professor) VALUES (44, 5, '2022/1', 5.02, 'aprovado', 18);
INSERT INTO Historico_Aluno (id_aluno, id_disciplina, semestre, nota, situacao, id_professor) VALUES (44, 25, '2022/1', 6.83, 'aprovado', 5);
INSERT INTO Historico_Aluno (id_aluno, id_disciplina, semestre, nota, situacao, id_professor) VALUES (44, 1, '2022/1', 0.02, 'reprovado', 18);
INSERT INTO Historico_Aluno (id_aluno, id_disciplina, semestre, nota, situacao, id_professor) VALUES (44, 8, '2022/1', 7.37, 'aprovado', 18);
INSERT INTO Historico_Aluno (id_aluno, id_disciplina, semestre, nota, situacao, id_professor) VALUES (44, 7, '2025/1', 1.31, 'reprovado', 18);
INSERT INTO Historico_Aluno (id_aluno, id_disciplina, semestre, nota, situacao, id_professor) VALUES (44, 24, '2025/1', 5.7, 'aprovado', 5);
INSERT INTO Historico_Aluno (id_aluno, id_disciplina, semestre, nota, situacao, id_professor) VALUES (44, 26, '2025/1', 3.15, 'reprovado', 18);
INSERT INTO Historico_Aluno (id_aluno, id_disciplina, semestre, nota, situacao, id_professor) VALUES (44, 11, '2025/1', 9.84, 'aprovado', 18);
INSERT INTO Historico_Aluno (id_aluno, id_disciplina, semestre, nota, situacao, id_professor) VALUES (44, 14, '2025/1', 9.02, 'aprovado', 5);
INSERT INTO Historico_Aluno (id_aluno, id_disciplina, semestre, nota, situacao, id_professor) VALUES (44, 7, '2025/2', 9.6, 'aprovado', 18);
INSERT INTO Historico_Aluno (id_aluno, id_disciplina, semestre, nota, situacao, id_professor) VALUES (44, 19, '2025/2', 2.62, 'reprovado', 5);
INSERT INTO Historico_Aluno (id_aluno, id_disciplina, semestre, nota, situacao, id_professor) VALUES (44, 15, '2025/2', 7.22, 'aprovado', 5);
INSERT INTO Historico_Aluno (id_aluno, id_disciplina, semestre, nota, situacao, id_professor) VALUES (44, 21, '2025/2', 6.69, 'aprovado', 5);
INSERT INTO Historico_Aluno (id_aluno, id_disciplina, semestre, nota, situacao, id_professor) VALUES (44, 30, '2025/2', 2.74, 'reprovado', 18);
INSERT INTO Historico_Aluno (id_aluno, id_disciplina, semestre, nota, situacao, id_professor) VALUES (44, 13, '2025/2', 2.73, 'reprovado', 5);
INSERT INTO Historico_Aluno (id_aluno, id_disciplina, semestre, nota, situacao, id_professor) VALUES (44, 29, '2025/2', 9.17, 'aprovado', 13);
INSERT INTO Historico_Aluno (id_aluno, id_disciplina, semestre, nota, situacao, id_professor) VALUES (44, 1, '2025/2', 5.24, 'aprovado', 9);
INSERT INTO Historico_Aluno (id_aluno, id_disciplina, semestre, nota, situacao, id_professor) VALUES (44, 26, '2025/2', 6.36, 'aprovado', 18);
INSERT INTO Historico_Aluno (id_aluno, id_disciplina, semestre, nota, situacao, id_professor) VALUES (45, 20, '2022/2', 4.16, 'reprovado', 20);
INSERT INTO Historico_Aluno (id_aluno, id_disciplina, semestre, nota, situacao, id_professor) VALUES (45, 6, '2022/2', 2.59, 'reprovado', 20);
INSERT INTO Historico_Aluno (id_aluno, id_disciplina, semestre, nota, situacao, id_professor) VALUES (45, 30, '2022/2', 6.77, 'aprovado', 20);
INSERT INTO Historico_Aluno (id_aluno, id_disciplina, semestre, nota, situacao, id_professor) VALUES (45, 23, '2022/2', 4.04, 'reprovado', 8);
INSERT INTO Historico_Aluno (id_aluno, id_disciplina, semestre, nota, situacao, id_professor) VALUES (45, 15, '2022/2', 0.46, 'reprovado', 6);
INSERT INTO Historico_Aluno (id_aluno, id_disciplina, semestre, nota, situacao, id_professor) VALUES (45, 7, '2022/2', 4.9, 'reprovado', 20);
INSERT INTO Historico_Aluno (id_aluno, id_disciplina, semestre, nota, situacao, id_professor) VALUES (45, 23, '2024/1', 8.59, 'aprovado', 8);
INSERT INTO Historico_Aluno (id_aluno, id_disciplina, semestre, nota, situacao, id_professor) VALUES (45, 24, '2024/1', 7.96, 'aprovado', 20);
INSERT INTO Historico_Aluno (id_aluno, id_disciplina, semestre, nota, situacao, id_professor) VALUES (45, 10, '2024/1', 9.3, 'aprovado', 1);
INSERT INTO Historico_Aluno (id_aluno, id_disciplina, semestre, nota, situacao, id_professor) VALUES (45, 16, '2024/1', 5.28, 'aprovado', 1);
INSERT INTO Historico_Aluno (id_aluno, id_disciplina, semestre, nota, situacao, id_professor) VALUES (45, 20, '2024/1', 8.22, 'aprovado', 15);
INSERT INTO Historico_Aluno (id_aluno, id_disciplina, semestre, nota, situacao, id_professor) VALUES (45, 6, '2024/1', 9.73, 'aprovado', 17);
INSERT INTO Historico_Aluno (id_aluno, id_disciplina, semestre, nota, situacao, id_professor) VALUES (45, 15, '2024/1', 5.39, 'aprovado', 8);
INSERT INTO Historico_Aluno (id_aluno, id_disciplina, semestre, nota, situacao, id_professor) VALUES (45, 7, '2024/1', 9.65, 'aprovado', 13);
INSERT INTO Historico_Aluno (id_aluno, id_disciplina, semestre, nota, situacao, id_professor) VALUES (46, 24, '2022/1', 8.76, 'aprovado', 19);
INSERT INTO Historico_Aluno (id_aluno, id_disciplina, semestre, nota, situacao, id_professor) VALUES (46, 12, '2022/1', 4.72, 'reprovado', 4);
INSERT INTO Historico_Aluno (id_aluno, id_disciplina, semestre, nota, situacao, id_professor) VALUES (46, 2, '2022/1', 6.68, 'aprovado', 17);
INSERT INTO Historico_Aluno (id_aluno, id_disciplina, semestre, nota, situacao, id_professor) VALUES (46, 21, '2022/1', 9.39, 'aprovado', 19);
INSERT INTO Historico_Aluno (id_aluno, id_disciplina, semestre, nota, situacao, id_professor) VALUES (46, 13, '2024/1', 7.66, 'aprovado', 4);
INSERT INTO Historico_Aluno (id_aluno, id_disciplina, semestre, nota, situacao, id_professor) VALUES (46, 16, '2024/1', 1.08, 'reprovado', 17);
INSERT INTO Historico_Aluno (id_aluno, id_disciplina, semestre, nota, situacao, id_professor) VALUES (46, 18, '2024/1', 1.49, 'reprovado', 12);
INSERT INTO Historico_Aluno (id_aluno, id_disciplina, semestre, nota, situacao, id_professor) VALUES (46, 14, '2024/1', 2.28, 'reprovado', 4);
INSERT INTO Historico_Aluno (id_aluno, id_disciplina, semestre, nota, situacao, id_professor) VALUES (46, 9, '2024/1', 1.84, 'reprovado', 17);
INSERT INTO Historico_Aluno (id_aluno, id_disciplina, semestre, nota, situacao, id_professor) VALUES (46, 22, '2024/2', 9.32, 'aprovado', 19);
INSERT INTO Historico_Aluno (id_aluno, id_disciplina, semestre, nota, situacao, id_professor) VALUES (46, 19, '2024/2', 6.87, 'aprovado', 17);
INSERT INTO Historico_Aluno (id_aluno, id_disciplina, semestre, nota, situacao, id_professor) VALUES (46, 9, '2024/2', 6.46, 'aprovado', 3);
INSERT INTO Historico_Aluno (id_aluno, id_disciplina, semestre, nota, situacao, id_professor) VALUES (46, 20, '2024/2', 5.01, 'aprovado', 3);
INSERT INTO Historico_Aluno (id_aluno, id_disciplina, semestre, nota, situacao, id_professor) VALUES (46, 11, '2024/2', 1.88, 'reprovado', 12);
INSERT INTO Historico_Aluno (id_aluno, id_disciplina, semestre, nota, situacao, id_professor) VALUES (46, 12, '2024/2', 7.13, 'aprovado', 13);
INSERT INTO Historico_Aluno (id_aluno, id_disciplina, semestre, nota, situacao, id_professor) VALUES (46, 16, '2024/2', 8.51, 'aprovado', 4);
INSERT INTO Historico_Aluno (id_aluno, id_disciplina, semestre, nota, situacao, id_professor) VALUES (46, 18, '2024/2', 6.26, 'aprovado', 18);
INSERT INTO Historico_Aluno (id_aluno, id_disciplina, semestre, nota, situacao, id_professor) VALUES (46, 14, '2024/2', 9.66, 'aprovado', 1);
INSERT INTO Historico_Aluno (id_aluno, id_disciplina, semestre, nota, situacao, id_professor) VALUES (47, 27, '2024/2', 9.94, 'aprovado', 8);
INSERT INTO Historico_Aluno (id_aluno, id_disciplina, semestre, nota, situacao, id_professor) VALUES (47, 8, '2024/2', 0.7, 'reprovado', 6);
INSERT INTO Historico_Aluno (id_aluno, id_disciplina, semestre, nota, situacao, id_professor) VALUES (47, 24, '2024/2', 2.87, 'reprovado', 6);
INSERT INTO Historico_Aluno (id_aluno, id_disciplina, semestre, nota, situacao, id_professor) VALUES (47, 11, '2024/2', 0.26, 'reprovado', 8);
INSERT INTO Historico_Aluno (id_aluno, id_disciplina, semestre, nota, situacao, id_professor) VALUES (47, 9, '2024/2', 3.93, 'reprovado', 6);
INSERT INTO Historico_Aluno (id_aluno, id_disciplina, semestre, nota, situacao, id_professor) VALUES (47, 12, '2025/1', 9.31, 'aprovado', 1);
INSERT INTO Historico_Aluno (id_aluno, id_disciplina, semestre, nota, situacao, id_professor) VALUES (47, 30, '2025/1', 4.63, 'reprovado', 1);
INSERT INTO Historico_Aluno (id_aluno, id_disciplina, semestre, nota, situacao, id_professor) VALUES (47, 8, '2025/1', 9.96, 'aprovado', 8);
INSERT INTO Historico_Aluno (id_aluno, id_disciplina, semestre, nota, situacao, id_professor) VALUES (47, 23, '2025/1', 9.99, 'aprovado', 6);
INSERT INTO Historico_Aluno (id_aluno, id_disciplina, semestre, nota, situacao, id_professor) VALUES (47, 2, '2025/1', 5.71, 'aprovado', 8);
INSERT INTO Historico_Aluno (id_aluno, id_disciplina, semestre, nota, situacao, id_professor) VALUES (47, 24, '2025/1', 7.48, 'aprovado', 6);
INSERT INTO Historico_Aluno (id_aluno, id_disciplina, semestre, nota, situacao, id_professor) VALUES (47, 29, '2025/2', 4.41, 'reprovado', 6);
INSERT INTO Historico_Aluno (id_aluno, id_disciplina, semestre, nota, situacao, id_professor) VALUES (47, 3, '2025/2', 6.98, 'aprovado', 1);
INSERT INTO Historico_Aluno (id_aluno, id_disciplina, semestre, nota, situacao, id_professor) VALUES (47, 28, '2025/2', 1.38, 'reprovado', 1);
INSERT INTO Historico_Aluno (id_aluno, id_disciplina, semestre, nota, situacao, id_professor) VALUES (47, 20, '2025/2', 1.87, 'reprovado', 6);
INSERT INTO Historico_Aluno (id_aluno, id_disciplina, semestre, nota, situacao, id_professor) VALUES (47, 13, '2025/2', 0.71, 'reprovado', 8);
INSERT INTO Historico_Aluno (id_aluno, id_disciplina, semestre, nota, situacao, id_professor) VALUES (47, 11, '2025/2', 9.46, 'aprovado', 11);
INSERT INTO Historico_Aluno (id_aluno, id_disciplina, semestre, nota, situacao, id_professor) VALUES (47, 9, '2025/2', 8.61, 'aprovado', 10);
INSERT INTO Historico_Aluno (id_aluno, id_disciplina, semestre, nota, situacao, id_professor) VALUES (47, 30, '2025/2', 6.51, 'aprovado', 18);
INSERT INTO Historico_Aluno (id_aluno, id_disciplina, semestre, nota, situacao, id_professor) VALUES (48, 25, '2022/2', 8.69, 'aprovado', 15);
INSERT INTO Historico_Aluno (id_aluno, id_disciplina, semestre, nota, situacao, id_professor) VALUES (48, 9, '2022/2', 6.03, 'aprovado', 15);
INSERT INTO Historico_Aluno (id_aluno, id_disciplina, semestre, nota, situacao, id_professor) VALUES (48, 15, '2022/2', 0.04, 'reprovado', 9);
INSERT INTO Historico_Aluno (id_aluno, id_disciplina, semestre, nota, situacao, id_professor) VALUES (48, 14, '2022/2', 1.05, 'reprovado', 9);
INSERT INTO Historico_Aluno (id_aluno, id_disciplina, semestre, nota, situacao, id_professor) VALUES (48, 12, '2023/1', 4.46, 'reprovado', 15);
INSERT INTO Historico_Aluno (id_aluno, id_disciplina, semestre, nota, situacao, id_professor) VALUES (48, 11, '2023/1', 7.54, 'aprovado', 15);
INSERT INTO Historico_Aluno (id_aluno, id_disciplina, semestre, nota, situacao, id_professor) VALUES (48, 3, '2023/1', 5.19, 'aprovado', 15);
INSERT INTO Historico_Aluno (id_aluno, id_disciplina, semestre, nota, situacao, id_professor) VALUES (48, 23, '2023/1', 5.58, 'aprovado', 16);
INSERT INTO Historico_Aluno (id_aluno, id_disciplina, semestre, nota, situacao, id_professor) VALUES (48, 22, '2023/1', 7.15, 'aprovado', 9);
INSERT INTO Historico_Aluno (id_aluno, id_disciplina, semestre, nota, situacao, id_professor) VALUES (48, 29, '2023/1', 1.45, 'reprovado', 9);
INSERT INTO Historico_Aluno (id_aluno, id_disciplina, semestre, nota, situacao, id_professor) VALUES (48, 19, '2023/2', 9.11, 'aprovado', 13);
INSERT INTO Historico_Aluno (id_aluno, id_disciplina, semestre, nota, situacao, id_professor) VALUES (48, 4, '2023/2', 8.24, 'aprovado', 13);
INSERT INTO Historico_Aluno (id_aluno, id_disciplina, semestre, nota, situacao, id_professor) VALUES (48, 17, '2023/2', 2.12, 'reprovado', 9);
INSERT INTO Historico_Aluno (id_aluno, id_disciplina, semestre, nota, situacao, id_professor) VALUES (48, 10, '2023/2', 8.7, 'aprovado', 13);
INSERT INTO Historico_Aluno (id_aluno, id_disciplina, semestre, nota, situacao, id_professor) VALUES (48, 6, '2023/2', 2.51, 'reprovado', 16);
INSERT INTO Historico_Aluno (id_aluno, id_disciplina, semestre, nota, situacao, id_professor) VALUES (48, 15, '2023/2', 9.55, 'aprovado', 2);
INSERT INTO Historico_Aluno (id_aluno, id_disciplina, semestre, nota, situacao, id_professor) VALUES (48, 14, '2023/2', 7.99, 'aprovado', 10);
INSERT INTO Historico_Aluno (id_aluno, id_disciplina, semestre, nota, situacao, id_professor) VALUES (48, 12, '2023/2', 7.23, 'aprovado', 10);
INSERT INTO Historico_Aluno (id_aluno, id_disciplina, semestre, nota, situacao, id_professor) VALUES (48, 29, '2023/2', 6.85, 'aprovado', 8);
INSERT INTO Historico_Aluno (id_aluno, id_disciplina, semestre, nota, situacao, id_professor) VALUES (49, 16, '2022/1', 5.37, 'aprovado', 5);
INSERT INTO Historico_Aluno (id_aluno, id_disciplina, semestre, nota, situacao, id_professor) VALUES (49, 23, '2022/1', 3.23, 'reprovado', 5);
INSERT INTO Historico_Aluno (id_aluno, id_disciplina, semestre, nota, situacao, id_professor) VALUES (49, 10, '2022/1', 9.04, 'aprovado', 18);
INSERT INTO Historico_Aluno (id_aluno, id_disciplina, semestre, nota, situacao, id_professor) VALUES (49, 27, '2022/1', 4.23, 'reprovado', 18);
INSERT INTO Historico_Aluno (id_aluno, id_disciplina, semestre, nota, situacao, id_professor) VALUES (49, 21, '2022/1', 3.26, 'reprovado', 18);
INSERT INTO Historico_Aluno (id_aluno, id_disciplina, semestre, nota, situacao, id_professor) VALUES (49, 23, '2023/1', 5.85, 'aprovado', 5);
INSERT INTO Historico_Aluno (id_aluno, id_disciplina, semestre, nota, situacao, id_professor) VALUES (49, 25, '2023/1', 3.31, 'reprovado', 18);
INSERT INTO Historico_Aluno (id_aluno, id_disciplina, semestre, nota, situacao, id_professor) VALUES (49, 13, '2023/1', 0.44, 'reprovado', 5);
INSERT INTO Historico_Aluno (id_aluno, id_disciplina, semestre, nota, situacao, id_professor) VALUES (49, 7, '2023/1', 8.37, 'aprovado', 5);
INSERT INTO Historico_Aluno (id_aluno, id_disciplina, semestre, nota, situacao, id_professor) VALUES (49, 28, '2023/1', 3.86, 'reprovado', 5);
INSERT INTO Historico_Aluno (id_aluno, id_disciplina, semestre, nota, situacao, id_professor) VALUES (49, 19, '2023/1', 6.19, 'aprovado', 18);
INSERT INTO Historico_Aluno (id_aluno, id_disciplina, semestre, nota, situacao, id_professor) VALUES (49, 12, '2023/2', 1.44, 'reprovado', 5);
INSERT INTO Historico_Aluno (id_aluno, id_disciplina, semestre, nota, situacao, id_professor) VALUES (49, 14, '2023/2', 2.73, 'reprovado', 18);
INSERT INTO Historico_Aluno (id_aluno, id_disciplina, semestre, nota, situacao, id_professor) VALUES (49, 28, '2023/2', 7.6, 'aprovado', 5);
INSERT INTO Historico_Aluno (id_aluno, id_disciplina, semestre, nota, situacao, id_professor) VALUES (49, 18, '2023/2', 0.16, 'reprovado', 18);
INSERT INTO Historico_Aluno (id_aluno, id_disciplina, semestre, nota, situacao, id_professor) VALUES (49, 3, '2023/2', 1.33, 'reprovado', 5);
INSERT INTO Historico_Aluno (id_aluno, id_disciplina, semestre, nota, situacao, id_professor) VALUES (49, 21, '2024/1', 7.34, 'aprovado', 18);
INSERT INTO Historico_Aluno (id_aluno, id_disciplina, semestre, nota, situacao, id_professor) VALUES (49, 13, '2024/1', 9.64, 'aprovado', 18);
INSERT INTO Historico_Aluno (id_aluno, id_disciplina, semestre, nota, situacao, id_professor) VALUES (49, 2, '2024/1', 2.98, 'reprovado', 18);
INSERT INTO Historico_Aluno (id_aluno, id_disciplina, semestre, nota, situacao, id_professor) VALUES (49, 14, '2024/1', 9.79, 'aprovado', 5);
INSERT INTO Historico_Aluno (id_aluno, id_disciplina, semestre, nota, situacao, id_professor) VALUES (49, 27, '2024/1', 5.78, 'aprovado', 3);
INSERT INTO Historico_Aluno (id_aluno, id_disciplina, semestre, nota, situacao, id_professor) VALUES (49, 25, '2024/1', 8.26, 'aprovado', 18);
INSERT INTO Historico_Aluno (id_aluno, id_disciplina, semestre, nota, situacao, id_professor) VALUES (49, 12, '2024/1', 5.64, 'aprovado', 13);
INSERT INTO Historico_Aluno (id_aluno, id_disciplina, semestre, nota, situacao, id_professor) VALUES (49, 18, '2024/1', 7.91, 'aprovado', 16);
INSERT INTO Historico_Aluno (id_aluno, id_disciplina, semestre, nota, situacao, id_professor) VALUES (49, 3, '2024/1', 8.06, 'aprovado', 8);
INSERT INTO Historico_Aluno (id_aluno, id_disciplina, semestre, nota, situacao, id_professor) VALUES (50, 12, '2023/2', 8.52, 'aprovado', 13);
INSERT INTO Historico_Aluno (id_aluno, id_disciplina, semestre, nota, situacao, id_professor) VALUES (50, 29, '2023/2', 9.84, 'aprovado', 9);
INSERT INTO Historico_Aluno (id_aluno, id_disciplina, semestre, nota, situacao, id_professor) VALUES (50, 7, '2023/2', 6.99, 'aprovado', 9);
INSERT INTO Historico_Aluno (id_aluno, id_disciplina, semestre, nota, situacao, id_professor) VALUES (50, 30, '2023/2', 5.61, 'aprovado', 13);
INSERT INTO Historico_Aluno (id_aluno, id_disciplina, semestre, nota, situacao, id_professor) VALUES (50, 4, '2024/2', 0.43, 'reprovado', 15);
INSERT INTO Historico_Aluno (id_aluno, id_disciplina, semestre, nota, situacao, id_professor) VALUES (50, 24, '2024/2', 0.16, 'reprovado', 9);
INSERT INTO Historico_Aluno (id_aluno, id_disciplina, semestre, nota, situacao, id_professor) VALUES (50, 11, '2024/2', 1.21, 'reprovado', 13);
INSERT INTO Historico_Aluno (id_aluno, id_disciplina, semestre, nota, situacao, id_professor) VALUES (50, 6, '2024/2', 6.36, 'aprovado', 9);
INSERT INTO Historico_Aluno (id_aluno, id_disciplina, semestre, nota, situacao, id_professor) VALUES (50, 19, '2025/1', 4.54, 'reprovado', 15);
INSERT INTO Historico_Aluno (id_aluno, id_disciplina, semestre, nota, situacao, id_professor) VALUES (50, 23, '2025/1', 4.49, 'reprovado', 16);
INSERT INTO Historico_Aluno (id_aluno, id_disciplina, semestre, nota, situacao, id_professor) VALUES (50, 25, '2025/1', 2.4, 'reprovado', 15);
INSERT INTO Historico_Aluno (id_aluno, id_disciplina, semestre, nota, situacao, id_professor) VALUES (50, 2, '2025/1', 9.72, 'aprovado', 9);
INSERT INTO Historico_Aluno (id_aluno, id_disciplina, semestre, nota, situacao, id_professor) VALUES (50, 4, '2025/1', 9.61, 'aprovado', 5);
INSERT INTO Historico_Aluno (id_aluno, id_disciplina, semestre, nota, situacao, id_professor) VALUES (50, 24, '2025/1', 7.43, 'aprovado', 15);
INSERT INTO Historico_Aluno (id_aluno, id_disciplina, semestre, nota, situacao, id_professor) VALUES (50, 11, '2025/1', 6.56, 'aprovado', 14);
INSERT INTO Historico_Aluno (id_aluno, id_disciplina, semestre, nota, situacao, id_professor) VALUES (51, 28, '2022/1', 0.13, 'reprovado', 19);
INSERT INTO Historico_Aluno (id_aluno, id_disciplina, semestre, nota, situacao, id_professor) VALUES (51, 13, '2022/1', 0.38, 'reprovado', 12);
INSERT INTO Historico_Aluno (id_aluno, id_disciplina, semestre, nota, situacao, id_professor) VALUES (51, 3, '2022/1', 1.83, 'reprovado', 3);
INSERT INTO Historico_Aluno (id_aluno, id_disciplina, semestre, nota, situacao, id_professor) VALUES (51, 6, '2022/1', 2.25, 'reprovado', 4);
INSERT INTO Historico_Aluno (id_aluno, id_disciplina, semestre, nota, situacao, id_professor) VALUES (51, 21, '2022/1', 4.77, 'reprovado', 17);
INSERT INTO Historico_Aluno (id_aluno, id_disciplina, semestre, nota, situacao, id_professor) VALUES (51, 15, '2023/1', 5.0, 'aprovado', 3);
INSERT INTO Historico_Aluno (id_aluno, id_disciplina, semestre, nota, situacao, id_professor) VALUES (51, 24, '2023/1', 3.53, 'reprovado', 4);
INSERT INTO Historico_Aluno (id_aluno, id_disciplina, semestre, nota, situacao, id_professor) VALUES (51, 22, '2023/1', 4.89, 'reprovado', 3);
INSERT INTO Historico_Aluno (id_aluno, id_disciplina, semestre, nota, situacao, id_professor) VALUES (51, 5, '2023/1', 0.88, 'reprovado', 12);
INSERT INTO Historico_Aluno (id_aluno, id_disciplina, semestre, nota, situacao, id_professor) VALUES (51, 27, '2023/1', 6.31, 'aprovado', 19);
INSERT INTO Historico_Aluno (id_aluno, id_disciplina, semestre, nota, situacao, id_professor) VALUES (51, 20, '2023/1', 2.17, 'reprovado', 3);
INSERT INTO Historico_Aluno (id_aluno, id_disciplina, semestre, nota, situacao, id_professor) VALUES (51, 5, '2024/1', 8.17, 'aprovado', 19);
INSERT INTO Historico_Aluno (id_aluno, id_disciplina, semestre, nota, situacao, id_professor) VALUES (51, 23, '2024/1', 8.65, 'aprovado', 19);
INSERT INTO Historico_Aluno (id_aluno, id_disciplina, semestre, nota, situacao, id_professor) VALUES (51, 9, '2024/1', 0.63, 'reprovado', 19);
INSERT INTO Historico_Aluno (id_aluno, id_disciplina, semestre, nota, situacao, id_professor) VALUES (51, 7, '2024/1', 3.19, 'reprovado', 17);
INSERT INTO Historico_Aluno (id_aluno, id_disciplina, semestre, nota, situacao, id_professor) VALUES (51, 1, '2025/2', 3.9, 'reprovado', 19);
INSERT INTO Historico_Aluno (id_aluno, id_disciplina, semestre, nota, situacao, id_professor) VALUES (51, 17, '2025/2', 9.2, 'aprovado', 12);
INSERT INTO Historico_Aluno (id_aluno, id_disciplina, semestre, nota, situacao, id_professor) VALUES (51, 19, '2025/2', 3.52, 'reprovado', 3);
INSERT INTO Historico_Aluno (id_aluno, id_disciplina, semestre, nota, situacao, id_professor) VALUES (51, 11, '2025/2', 7.09, 'aprovado', 17);
INSERT INTO Historico_Aluno (id_aluno, id_disciplina, semestre, nota, situacao, id_professor) VALUES (51, 21, '2025/2', 5.27, 'aprovado', 12);
INSERT INTO Historico_Aluno (id_aluno, id_disciplina, semestre, nota, situacao, id_professor) VALUES (51, 28, '2025/2', 8.41, 'aprovado', 10);
INSERT INTO Historico_Aluno (id_aluno, id_disciplina, semestre, nota, situacao, id_professor) VALUES (51, 13, '2025/2', 5.91, 'aprovado', 14);
INSERT INTO Historico_Aluno (id_aluno, id_disciplina, semestre, nota, situacao, id_professor) VALUES (51, 3, '2025/2', 8.11, 'aprovado', 1);
INSERT INTO Historico_Aluno (id_aluno, id_disciplina, semestre, nota, situacao, id_professor) VALUES (51, 6, '2025/2', 6.58, 'aprovado', 4);
INSERT INTO Historico_Aluno (id_aluno, id_disciplina, semestre, nota, situacao, id_professor) VALUES (51, 24, '2025/2', 8.87, 'aprovado', 19);
INSERT INTO Historico_Aluno (id_aluno, id_disciplina, semestre, nota, situacao, id_professor) VALUES (51, 22, '2025/2', 7.88, 'aprovado', 16);
INSERT INTO Historico_Aluno (id_aluno, id_disciplina, semestre, nota, situacao, id_professor) VALUES (51, 20, '2025/2', 6.97, 'aprovado', 10);
INSERT INTO Historico_Aluno (id_aluno, id_disciplina, semestre, nota, situacao, id_professor) VALUES (51, 9, '2025/2', 7.12, 'aprovado', 8);
INSERT INTO Historico_Aluno (id_aluno, id_disciplina, semestre, nota, situacao, id_professor) VALUES (51, 7, '2025/2', 7.96, 'aprovado', 18);
INSERT INTO Historico_Aluno (id_aluno, id_disciplina, semestre, nota, situacao, id_professor) VALUES (52, 20, '2022/2', 8.47, 'aprovado', 19);
INSERT INTO Historico_Aluno (id_aluno, id_disciplina, semestre, nota, situacao, id_professor) VALUES (52, 23, '2022/2', 1.47, 'reprovado', 4);
INSERT INTO Historico_Aluno (id_aluno, id_disciplina, semestre, nota, situacao, id_professor) VALUES (52, 18, '2022/2', 7.99, 'aprovado', 19);
INSERT INTO Historico_Aluno (id_aluno, id_disciplina, semestre, nota, situacao, id_professor) VALUES (52, 4, '2022/2', 3.34, 'reprovado', 17);
INSERT INTO Historico_Aluno (id_aluno, id_disciplina, semestre, nota, situacao, id_professor) VALUES (52, 17, '2025/2', 2.61, 'reprovado', 3);
INSERT INTO Historico_Aluno (id_aluno, id_disciplina, semestre, nota, situacao, id_professor) VALUES (52, 28, '2025/2', 6.25, 'aprovado', 4);
INSERT INTO Historico_Aluno (id_aluno, id_disciplina, semestre, nota, situacao, id_professor) VALUES (52, 26, '2025/2', 7.09, 'aprovado', 3);
INSERT INTO Historico_Aluno (id_aluno, id_disciplina, semestre, nota, situacao, id_professor) VALUES (52, 16, '2025/2', 8.36, 'aprovado', 17);
INSERT INTO Historico_Aluno (id_aluno, id_disciplina, semestre, nota, situacao, id_professor) VALUES (52, 2, '2025/2', 6.08, 'aprovado', 19);
INSERT INTO Historico_Aluno (id_aluno, id_disciplina, semestre, nota, situacao, id_professor) VALUES (52, 1, '2025/2', 6.67, 'aprovado', 4);
INSERT INTO Historico_Aluno (id_aluno, id_disciplina, semestre, nota, situacao, id_professor) VALUES (52, 23, '2025/2', 9.46, 'aprovado', 2);
INSERT INTO Historico_Aluno (id_aluno, id_disciplina, semestre, nota, situacao, id_professor) VALUES (52, 4, '2025/2', 6.96, 'aprovado', 12);
INSERT INTO Historico_Aluno (id_aluno, id_disciplina, semestre, nota, situacao, id_professor) VALUES (53, 11, '2022/2', 2.06, 'reprovado', 5);
INSERT INTO Historico_Aluno (id_aluno, id_disciplina, semestre, nota, situacao, id_professor) VALUES (53, 10, '2022/2', 9.12, 'aprovado', 5);
INSERT INTO Historico_Aluno (id_aluno, id_disciplina, semestre, nota, situacao, id_professor) VALUES (53, 4, '2022/2', 9.95, 'aprovado', 5);
INSERT INTO Historico_Aluno (id_aluno, id_disciplina, semestre, nota, situacao, id_professor) VALUES (53, 7, '2022/2', 2.38, 'reprovado', 18);
INSERT INTO Historico_Aluno (id_aluno, id_disciplina, semestre, nota, situacao, id_professor) VALUES (53, 19, '2022/2', 7.43, 'aprovado', 5);
INSERT INTO Historico_Aluno (id_aluno, id_disciplina, semestre, nota, situacao, id_professor) VALUES (53, 5, '2022/2', 4.72, 'reprovado', 18);
INSERT INTO Historico_Aluno (id_aluno, id_disciplina, semestre, nota, situacao, id_professor) VALUES (53, 3, '2023/1', 4.74, 'reprovado', 5);
INSERT INTO Historico_Aluno (id_aluno, id_disciplina, semestre, nota, situacao, id_professor) VALUES (53, 29, '2023/1', 7.52, 'aprovado', 5);
INSERT INTO Historico_Aluno (id_aluno, id_disciplina, semestre, nota, situacao, id_professor) VALUES (53, 20, '2023/1', 8.31, 'aprovado', 18);
INSERT INTO Historico_Aluno (id_aluno, id_disciplina, semestre, nota, situacao, id_professor) VALUES (53, 7, '2023/1', 8.3, 'aprovado', 5);
INSERT INTO Historico_Aluno (id_aluno, id_disciplina, semestre, nota, situacao, id_professor) VALUES (53, 13, '2023/1', 6.41, 'aprovado', 18);
INSERT INTO Historico_Aluno (id_aluno, id_disciplina, semestre, nota, situacao, id_professor) VALUES (53, 5, '2023/2', 7.85, 'aprovado', 18);
INSERT INTO Historico_Aluno (id_aluno, id_disciplina, semestre, nota, situacao, id_professor) VALUES (53, 9, '2023/2', 7.84, 'aprovado', 5);
INSERT INTO Historico_Aluno (id_aluno, id_disciplina, semestre, nota, situacao, id_professor) VALUES (53, 26, '2023/2', 9.68, 'aprovado', 18);
INSERT INTO Historico_Aluno (id_aluno, id_disciplina, semestre, nota, situacao, id_professor) VALUES (53, 30, '2023/2', 7.57, 'aprovado', 18);
INSERT INTO Historico_Aluno (id_aluno, id_disciplina, semestre, nota, situacao, id_professor) VALUES (53, 15, '2023/2', 6.64, 'aprovado', 5);
INSERT INTO Historico_Aluno (id_aluno, id_disciplina, semestre, nota, situacao, id_professor) VALUES (53, 28, '2023/2', 2.83, 'reprovado', 5);
INSERT INTO Historico_Aluno (id_aluno, id_disciplina, semestre, nota, situacao, id_professor) VALUES (53, 11, '2023/2', 5.32, 'aprovado', 1);
INSERT INTO Historico_Aluno (id_aluno, id_disciplina, semestre, nota, situacao, id_professor) VALUES (53, 3, '2023/2', 5.53, 'aprovado', 19);
INSERT INTO Historico_Aluno (id_aluno, id_disciplina, semestre, nota, situacao, id_professor) VALUES (54, 9, '2022/1', 9.75, 'aprovado', 20);
INSERT INTO Historico_Aluno (id_aluno, id_disciplina, semestre, nota, situacao, id_professor) VALUES (54, 21, '2022/1', 8.43, 'aprovado', 1);
INSERT INTO Historico_Aluno (id_aluno, id_disciplina, semestre, nota, situacao, id_professor) VALUES (54, 3, '2022/1', 5.78, 'aprovado', 1);
INSERT INTO Historico_Aluno (id_aluno, id_disciplina, semestre, nota, situacao, id_professor) VALUES (54, 20, '2022/1', 9.19, 'aprovado', 1);
INSERT INTO Historico_Aluno (id_aluno, id_disciplina, semestre, nota, situacao, id_professor) VALUES (54, 12, '2022/1', 1.17, 'reprovado', 8);
INSERT INTO Historico_Aluno (id_aluno, id_disciplina, semestre, nota, situacao, id_professor) VALUES (54, 28, '2022/1', 9.32, 'aprovado', 8);
INSERT INTO Historico_Aluno (id_aluno, id_disciplina, semestre, nota, situacao, id_professor) VALUES (54, 2, '2022/2', 0.04, 'reprovado', 8);
INSERT INTO Historico_Aluno (id_aluno, id_disciplina, semestre, nota, situacao, id_professor) VALUES (54, 24, '2022/2', 4.49, 'reprovado', 8);
INSERT INTO Historico_Aluno (id_aluno, id_disciplina, semestre, nota, situacao, id_professor) VALUES (54, 14, '2022/2', 7.06, 'aprovado', 8);
INSERT INTO Historico_Aluno (id_aluno, id_disciplina, semestre, nota, situacao, id_professor) VALUES (54, 7, '2022/2', 9.77, 'aprovado', 20);
INSERT INTO Historico_Aluno (id_aluno, id_disciplina, semestre, nota, situacao, id_professor) VALUES (54, 8, '2022/2', 3.43, 'reprovado', 8);
INSERT INTO Historico_Aluno (id_aluno, id_disciplina, semestre, nota, situacao, id_professor) VALUES (54, 11, '2022/2', 9.18, 'aprovado', 6);
INSERT INTO Historico_Aluno (id_aluno, id_disciplina, semestre, nota, situacao, id_professor) VALUES (54, 27, '2025/1', 8.26, 'aprovado', 20);
INSERT INTO Historico_Aluno (id_aluno, id_disciplina, semestre, nota, situacao, id_professor) VALUES (54, 6, '2025/1', 1.92, 'reprovado', 20);
INSERT INTO Historico_Aluno (id_aluno, id_disciplina, semestre, nota, situacao, id_professor) VALUES (54, 15, '2025/1', 4.99, 'reprovado', 6);
INSERT INTO Historico_Aluno (id_aluno, id_disciplina, semestre, nota, situacao, id_professor) VALUES (54, 12, '2025/1', 5.6, 'aprovado', 20);
INSERT INTO Historico_Aluno (id_aluno, id_disciplina, semestre, nota, situacao, id_professor) VALUES (54, 29, '2025/1', 0.02, 'reprovado', 1);
INSERT INTO Historico_Aluno (id_aluno, id_disciplina, semestre, nota, situacao, id_professor) VALUES (54, 2, '2025/1', 5.96, 'aprovado', 1);
INSERT INTO Historico_Aluno (id_aluno, id_disciplina, semestre, nota, situacao, id_professor) VALUES (54, 24, '2025/1', 7.68, 'aprovado', 2);
INSERT INTO Historico_Aluno (id_aluno, id_disciplina, semestre, nota, situacao, id_professor) VALUES (54, 8, '2025/1', 8.41, 'aprovado', 4);
INSERT INTO Historico_Aluno (id_aluno, id_disciplina, semestre, nota, situacao, id_professor) VALUES (55, 4, '2022/2', 9.98, 'aprovado', 9);
INSERT INTO Historico_Aluno (id_aluno, id_disciplina, semestre, nota, situacao, id_professor) VALUES (55, 8, '2022/2', 7.04, 'aprovado', 9);
INSERT INTO Historico_Aluno (id_aluno, id_disciplina, semestre, nota, situacao, id_professor) VALUES (55, 21, '2022/2', 2.27, 'reprovado', 16);
INSERT INTO Historico_Aluno (id_aluno, id_disciplina, semestre, nota, situacao, id_professor) VALUES (55, 7, '2022/2', 0.8, 'reprovado', 9);
INSERT INTO Historico_Aluno (id_aluno, id_disciplina, semestre, nota, situacao, id_professor) VALUES (55, 30, '2025/2', 7.53, 'aprovado', 13);
INSERT INTO Historico_Aluno (id_aluno, id_disciplina, semestre, nota, situacao, id_professor) VALUES (55, 9, '2025/2', 1.19, 'reprovado', 15);
INSERT INTO Historico_Aluno (id_aluno, id_disciplina, semestre, nota, situacao, id_professor) VALUES (55, 13, '2025/2', 0.04, 'reprovado', 13);
INSERT INTO Historico_Aluno (id_aluno, id_disciplina, semestre, nota, situacao, id_professor) VALUES (55, 18, '2025/2', 7.99, 'aprovado', 13);
INSERT INTO Historico_Aluno (id_aluno, id_disciplina, semestre, nota, situacao, id_professor) VALUES (55, 3, '2025/2', 2.78, 'reprovado', 9);
INSERT INTO Historico_Aluno (id_aluno, id_disciplina, semestre, nota, situacao, id_professor) VALUES (55, 21, '2025/2', 9.51, 'aprovado', 3);
INSERT INTO Historico_Aluno (id_aluno, id_disciplina, semestre, nota, situacao, id_professor) VALUES (55, 7, '2025/2', 5.98, 'aprovado', 17);
INSERT INTO Historico_Aluno (id_aluno, id_disciplina, semestre, nota, situacao, id_professor) VALUES (56, 22, '2024/2', 3.93, 'reprovado', 1);
INSERT INTO Historico_Aluno (id_aluno, id_disciplina, semestre, nota, situacao, id_professor) VALUES (56, 29, '2024/2', 5.48, 'aprovado', 20);
INSERT INTO Historico_Aluno (id_aluno, id_disciplina, semestre, nota, situacao, id_professor) VALUES (56, 20, '2024/2', 7.42, 'aprovado', 20);
INSERT INTO Historico_Aluno (id_aluno, id_disciplina, semestre, nota, situacao, id_professor) VALUES (56, 4, '2024/2', 3.74, 'reprovado', 1);
INSERT INTO Historico_Aluno (id_aluno, id_disciplina, semestre, nota, situacao, id_professor) VALUES (56, 10, '2025/1', 5.87, 'aprovado', 6);
INSERT INTO Historico_Aluno (id_aluno, id_disciplina, semestre, nota, situacao, id_professor) VALUES (56, 25, '2025/1', 5.74, 'aprovado', 8);
INSERT INTO Historico_Aluno (id_aluno, id_disciplina, semestre, nota, situacao, id_professor) VALUES (56, 23, '2025/1', 3.68, 'reprovado', 6);
INSERT INTO Historico_Aluno (id_aluno, id_disciplina, semestre, nota, situacao, id_professor) VALUES (56, 18, '2025/1', 0.58, 'reprovado', 1);
INSERT INTO Historico_Aluno (id_aluno, id_disciplina, semestre, nota, situacao, id_professor) VALUES (56, 17, '2025/2', 3.48, 'reprovado', 6);
INSERT INTO Historico_Aluno (id_aluno, id_disciplina, semestre, nota, situacao, id_professor) VALUES (56, 7, '2025/2', 3.19, 'reprovado', 20);
INSERT INTO Historico_Aluno (id_aluno, id_disciplina, semestre, nota, situacao, id_professor) VALUES (56, 28, '2025/2', 4.36, 'reprovado', 1);
INSERT INTO Historico_Aluno (id_aluno, id_disciplina, semestre, nota, situacao, id_professor) VALUES (56, 23, '2025/2', 7.53, 'aprovado', 6);
INSERT INTO Historico_Aluno (id_aluno, id_disciplina, semestre, nota, situacao, id_professor) VALUES (56, 22, '2025/2', 9.28, 'aprovado', 2);
INSERT INTO Historico_Aluno (id_aluno, id_disciplina, semestre, nota, situacao, id_professor) VALUES (56, 4, '2025/2', 6.07, 'aprovado', 3);
INSERT INTO Historico_Aluno (id_aluno, id_disciplina, semestre, nota, situacao, id_professor) VALUES (56, 18, '2025/2', 6.8, 'aprovado', 14);
INSERT INTO Historico_Aluno (id_aluno, id_disciplina, semestre, nota, situacao, id_professor) VALUES (57, 3, '2022/1', 6.75, 'aprovado', 20);
INSERT INTO Historico_Aluno (id_aluno, id_disciplina, semestre, nota, situacao, id_professor) VALUES (57, 4, '2022/1', 0.17, 'reprovado', 8);
INSERT INTO Historico_Aluno (id_aluno, id_disciplina, semestre, nota, situacao, id_professor) VALUES (57, 23, '2022/1', 0.57, 'reprovado', 1);
INSERT INTO Historico_Aluno (id_aluno, id_disciplina, semestre, nota, situacao, id_professor) VALUES (57, 5, '2022/1', 7.9, 'aprovado', 8);
INSERT INTO Historico_Aluno (id_aluno, id_disciplina, semestre, nota, situacao, id_professor) VALUES (57, 30, '2022/1', 4.28, 'reprovado', 20);
INSERT INTO Historico_Aluno (id_aluno, id_disciplina, semestre, nota, situacao, id_professor) VALUES (57, 2, '2023/2', 9.47, 'aprovado', 1);
INSERT INTO Historico_Aluno (id_aluno, id_disciplina, semestre, nota, situacao, id_professor) VALUES (57, 17, '2023/2', 5.33, 'aprovado', 1);
INSERT INTO Historico_Aluno (id_aluno, id_disciplina, semestre, nota, situacao, id_professor) VALUES (57, 19, '2023/2', 0.18, 'reprovado', 20);
INSERT INTO Historico_Aluno (id_aluno, id_disciplina, semestre, nota, situacao, id_professor) VALUES (57, 4, '2023/2', 7.86, 'aprovado', 1);
INSERT INTO Historico_Aluno (id_aluno, id_disciplina, semestre, nota, situacao, id_professor) VALUES (57, 12, '2023/2', 4.67, 'reprovado', 6);
INSERT INTO Historico_Aluno (id_aluno, id_disciplina, semestre, nota, situacao, id_professor) VALUES (57, 6, '2023/2', 1.44, 'reprovado', 20);
INSERT INTO Historico_Aluno (id_aluno, id_disciplina, semestre, nota, situacao, id_professor) VALUES (57, 20, '2024/2', 5.46, 'aprovado', 1);
INSERT INTO Historico_Aluno (id_aluno, id_disciplina, semestre, nota, situacao, id_professor) VALUES (57, 23, '2024/2', 9.66, 'aprovado', 20);
INSERT INTO Historico_Aluno (id_aluno, id_disciplina, semestre, nota, situacao, id_professor) VALUES (57, 21, '2024/2', 7.86, 'aprovado', 20);
INSERT INTO Historico_Aluno (id_aluno, id_disciplina, semestre, nota, situacao, id_professor) VALUES (57, 13, '2024/2', 0.87, 'reprovado', 1);
INSERT INTO Historico_Aluno (id_aluno, id_disciplina, semestre, nota, situacao, id_professor) VALUES (57, 30, '2024/2', 5.04, 'aprovado', 8);
INSERT INTO Historico_Aluno (id_aluno, id_disciplina, semestre, nota, situacao, id_professor) VALUES (57, 19, '2024/2', 5.74, 'aprovado', 8);
INSERT INTO Historico_Aluno (id_aluno, id_disciplina, semestre, nota, situacao, id_professor) VALUES (57, 12, '2024/2', 9.53, 'aprovado', 1);
INSERT INTO Historico_Aluno (id_aluno, id_disciplina, semestre, nota, situacao, id_professor) VALUES (57, 6, '2024/2', 9.12, 'aprovado', 9);
INSERT INTO Historico_Aluno (id_aluno, id_disciplina, semestre, nota, situacao, id_professor) VALUES (58, 29, '2023/1', 5.57, 'aprovado', 9);
INSERT INTO Historico_Aluno (id_aluno, id_disciplina, semestre, nota, situacao, id_professor) VALUES (58, 3, '2023/1', 5.66, 'aprovado', 15);
INSERT INTO Historico_Aluno (id_aluno, id_disciplina, semestre, nota, situacao, id_professor) VALUES (58, 12, '2023/1', 0.68, 'reprovado', 9);
INSERT INTO Historico_Aluno (id_aluno, id_disciplina, semestre, nota, situacao, id_professor) VALUES (58, 17, '2023/1', 7.71, 'aprovado', 13);
INSERT INTO Historico_Aluno (id_aluno, id_disciplina, semestre, nota, situacao, id_professor) VALUES (58, 16, '2023/1', 9.48, 'aprovado', 16);
INSERT INTO Historico_Aluno (id_aluno, id_disciplina, semestre, nota, situacao, id_professor) VALUES (58, 1, '2023/1', 9.87, 'aprovado', 15);
INSERT INTO Historico_Aluno (id_aluno, id_disciplina, semestre, nota, situacao, id_professor) VALUES (58, 22, '2023/2', 0.84, 'reprovado', 16);
INSERT INTO Historico_Aluno (id_aluno, id_disciplina, semestre, nota, situacao, id_professor) VALUES (58, 15, '2023/2', 5.51, 'aprovado', 15);
INSERT INTO Historico_Aluno (id_aluno, id_disciplina, semestre, nota, situacao, id_professor) VALUES (58, 27, '2023/2', 6.52, 'aprovado', 9);
INSERT INTO Historico_Aluno (id_aluno, id_disciplina, semestre, nota, situacao, id_professor) VALUES (58, 18, '2023/2', 3.31, 'reprovado', 9);
INSERT INTO Historico_Aluno (id_aluno, id_disciplina, semestre, nota, situacao, id_professor) VALUES (58, 11, '2023/2', 9.35, 'aprovado', 15);
INSERT INTO Historico_Aluno (id_aluno, id_disciplina, semestre, nota, situacao, id_professor) VALUES (58, 23, '2024/1', 9.92, 'aprovado', 16);
INSERT INTO Historico_Aluno (id_aluno, id_disciplina, semestre, nota, situacao, id_professor) VALUES (58, 25, '2024/1', 8.85, 'aprovado', 13);
INSERT INTO Historico_Aluno (id_aluno, id_disciplina, semestre, nota, situacao, id_professor) VALUES (58, 8, '2024/1', 9.46, 'aprovado', 9);
INSERT INTO Historico_Aluno (id_aluno, id_disciplina, semestre, nota, situacao, id_professor) VALUES (58, 22, '2024/1', 6.97, 'aprovado', 16);
INSERT INTO Historico_Aluno (id_aluno, id_disciplina, semestre, nota, situacao, id_professor) VALUES (58, 21, '2024/1', 8.62, 'aprovado', 13);
INSERT INTO Historico_Aluno (id_aluno, id_disciplina, semestre, nota, situacao, id_professor) VALUES (58, 7, '2024/1', 8.65, 'aprovado', 15);
INSERT INTO Historico_Aluno (id_aluno, id_disciplina, semestre, nota, situacao, id_professor) VALUES (58, 12, '2024/1', 6.35, 'aprovado', 2);
INSERT INTO Historico_Aluno (id_aluno, id_disciplina, semestre, nota, situacao, id_professor) VALUES (58, 18, '2024/1', 6.48, 'aprovado', 14);
INSERT INTO Historico_Aluno (id_aluno, id_disciplina, semestre, nota, situacao, id_professor) VALUES (59, 4, '2023/1', 4.12, 'reprovado', 5);
INSERT INTO Historico_Aluno (id_aluno, id_disciplina, semestre, nota, situacao, id_professor) VALUES (59, 15, '2023/1', 0.45, 'reprovado', 18);
INSERT INTO Historico_Aluno (id_aluno, id_disciplina, semestre, nota, situacao, id_professor) VALUES (59, 21, '2023/1', 4.39, 'reprovado', 18);
INSERT INTO Historico_Aluno (id_aluno, id_disciplina, semestre, nota, situacao, id_professor) VALUES (59, 16, '2023/1', 2.64, 'reprovado', 5);
INSERT INTO Historico_Aluno (id_aluno, id_disciplina, semestre, nota, situacao, id_professor) VALUES (59, 24, '2023/1', 2.69, 'reprovado', 5);
INSERT INTO Historico_Aluno (id_aluno, id_disciplina, semestre, nota, situacao, id_professor) VALUES (59, 14, '2024/1', 8.03, 'aprovado', 5);
INSERT INTO Historico_Aluno (id_aluno, id_disciplina, semestre, nota, situacao, id_professor) VALUES (59, 24, '2024/1', 5.43, 'aprovado', 5);
INSERT INTO Historico_Aluno (id_aluno, id_disciplina, semestre, nota, situacao, id_professor) VALUES (59, 30, '2024/1', 0.17, 'reprovado', 18);
INSERT INTO Historico_Aluno (id_aluno, id_disciplina, semestre, nota, situacao, id_professor) VALUES (59, 13, '2024/1', 2.74, 'reprovado', 18);
INSERT INTO Historico_Aluno (id_aluno, id_disciplina, semestre, nota, situacao, id_professor) VALUES (59, 23, '2024/1', 5.5, 'aprovado', 5);
INSERT INTO Historico_Aluno (id_aluno, id_disciplina, semestre, nota, situacao, id_professor) VALUES (59, 2, '2024/1', 0.64, 'reprovado', 5);
INSERT INTO Historico_Aluno (id_aluno, id_disciplina, semestre, nota, situacao, id_professor) VALUES (59, 4, '2025/2', 9.23, 'aprovado', 18);
INSERT INTO Historico_Aluno (id_aluno, id_disciplina, semestre, nota, situacao, id_professor) VALUES (59, 7, '2025/2', 7.56, 'aprovado', 5);
INSERT INTO Historico_Aluno (id_aluno, id_disciplina, semestre, nota, situacao, id_professor) VALUES (59, 21, '2025/2', 7.22, 'aprovado', 5);
INSERT INTO Historico_Aluno (id_aluno, id_disciplina, semestre, nota, situacao, id_professor) VALUES (59, 5, '2025/2', 6.02, 'aprovado', 18);
INSERT INTO Historico_Aluno (id_aluno, id_disciplina, semestre, nota, situacao, id_professor) VALUES (59, 20, '2025/2', 8.71, 'aprovado', 5);
INSERT INTO Historico_Aluno (id_aluno, id_disciplina, semestre, nota, situacao, id_professor) VALUES (59, 15, '2025/2', 6.89, 'aprovado', 18);
INSERT INTO Historico_Aluno (id_aluno, id_disciplina, semestre, nota, situacao, id_professor) VALUES (59, 16, '2025/2', 5.74, 'aprovado', 5);
INSERT INTO Historico_Aluno (id_aluno, id_disciplina, semestre, nota, situacao, id_professor) VALUES (59, 30, '2025/2', 9.13, 'aprovado', 12);
INSERT INTO Historico_Aluno (id_aluno, id_disciplina, semestre, nota, situacao, id_professor) VALUES (59, 13, '2025/2', 7.19, 'aprovado', 16);
INSERT INTO Historico_Aluno (id_aluno, id_disciplina, semestre, nota, situacao, id_professor) VALUES (59, 2, '2025/2', 6.57, 'aprovado', 18);
INSERT INTO Historico_Aluno (id_aluno, id_disciplina, semestre, nota, situacao, id_professor) VALUES (60, 11, '2022/2', 2.61, 'reprovado', 3);
INSERT INTO Historico_Aluno (id_aluno, id_disciplina, semestre, nota, situacao, id_professor) VALUES (60, 30, '2022/2', 6.8, 'aprovado', 17);
INSERT INTO Historico_Aluno (id_aluno, id_disciplina, semestre, nota, situacao, id_professor) VALUES (60, 24, '2022/2', 9.72, 'aprovado', 17);
INSERT INTO Historico_Aluno (id_aluno, id_disciplina, semestre, nota, situacao, id_professor) VALUES (60, 19, '2022/2', 5.95, 'aprovado', 3);
INSERT INTO Historico_Aluno (id_aluno, id_disciplina, semestre, nota, situacao, id_professor) VALUES (60, 8, '2022/2', 4.12, 'reprovado', 3);
INSERT INTO Historico_Aluno (id_aluno, id_disciplina, semestre, nota, situacao, id_professor) VALUES (60, 14, '2022/2', 5.15, 'aprovado', 19);
INSERT INTO Historico_Aluno (id_aluno, id_disciplina, semestre, nota, situacao, id_professor) VALUES (60, 23, '2023/1', 2.45, 'reprovado', 12);
INSERT INTO Historico_Aluno (id_aluno, id_disciplina, semestre, nota, situacao, id_professor) VALUES (60, 1, '2023/1', 1.96, 'reprovado', 3);
INSERT INTO Historico_Aluno (id_aluno, id_disciplina, semestre, nota, situacao, id_professor) VALUES (60, 16, '2023/1', 7.49, 'aprovado', 17);
INSERT INTO Historico_Aluno (id_aluno, id_disciplina, semestre, nota, situacao, id_professor) VALUES (60, 26, '2023/1', 5.98, 'aprovado', 19);
INSERT INTO Historico_Aluno (id_aluno, id_disciplina, semestre, nota, situacao, id_professor) VALUES (60, 4, '2023/1', 8.07, 'aprovado', 17);
INSERT INTO Historico_Aluno (id_aluno, id_disciplina, semestre, nota, situacao, id_professor) VALUES (60, 8, '2023/1', 5.31, 'aprovado', 19);
INSERT INTO Historico_Aluno (id_aluno, id_disciplina, semestre, nota, situacao, id_professor) VALUES (60, 11, '2023/1', 6.53, 'aprovado', 17);
INSERT INTO Historico_Aluno (id_aluno, id_disciplina, semestre, nota, situacao, id_professor) VALUES (61, 19, '2022/1', 6.34, 'aprovado', 19);
INSERT INTO Historico_Aluno (id_aluno, id_disciplina, semestre, nota, situacao, id_professor) VALUES (61, 3, '2022/1', 0.88, 'reprovado', 19);
INSERT INTO Historico_Aluno (id_aluno, id_disciplina, semestre, nota, situacao, id_professor) VALUES (61, 23, '2022/1', 1.8, 'reprovado', 12);
INSERT INTO Historico_Aluno (id_aluno, id_disciplina, semestre, nota, situacao, id_professor) VALUES (61, 27, '2022/1', 8.27, 'aprovado', 19);
INSERT INTO Historico_Aluno (id_aluno, id_disciplina, semestre, nota, situacao, id_professor) VALUES (61, 8, '2022/1', 2.11, 'reprovado', 12);
INSERT INTO Historico_Aluno (id_aluno, id_disciplina, semestre, nota, situacao, id_professor) VALUES (61, 13, '2022/1', 3.43, 'reprovado', 17);
INSERT INTO Historico_Aluno (id_aluno, id_disciplina, semestre, nota, situacao, id_professor) VALUES (61, 13, '2022/2', 9.25, 'aprovado', 17);
INSERT INTO Historico_Aluno (id_aluno, id_disciplina, semestre, nota, situacao, id_professor) VALUES (61, 21, '2022/2', 3.37, 'reprovado', 4);
INSERT INTO Historico_Aluno (id_aluno, id_disciplina, semestre, nota, situacao, id_professor) VALUES (61, 4, '2022/2', 3.08, 'reprovado', 12);
INSERT INTO Historico_Aluno (id_aluno, id_disciplina, semestre, nota, situacao, id_professor) VALUES (61, 1, '2022/2', 7.09, 'aprovado', 12);
INSERT INTO Historico_Aluno (id_aluno, id_disciplina, semestre, nota, situacao, id_professor) VALUES (61, 4, '2025/2', 8.2, 'aprovado', 4);
INSERT INTO Historico_Aluno (id_aluno, id_disciplina, semestre, nota, situacao, id_professor) VALUES (61, 22, '2025/2', 4.82, 'reprovado', 12);
INSERT INTO Historico_Aluno (id_aluno, id_disciplina, semestre, nota, situacao, id_professor) VALUES (61, 16, '2025/2', 0.42, 'reprovado', 12);
INSERT INTO Historico_Aluno (id_aluno, id_disciplina, semestre, nota, situacao, id_professor) VALUES (61, 15, '2025/2', 6.83, 'aprovado', 19);
INSERT INTO Historico_Aluno (id_aluno, id_disciplina, semestre, nota, situacao, id_professor) VALUES (61, 3, '2025/2', 7.21, 'aprovado', 11);
INSERT INTO Historico_Aluno (id_aluno, id_disciplina, semestre, nota, situacao, id_professor) VALUES (61, 23, '2025/2', 6.17, 'aprovado', 5);
INSERT INTO Historico_Aluno (id_aluno, id_disciplina, semestre, nota, situacao, id_professor) VALUES (61, 8, '2025/2', 9.36, 'aprovado', 12);
INSERT INTO Historico_Aluno (id_aluno, id_disciplina, semestre, nota, situacao, id_professor) VALUES (61, 21, '2025/2', 9.55, 'aprovado', 10);
INSERT INTO Historico_Aluno (id_aluno, id_disciplina, semestre, nota, situacao, id_professor) VALUES (62, 23, '2024/2', 2.11, 'reprovado', 7);
INSERT INTO Historico_Aluno (id_aluno, id_disciplina, semestre, nota, situacao, id_professor) VALUES (62, 2, '2024/2', 2.69, 'reprovado', 7);
INSERT INTO Historico_Aluno (id_aluno, id_disciplina, semestre, nota, situacao, id_professor) VALUES (62, 14, '2024/2', 2.57, 'reprovado', 14);
INSERT INTO Historico_Aluno (id_aluno, id_disciplina, semestre, nota, situacao, id_professor) VALUES (62, 11, '2024/2', 2.3, 'reprovado', 14);
INSERT INTO Historico_Aluno (id_aluno, id_disciplina, semestre, nota, situacao, id_professor) VALUES (62, 20, '2024/2', 4.51, 'reprovado', 11);
INSERT INTO Historico_Aluno (id_aluno, id_disciplina, semestre, nota, situacao, id_professor) VALUES (62, 12, '2024/2', 9.38, 'aprovado', 14);
INSERT INTO Historico_Aluno (id_aluno, id_disciplina, semestre, nota, situacao, id_professor) VALUES (62, 22, '2025/1', 6.01, 'aprovado', 11);
INSERT INTO Historico_Aluno (id_aluno, id_disciplina, semestre, nota, situacao, id_professor) VALUES (62, 23, '2025/1', 5.68, 'aprovado', 10);
INSERT INTO Historico_Aluno (id_aluno, id_disciplina, semestre, nota, situacao, id_professor) VALUES (62, 17, '2025/1', 2.58, 'reprovado', 11);
INSERT INTO Historico_Aluno (id_aluno, id_disciplina, semestre, nota, situacao, id_professor) VALUES (62, 24, '2025/1', 0.95, 'reprovado', 10);
INSERT INTO Historico_Aluno (id_aluno, id_disciplina, semestre, nota, situacao, id_professor) VALUES (62, 21, '2025/1', 6.97, 'aprovado', 10);
INSERT INTO Historico_Aluno (id_aluno, id_disciplina, semestre, nota, situacao, id_professor) VALUES (62, 2, '2025/1', 5.76, 'aprovado', 20);
INSERT INTO Historico_Aluno (id_aluno, id_disciplina, semestre, nota, situacao, id_professor) VALUES (62, 14, '2025/1', 5.71, 'aprovado', 10);
INSERT INTO Historico_Aluno (id_aluno, id_disciplina, semestre, nota, situacao, id_professor) VALUES (62, 11, '2025/1', 5.94, 'aprovado', 18);
INSERT INTO Historico_Aluno (id_aluno, id_disciplina, semestre, nota, situacao, id_professor) VALUES (62, 20, '2025/1', 7.18, 'aprovado', 7);
INSERT INTO Historico_Aluno (id_aluno, id_disciplina, semestre, nota, situacao, id_professor) VALUES (63, 10, '2022/1', 2.74, 'reprovado', 1);
INSERT INTO Historico_Aluno (id_aluno, id_disciplina, semestre, nota, situacao, id_professor) VALUES (63, 8, '2022/1', 2.61, 'reprovado', 1);
INSERT INTO Historico_Aluno (id_aluno, id_disciplina, semestre, nota, situacao, id_professor) VALUES (63, 6, '2022/1', 9.18, 'aprovado', 1);
INSERT INTO Historico_Aluno (id_aluno, id_disciplina, semestre, nota, situacao, id_professor) VALUES (63, 30, '2022/1', 3.74, 'reprovado', 6);
INSERT INTO Historico_Aluno (id_aluno, id_disciplina, semestre, nota, situacao, id_professor) VALUES (63, 9, '2022/1', 8.47, 'aprovado', 20);
INSERT INTO Historico_Aluno (id_aluno, id_disciplina, semestre, nota, situacao, id_professor) VALUES (63, 15, '2022/1', 8.92, 'aprovado', 8);
INSERT INTO Historico_Aluno (id_aluno, id_disciplina, semestre, nota, situacao, id_professor) VALUES (63, 18, '2022/2', 2.59, 'reprovado', 1);
INSERT INTO Historico_Aluno (id_aluno, id_disciplina, semestre, nota, situacao, id_professor) VALUES (63, 29, '2022/2', 9.89, 'aprovado', 1);
INSERT INTO Historico_Aluno (id_aluno, id_disciplina, semestre, nota, situacao, id_professor) VALUES (63, 12, '2022/2', 5.99, 'aprovado', 8);
INSERT INTO Historico_Aluno (id_aluno, id_disciplina, semestre, nota, situacao, id_professor) VALUES (63, 13, '2022/2', 9.52, 'aprovado', 20);
INSERT INTO Historico_Aluno (id_aluno, id_disciplina, semestre, nota, situacao, id_professor) VALUES (63, 3, '2023/2', 1.5, 'reprovado', 20);
INSERT INTO Historico_Aluno (id_aluno, id_disciplina, semestre, nota, situacao, id_professor) VALUES (63, 11, '2023/2', 6.36, 'aprovado', 20);
INSERT INTO Historico_Aluno (id_aluno, id_disciplina, semestre, nota, situacao, id_professor) VALUES (63, 30, '2023/2', 5.68, 'aprovado', 20);
INSERT INTO Historico_Aluno (id_aluno, id_disciplina, semestre, nota, situacao, id_professor) VALUES (63, 28, '2023/2', 3.29, 'reprovado', 1);
INSERT INTO Historico_Aluno (id_aluno, id_disciplina, semestre, nota, situacao, id_professor) VALUES (63, 16, '2023/2', 8.85, 'aprovado', 8);
INSERT INTO Historico_Aluno (id_aluno, id_disciplina, semestre, nota, situacao, id_professor) VALUES (63, 22, '2023/2', 2.4, 'reprovado', 8);
INSERT INTO Historico_Aluno (id_aluno, id_disciplina, semestre, nota, situacao, id_professor) VALUES (63, 10, '2023/2', 6.28, 'aprovado', 16);
INSERT INTO Historico_Aluno (id_aluno, id_disciplina, semestre, nota, situacao, id_professor) VALUES (63, 8, '2023/2', 7.48, 'aprovado', 10);
INSERT INTO Historico_Aluno (id_aluno, id_disciplina, semestre, nota, situacao, id_professor) VALUES (63, 18, '2023/2', 5.46, 'aprovado', 6);
INSERT INTO Historico_Aluno (id_aluno, id_disciplina, semestre, nota, situacao, id_professor) VALUES (64, 3, '2023/1', 9.36, 'aprovado', 5);
INSERT INTO Historico_Aluno (id_aluno, id_disciplina, semestre, nota, situacao, id_professor) VALUES (64, 23, '2023/1', 5.75, 'aprovado', 5);
INSERT INTO Historico_Aluno (id_aluno, id_disciplina, semestre, nota, situacao, id_professor) VALUES (64, 12, '2023/1', 1.6, 'reprovado', 5);
INSERT INTO Historico_Aluno (id_aluno, id_disciplina, semestre, nota, situacao, id_professor) VALUES (64, 30, '2023/1', 5.55, 'aprovado', 5);
INSERT INTO Historico_Aluno (id_aluno, id_disciplina, semestre, nota, situacao, id_professor) VALUES (64, 22, '2023/1', 4.6, 'reprovado', 18);
INSERT INTO Historico_Aluno (id_aluno, id_disciplina, semestre, nota, situacao, id_professor) VALUES (64, 7, '2024/2', 9.25, 'aprovado', 18);
INSERT INTO Historico_Aluno (id_aluno, id_disciplina, semestre, nota, situacao, id_professor) VALUES (64, 27, '2024/2', 3.16, 'reprovado', 18);
INSERT INTO Historico_Aluno (id_aluno, id_disciplina, semestre, nota, situacao, id_professor) VALUES (64, 9, '2024/2', 0.48, 'reprovado', 18);
INSERT INTO Historico_Aluno (id_aluno, id_disciplina, semestre, nota, situacao, id_professor) VALUES (64, 5, '2024/2', 3.66, 'reprovado', 5);
INSERT INTO Historico_Aluno (id_aluno, id_disciplina, semestre, nota, situacao, id_professor) VALUES (64, 18, '2024/2', 8.8, 'aprovado', 5);
INSERT INTO Historico_Aluno (id_aluno, id_disciplina, semestre, nota, situacao, id_professor) VALUES (64, 1, '2024/2', 0.61, 'reprovado', 5);
INSERT INTO Historico_Aluno (id_aluno, id_disciplina, semestre, nota, situacao, id_professor) VALUES (64, 21, '2025/1', 0.94, 'reprovado', 18);
INSERT INTO Historico_Aluno (id_aluno, id_disciplina, semestre, nota, situacao, id_professor) VALUES (64, 17, '2025/1', 4.55, 'reprovado', 5);
INSERT INTO Historico_Aluno (id_aluno, id_disciplina, semestre, nota, situacao, id_professor) VALUES (64, 4, '2025/1', 9.66, 'aprovado', 5);
INSERT INTO Historico_Aluno (id_aluno, id_disciplina, semestre, nota, situacao, id_professor) VALUES (64, 13, '2025/1', 6.27, 'aprovado', 18);
INSERT INTO Historico_Aluno (id_aluno, id_disciplina, semestre, nota, situacao, id_professor) VALUES (64, 12, '2025/1', 9.17, 'aprovado', 5);
INSERT INTO Historico_Aluno (id_aluno, id_disciplina, semestre, nota, situacao, id_professor) VALUES (64, 2, '2025/1', 2.38, 'reprovado', 18);
INSERT INTO Historico_Aluno (id_aluno, id_disciplina, semestre, nota, situacao, id_professor) VALUES (64, 14, '2025/2', 6.19, 'aprovado', 5);
INSERT INTO Historico_Aluno (id_aluno, id_disciplina, semestre, nota, situacao, id_professor) VALUES (64, 27, '2025/2', 5.42, 'aprovado', 5);
INSERT INTO Historico_Aluno (id_aluno, id_disciplina, semestre, nota, situacao, id_professor) VALUES (64, 19, '2025/2', 5.39, 'aprovado', 5);
INSERT INTO Historico_Aluno (id_aluno, id_disciplina, semestre, nota, situacao, id_professor) VALUES (64, 9, '2025/2', 5.32, 'aprovado', 5);
INSERT INTO Historico_Aluno (id_aluno, id_disciplina, semestre, nota, situacao, id_professor) VALUES (64, 22, '2025/2', 9.86, 'aprovado', 6);
INSERT INTO Historico_Aluno (id_aluno, id_disciplina, semestre, nota, situacao, id_professor) VALUES (64, 5, '2025/2', 5.1, 'aprovado', 11);
INSERT INTO Historico_Aluno (id_aluno, id_disciplina, semestre, nota, situacao, id_professor) VALUES (64, 1, '2025/2', 6.42, 'aprovado', 17);
INSERT INTO Historico_Aluno (id_aluno, id_disciplina, semestre, nota, situacao, id_professor) VALUES (64, 21, '2025/2', 9.22, 'aprovado', 1);
INSERT INTO Historico_Aluno (id_aluno, id_disciplina, semestre, nota, situacao, id_professor) VALUES (64, 17, '2025/2', 8.37, 'aprovado', 7);
INSERT INTO Historico_Aluno (id_aluno, id_disciplina, semestre, nota, situacao, id_professor) VALUES (64, 2, '2025/2', 9.16, 'aprovado', 4);
INSERT INTO Historico_Aluno (id_aluno, id_disciplina, semestre, nota, situacao, id_professor) VALUES (65, 19, '2022/1', 8.85, 'aprovado', 15);
INSERT INTO Historico_Aluno (id_aluno, id_disciplina, semestre, nota, situacao, id_professor) VALUES (65, 29, '2022/1', 3.75, 'reprovado', 15);
INSERT INTO Historico_Aluno (id_aluno, id_disciplina, semestre, nota, situacao, id_professor) VALUES (65, 8, '2022/1', 0.72, 'reprovado', 13);
INSERT INTO Historico_Aluno (id_aluno, id_disciplina, semestre, nota, situacao, id_professor) VALUES (65, 17, '2022/1', 4.73, 'reprovado', 13);
INSERT INTO Historico_Aluno (id_aluno, id_disciplina, semestre, nota, situacao, id_professor) VALUES (65, 25, '2022/1', 5.58, 'aprovado', 16);
INSERT INTO Historico_Aluno (id_aluno, id_disciplina, semestre, nota, situacao, id_professor) VALUES (65, 4, '2022/1', 2.46, 'reprovado', 9);
INSERT INTO Historico_Aluno (id_aluno, id_disciplina, semestre, nota, situacao, id_professor) VALUES (65, 29, '2023/1', 8.3, 'aprovado', 13);
INSERT INTO Historico_Aluno (id_aluno, id_disciplina, semestre, nota, situacao, id_professor) VALUES (65, 11, '2023/1', 8.27, 'aprovado', 15);
INSERT INTO Historico_Aluno (id_aluno, id_disciplina, semestre, nota, situacao, id_professor) VALUES (65, 7, '2023/1', 8.68, 'aprovado', 15);
INSERT INTO Historico_Aluno (id_aluno, id_disciplina, semestre, nota, situacao, id_professor) VALUES (65, 8, '2023/1', 8.13, 'aprovado', 9);
INSERT INTO Historico_Aluno (id_aluno, id_disciplina, semestre, nota, situacao, id_professor) VALUES (65, 23, '2023/1', 4.03, 'reprovado', 15);
INSERT INTO Historico_Aluno (id_aluno, id_disciplina, semestre, nota, situacao, id_professor) VALUES (65, 20, '2023/1', 0.72, 'reprovado', 9);
INSERT INTO Historico_Aluno (id_aluno, id_disciplina, semestre, nota, situacao, id_professor) VALUES (65, 12, '2025/1', 3.85, 'reprovado', 16);
INSERT INTO Historico_Aluno (id_aluno, id_disciplina, semestre, nota, situacao, id_professor) VALUES (65, 20, '2025/1', 6.77, 'aprovado', 9);
INSERT INTO Historico_Aluno (id_aluno, id_disciplina, semestre, nota, situacao, id_professor) VALUES (65, 21, '2025/1', 3.03, 'reprovado', 16);
INSERT INTO Historico_Aluno (id_aluno, id_disciplina, semestre, nota, situacao, id_professor) VALUES (65, 26, '2025/1', 4.58, 'reprovado', 16);
INSERT INTO Historico_Aluno (id_aluno, id_disciplina, semestre, nota, situacao, id_professor) VALUES (65, 28, '2025/2', 8.96, 'aprovado', 16);
INSERT INTO Historico_Aluno (id_aluno, id_disciplina, semestre, nota, situacao, id_professor) VALUES (65, 18, '2025/2', 3.74, 'reprovado', 13);
INSERT INTO Historico_Aluno (id_aluno, id_disciplina, semestre, nota, situacao, id_professor) VALUES (65, 26, '2025/2', 7.08, 'aprovado', 9);
INSERT INTO Historico_Aluno (id_aluno, id_disciplina, semestre, nota, situacao, id_professor) VALUES (65, 6, '2025/2', 3.28, 'reprovado', 13);
INSERT INTO Historico_Aluno (id_aluno, id_disciplina, semestre, nota, situacao, id_professor) VALUES (65, 17, '2025/2', 9.64, 'aprovado', 14);
INSERT INTO Historico_Aluno (id_aluno, id_disciplina, semestre, nota, situacao, id_professor) VALUES (65, 4, '2025/2', 6.4, 'aprovado', 14);
INSERT INTO Historico_Aluno (id_aluno, id_disciplina, semestre, nota, situacao, id_professor) VALUES (65, 23, '2025/2', 9.35, 'aprovado', 2);
INSERT INTO Historico_Aluno (id_aluno, id_disciplina, semestre, nota, situacao, id_professor) VALUES (65, 12, '2025/2', 6.07, 'aprovado', 8);
INSERT INTO Historico_Aluno (id_aluno, id_disciplina, semestre, nota, situacao, id_professor) VALUES (65, 21, '2025/2', 9.58, 'aprovado', 2);
INSERT INTO Historico_Aluno (id_aluno, id_disciplina, semestre, nota, situacao, id_professor) VALUES (66, 19, '2022/1', 7.75, 'aprovado', 18);
INSERT INTO Historico_Aluno (id_aluno, id_disciplina, semestre, nota, situacao, id_professor) VALUES (66, 5, '2022/1', 5.27, 'aprovado', 18);
INSERT INTO Historico_Aluno (id_aluno, id_disciplina, semestre, nota, situacao, id_professor) VALUES (66, 28, '2022/1', 8.86, 'aprovado', 18);
INSERT INTO Historico_Aluno (id_aluno, id_disciplina, semestre, nota, situacao, id_professor) VALUES (66, 27, '2022/1', 4.92, 'reprovado', 18);
INSERT INTO Historico_Aluno (id_aluno, id_disciplina, semestre, nota, situacao, id_professor) VALUES (66, 3, '2022/1', 4.42, 'reprovado', 18);
INSERT INTO Historico_Aluno (id_aluno, id_disciplina, semestre, nota, situacao, id_professor) VALUES (66, 20, '2022/1', 1.87, 'reprovado', 18);
INSERT INTO Historico_Aluno (id_aluno, id_disciplina, semestre, nota, situacao, id_professor) VALUES (66, 24, '2023/1', 2.7, 'reprovado', 18);
INSERT INTO Historico_Aluno (id_aluno, id_disciplina, semestre, nota, situacao, id_professor) VALUES (66, 23, '2023/1', 2.67, 'reprovado', 5);
INSERT INTO Historico_Aluno (id_aluno, id_disciplina, semestre, nota, situacao, id_professor) VALUES (66, 3, '2023/1', 6.59, 'aprovado', 18);
INSERT INTO Historico_Aluno (id_aluno, id_disciplina, semestre, nota, situacao, id_professor) VALUES (66, 30, '2023/1', 6.25, 'aprovado', 5);
INSERT INTO Historico_Aluno (id_aluno, id_disciplina, semestre, nota, situacao, id_professor) VALUES (66, 15, '2023/2', 2.55, 'reprovado', 5);
INSERT INTO Historico_Aluno (id_aluno, id_disciplina, semestre, nota, situacao, id_professor) VALUES (66, 29, '2023/2', 6.34, 'aprovado', 5);
INSERT INTO Historico_Aluno (id_aluno, id_disciplina, semestre, nota, situacao, id_professor) VALUES (66, 12, '2023/2', 0.92, 'reprovado', 18);
INSERT INTO Historico_Aluno (id_aluno, id_disciplina, semestre, nota, situacao, id_professor) VALUES (66, 13, '2023/2', 5.23, 'aprovado', 18);
INSERT INTO Historico_Aluno (id_aluno, id_disciplina, semestre, nota, situacao, id_professor) VALUES (66, 12, '2025/2', 6.31, 'aprovado', 5);
INSERT INTO Historico_Aluno (id_aluno, id_disciplina, semestre, nota, situacao, id_professor) VALUES (66, 22, '2025/2', 6.29, 'aprovado', 5);
INSERT INTO Historico_Aluno (id_aluno, id_disciplina, semestre, nota, situacao, id_professor) VALUES (66, 16, '2025/2', 4.47, 'reprovado', 18);
INSERT INTO Historico_Aluno (id_aluno, id_disciplina, semestre, nota, situacao, id_professor) VALUES (66, 8, '2025/2', 6.33, 'aprovado', 5);
INSERT INTO Historico_Aluno (id_aluno, id_disciplina, semestre, nota, situacao, id_professor) VALUES (66, 27, '2025/2', 8.49, 'aprovado', 5);
INSERT INTO Historico_Aluno (id_aluno, id_disciplina, semestre, nota, situacao, id_professor) VALUES (66, 20, '2025/2', 8.84, 'aprovado', 10);
INSERT INTO Historico_Aluno (id_aluno, id_disciplina, semestre, nota, situacao, id_professor) VALUES (66, 24, '2025/2', 5.32, 'aprovado', 10);
INSERT INTO Historico_Aluno (id_aluno, id_disciplina, semestre, nota, situacao, id_professor) VALUES (66, 23, '2025/2', 8.37, 'aprovado', 18);
INSERT INTO Historico_Aluno (id_aluno, id_disciplina, semestre, nota, situacao, id_professor) VALUES (66, 15, '2025/2', 5.74, 'aprovado', 20);
INSERT INTO Historico_Aluno (id_aluno, id_disciplina, semestre, nota, situacao, id_professor) VALUES (67, 17, '2023/1', 3.78, 'reprovado', 12);
INSERT INTO Historico_Aluno (id_aluno, id_disciplina, semestre, nota, situacao, id_professor) VALUES (67, 5, '2023/1', 4.86, 'reprovado', 17);
INSERT INTO Historico_Aluno (id_aluno, id_disciplina, semestre, nota, situacao, id_professor) VALUES (67, 10, '2023/1', 0.25, 'reprovado', 4);
INSERT INTO Historico_Aluno (id_aluno, id_disciplina, semestre, nota, situacao, id_professor) VALUES (67, 22, '2023/1', 7.53, 'aprovado', 17);
INSERT INTO Historico_Aluno (id_aluno, id_disciplina, semestre, nota, situacao, id_professor) VALUES (67, 14, '2023/1', 0.9, 'reprovado', 3);
INSERT INTO Historico_Aluno (id_aluno, id_disciplina, semestre, nota, situacao, id_professor) VALUES (67, 9, '2023/1', 1.99, 'reprovado', 4);
INSERT INTO Historico_Aluno (id_aluno, id_disciplina, semestre, nota, situacao, id_professor) VALUES (67, 20, '2024/1', 3.0, 'reprovado', 19);
INSERT INTO Historico_Aluno (id_aluno, id_disciplina, semestre, nota, situacao, id_professor) VALUES (67, 29, '2024/1', 9.59, 'aprovado', 3);
INSERT INTO Historico_Aluno (id_aluno, id_disciplina, semestre, nota, situacao, id_professor) VALUES (67, 12, '2024/1', 8.99, 'aprovado', 17);
INSERT INTO Historico_Aluno (id_aluno, id_disciplina, semestre, nota, situacao, id_professor) VALUES (67, 7, '2024/1', 8.87, 'aprovado', 4);
INSERT INTO Historico_Aluno (id_aluno, id_disciplina, semestre, nota, situacao, id_professor) VALUES (67, 21, '2024/1', 8.68, 'aprovado', 19);
INSERT INTO Historico_Aluno (id_aluno, id_disciplina, semestre, nota, situacao, id_professor) VALUES (67, 5, '2024/2', 6.44, 'aprovado', 4);
INSERT INTO Historico_Aluno (id_aluno, id_disciplina, semestre, nota, situacao, id_professor) VALUES (67, 1, '2024/2', 9.6, 'aprovado', 12);
INSERT INTO Historico_Aluno (id_aluno, id_disciplina, semestre, nota, situacao, id_professor) VALUES (67, 8, '2024/2', 4.5, 'reprovado', 17);
INSERT INTO Historico_Aluno (id_aluno, id_disciplina, semestre, nota, situacao, id_professor) VALUES (67, 26, '2024/2', 5.73, 'aprovado', 3);
INSERT INTO Historico_Aluno (id_aluno, id_disciplina, semestre, nota, situacao, id_professor) VALUES (67, 9, '2024/2', 6.35, 'aprovado', 3);
INSERT INTO Historico_Aluno (id_aluno, id_disciplina, semestre, nota, situacao, id_professor) VALUES (67, 18, '2024/2', 1.52, 'reprovado', 17);
INSERT INTO Historico_Aluno (id_aluno, id_disciplina, semestre, nota, situacao, id_professor) VALUES (67, 16, '2025/1', 6.94, 'aprovado', 19);
INSERT INTO Historico_Aluno (id_aluno, id_disciplina, semestre, nota, situacao, id_professor) VALUES (67, 4, '2025/1', 8.2, 'aprovado', 17);
INSERT INTO Historico_Aluno (id_aluno, id_disciplina, semestre, nota, situacao, id_professor) VALUES (67, 25, '2025/1', 2.11, 'reprovado', 4);
INSERT INTO Historico_Aluno (id_aluno, id_disciplina, semestre, nota, situacao, id_professor) VALUES (67, 24, '2025/1', 1.18, 'reprovado', 17);
INSERT INTO Historico_Aluno (id_aluno, id_disciplina, semestre, nota, situacao, id_professor) VALUES (67, 17, '2025/1', 8.26, 'aprovado', 2);
INSERT INTO Historico_Aluno (id_aluno, id_disciplina, semestre, nota, situacao, id_professor) VALUES (67, 10, '2025/1', 7.8, 'aprovado', 13);
INSERT INTO Historico_Aluno (id_aluno, id_disciplina, semestre, nota, situacao, id_professor) VALUES (67, 14, '2025/1', 6.13, 'aprovado', 11);
INSERT INTO Historico_Aluno (id_aluno, id_disciplina, semestre, nota, situacao, id_professor) VALUES (67, 20, '2025/1', 5.27, 'aprovado', 17);
INSERT INTO Historico_Aluno (id_aluno, id_disciplina, semestre, nota, situacao, id_professor) VALUES (67, 8, '2025/1', 7.76, 'aprovado', 19);
INSERT INTO Historico_Aluno (id_aluno, id_disciplina, semestre, nota, situacao, id_professor) VALUES (67, 18, '2025/1', 9.66, 'aprovado', 13);
INSERT INTO Historico_Aluno (id_aluno, id_disciplina, semestre, nota, situacao, id_professor) VALUES (68, 15, '2022/1', 8.51, 'aprovado', 19);
INSERT INTO Historico_Aluno (id_aluno, id_disciplina, semestre, nota, situacao, id_professor) VALUES (68, 20, '2022/1', 0.01, 'reprovado', 12);
INSERT INTO Historico_Aluno (id_aluno, id_disciplina, semestre, nota, situacao, id_professor) VALUES (68, 4, '2022/1', 7.06, 'aprovado', 4);
INSERT INTO Historico_Aluno (id_aluno, id_disciplina, semestre, nota, situacao, id_professor) VALUES (68, 10, '2022/1', 8.13, 'aprovado', 19);
INSERT INTO Historico_Aluno (id_aluno, id_disciplina, semestre, nota, situacao, id_professor) VALUES (68, 26, '2022/1', 6.88, 'aprovado', 3);
INSERT INTO Historico_Aluno (id_aluno, id_disciplina, semestre, nota, situacao, id_professor) VALUES (68, 8, '2024/2', 0.72, 'reprovado', 3);
INSERT INTO Historico_Aluno (id_aluno, id_disciplina, semestre, nota, situacao, id_professor) VALUES (68, 23, '2024/2', 0.94, 'reprovado', 12);
INSERT INTO Historico_Aluno (id_aluno, id_disciplina, semestre, nota, situacao, id_professor) VALUES (68, 3, '2024/2', 3.82, 'reprovado', 17);
INSERT INTO Historico_Aluno (id_aluno, id_disciplina, semestre, nota, situacao, id_professor) VALUES (68, 30, '2024/2', 5.1, 'aprovado', 3);
INSERT INTO Historico_Aluno (id_aluno, id_disciplina, semestre, nota, situacao, id_professor) VALUES (68, 11, '2024/2', 0.16, 'reprovado', 17);
INSERT INTO Historico_Aluno (id_aluno, id_disciplina, semestre, nota, situacao, id_professor) VALUES (68, 18, '2024/2', 9.35, 'aprovado', 4);
INSERT INTO Historico_Aluno (id_aluno, id_disciplina, semestre, nota, situacao, id_professor) VALUES (68, 20, '2024/2', 5.33, 'aprovado', 20);
INSERT INTO Historico_Aluno (id_aluno, id_disciplina, semestre, nota, situacao, id_professor) VALUES (69, 21, '2022/2', 8.17, 'aprovado', 18);
INSERT INTO Historico_Aluno (id_aluno, id_disciplina, semestre, nota, situacao, id_professor) VALUES (69, 1, '2022/2', 2.88, 'reprovado', 18);
INSERT INTO Historico_Aluno (id_aluno, id_disciplina, semestre, nota, situacao, id_professor) VALUES (69, 14, '2022/2', 0.94, 'reprovado', 18);
INSERT INTO Historico_Aluno (id_aluno, id_disciplina, semestre, nota, situacao, id_professor) VALUES (69, 19, '2022/2', 0.83, 'reprovado', 5);
INSERT INTO Historico_Aluno (id_aluno, id_disciplina, semestre, nota, situacao, id_professor) VALUES (69, 13, '2022/2', 3.02, 'reprovado', 5);
INSERT INTO Historico_Aluno (id_aluno, id_disciplina, semestre, nota, situacao, id_professor) VALUES (69, 25, '2022/2', 8.13, 'aprovado', 5);
INSERT INTO Historico_Aluno (id_aluno, id_disciplina, semestre, nota, situacao, id_professor) VALUES (69, 11, '2023/2', 4.03, 'reprovado', 5);
INSERT INTO Historico_Aluno (id_aluno, id_disciplina, semestre, nota, situacao, id_professor) VALUES (69, 20, '2023/2', 0.94, 'reprovado', 18);
INSERT INTO Historico_Aluno (id_aluno, id_disciplina, semestre, nota, situacao, id_professor) VALUES (69, 24, '2023/2', 1.58, 'reprovado', 5);
INSERT INTO Historico_Aluno (id_aluno, id_disciplina, semestre, nota, situacao, id_professor) VALUES (69, 5, '2023/2', 8.15, 'aprovado', 5);
INSERT INTO Historico_Aluno (id_aluno, id_disciplina, semestre, nota, situacao, id_professor) VALUES (69, 22, '2023/2', 7.47, 'aprovado', 18);
INSERT INTO Historico_Aluno (id_aluno, id_disciplina, semestre, nota, situacao, id_professor) VALUES (69, 13, '2024/2', 6.45, 'aprovado', 18);
INSERT INTO Historico_Aluno (id_aluno, id_disciplina, semestre, nota, situacao, id_professor) VALUES (69, 27, '2024/2', 6.45, 'aprovado', 18);
INSERT INTO Historico_Aluno (id_aluno, id_disciplina, semestre, nota, situacao, id_professor) VALUES (69, 8, '2024/2', 2.62, 'reprovado', 5);
INSERT INTO Historico_Aluno (id_aluno, id_disciplina, semestre, nota, situacao, id_professor) VALUES (69, 11, '2024/2', 6.16, 'aprovado', 18);
INSERT INTO Historico_Aluno (id_aluno, id_disciplina, semestre, nota, situacao, id_professor) VALUES (69, 10, '2024/2', 2.35, 'reprovado', 18);
INSERT INTO Historico_Aluno (id_aluno, id_disciplina, semestre, nota, situacao, id_professor) VALUES (69, 15, '2024/2', 3.3, 'reprovado', 5);
INSERT INTO Historico_Aluno (id_aluno, id_disciplina, semestre, nota, situacao, id_professor) VALUES (69, 6, '2025/2', 2.89, 'reprovado', 5);
INSERT INTO Historico_Aluno (id_aluno, id_disciplina, semestre, nota, situacao, id_professor) VALUES (69, 30, '2025/2', 3.01, 'reprovado', 18);
INSERT INTO Historico_Aluno (id_aluno, id_disciplina, semestre, nota, situacao, id_professor) VALUES (69, 16, '2025/2', 7.29, 'aprovado', 5);
INSERT INTO Historico_Aluno (id_aluno, id_disciplina, semestre, nota, situacao, id_professor) VALUES (69, 4, '2025/2', 2.11, 'reprovado', 5);
INSERT INTO Historico_Aluno (id_aluno, id_disciplina, semestre, nota, situacao, id_professor) VALUES (69, 2, '2025/2', 1.23, 'reprovado', 5);
INSERT INTO Historico_Aluno (id_aluno, id_disciplina, semestre, nota, situacao, id_professor) VALUES (69, 1, '2025/2', 5.15, 'aprovado', 17);
INSERT INTO Historico_Aluno (id_aluno, id_disciplina, semestre, nota, situacao, id_professor) VALUES (69, 14, '2025/2', 8.62, 'aprovado', 18);
INSERT INTO Historico_Aluno (id_aluno, id_disciplina, semestre, nota, situacao, id_professor) VALUES (69, 19, '2025/2', 8.57, 'aprovado', 1);
INSERT INTO Historico_Aluno (id_aluno, id_disciplina, semestre, nota, situacao, id_professor) VALUES (69, 20, '2025/2', 7.76, 'aprovado', 14);
INSERT INTO Historico_Aluno (id_aluno, id_disciplina, semestre, nota, situacao, id_professor) VALUES (69, 24, '2025/2', 8.73, 'aprovado', 10);
INSERT INTO Historico_Aluno (id_aluno, id_disciplina, semestre, nota, situacao, id_professor) VALUES (69, 8, '2025/2', 7.41, 'aprovado', 20);
INSERT INTO Historico_Aluno (id_aluno, id_disciplina, semestre, nota, situacao, id_professor) VALUES (69, 10, '2025/2', 7.2, 'aprovado', 16);
INSERT INTO Historico_Aluno (id_aluno, id_disciplina, semestre, nota, situacao, id_professor) VALUES (69, 15, '2025/2', 6.34, 'aprovado', 6);
INSERT INTO Historico_Aluno (id_aluno, id_disciplina, semestre, nota, situacao, id_professor) VALUES (70, 20, '2022/2', 0.44, 'reprovado', 20);
INSERT INTO Historico_Aluno (id_aluno, id_disciplina, semestre, nota, situacao, id_professor) VALUES (70, 29, '2022/2', 8.2, 'aprovado', 6);
INSERT INTO Historico_Aluno (id_aluno, id_disciplina, semestre, nota, situacao, id_professor) VALUES (70, 21, '2022/2', 4.39, 'reprovado', 8);
INSERT INTO Historico_Aluno (id_aluno, id_disciplina, semestre, nota, situacao, id_professor) VALUES (70, 10, '2022/2', 2.11, 'reprovado', 1);
INSERT INTO Historico_Aluno (id_aluno, id_disciplina, semestre, nota, situacao, id_professor) VALUES (70, 14, '2024/2', 5.01, 'aprovado', 8);
INSERT INTO Historico_Aluno (id_aluno, id_disciplina, semestre, nota, situacao, id_professor) VALUES (70, 30, '2024/2', 2.28, 'reprovado', 6);
INSERT INTO Historico_Aluno (id_aluno, id_disciplina, semestre, nota, situacao, id_professor) VALUES (70, 24, '2024/2', 3.9, 'reprovado', 8);
INSERT INTO Historico_Aluno (id_aluno, id_disciplina, semestre, nota, situacao, id_professor) VALUES (70, 5, '2024/2', 6.1, 'aprovado', 1);
INSERT INTO Historico_Aluno (id_aluno, id_disciplina, semestre, nota, situacao, id_professor) VALUES (70, 16, '2024/2', 1.42, 'reprovado', 1);
INSERT INTO Historico_Aluno (id_aluno, id_disciplina, semestre, nota, situacao, id_professor) VALUES (70, 15, '2025/1', 9.37, 'aprovado', 8);
INSERT INTO Historico_Aluno (id_aluno, id_disciplina, semestre, nota, situacao, id_professor) VALUES (70, 24, '2025/1', 8.8, 'aprovado', 8);
INSERT INTO Historico_Aluno (id_aluno, id_disciplina, semestre, nota, situacao, id_professor) VALUES (70, 10, '2025/1', 5.14, 'aprovado', 6);
INSERT INTO Historico_Aluno (id_aluno, id_disciplina, semestre, nota, situacao, id_professor) VALUES (70, 11, '2025/1', 3.9, 'reprovado', 6);
INSERT INTO Historico_Aluno (id_aluno, id_disciplina, semestre, nota, situacao, id_professor) VALUES (70, 20, '2025/1', 8.86, 'aprovado', 10);
INSERT INTO Historico_Aluno (id_aluno, id_disciplina, semestre, nota, situacao, id_professor) VALUES (70, 21, '2025/1', 6.71, 'aprovado', 16);
INSERT INTO Historico_Aluno (id_aluno, id_disciplina, semestre, nota, situacao, id_professor) VALUES (70, 30, '2025/1', 9.1, 'aprovado', 18);
INSERT INTO Historico_Aluno (id_aluno, id_disciplina, semestre, nota, situacao, id_professor) VALUES (70, 16, '2025/1', 5.25, 'aprovado', 4);
INSERT INTO Historico_Aluno (id_aluno, id_disciplina, semestre, nota, situacao, id_professor) VALUES (71, 19, '2022/1', 2.33, 'reprovado', 20);
INSERT INTO Historico_Aluno (id_aluno, id_disciplina, semestre, nota, situacao, id_professor) VALUES (71, 23, '2022/1', 2.1, 'reprovado', 20);
INSERT INTO Historico_Aluno (id_aluno, id_disciplina, semestre, nota, situacao, id_professor) VALUES (71, 2, '2022/1', 3.51, 'reprovado', 20);
INSERT INTO Historico_Aluno (id_aluno, id_disciplina, semestre, nota, situacao, id_professor) VALUES (71, 17, '2022/1', 8.29, 'aprovado', 8);
INSERT INTO Historico_Aluno (id_aluno, id_disciplina, semestre, nota, situacao, id_professor) VALUES (71, 8, '2022/1', 5.96, 'aprovado', 8);
INSERT INTO Historico_Aluno (id_aluno, id_disciplina, semestre, nota, situacao, id_professor) VALUES (71, 24, '2022/1', 8.05, 'aprovado', 20);
INSERT INTO Historico_Aluno (id_aluno, id_disciplina, semestre, nota, situacao, id_professor) VALUES (71, 13, '2023/2', 3.54, 'reprovado', 6);
INSERT INTO Historico_Aluno (id_aluno, id_disciplina, semestre, nota, situacao, id_professor) VALUES (71, 22, '2023/2', 4.41, 'reprovado', 6);
INSERT INTO Historico_Aluno (id_aluno, id_disciplina, semestre, nota, situacao, id_professor) VALUES (71, 16, '2023/2', 6.99, 'aprovado', 20);
INSERT INTO Historico_Aluno (id_aluno, id_disciplina, semestre, nota, situacao, id_professor) VALUES (71, 3, '2023/2', 3.0, 'reprovado', 20);
INSERT INTO Historico_Aluno (id_aluno, id_disciplina, semestre, nota, situacao, id_professor) VALUES (71, 11, '2023/2', 6.37, 'aprovado', 6);
INSERT INTO Historico_Aluno (id_aluno, id_disciplina, semestre, nota, situacao, id_professor) VALUES (71, 15, '2025/1', 8.96, 'aprovado', 8);
INSERT INTO Historico_Aluno (id_aluno, id_disciplina, semestre, nota, situacao, id_professor) VALUES (71, 10, '2025/1', 2.84, 'reprovado', 6);
INSERT INTO Historico_Aluno (id_aluno, id_disciplina, semestre, nota, situacao, id_professor) VALUES (71, 19, '2025/1', 8.44, 'aprovado', 1);
INSERT INTO Historico_Aluno (id_aluno, id_disciplina, semestre, nota, situacao, id_professor) VALUES (71, 9, '2025/1', 4.93, 'reprovado', 6);
INSERT INTO Historico_Aluno (id_aluno, id_disciplina, semestre, nota, situacao, id_professor) VALUES (71, 6, '2025/2', 9.89, 'aprovado', 8);
INSERT INTO Historico_Aluno (id_aluno, id_disciplina, semestre, nota, situacao, id_professor) VALUES (71, 30, '2025/2', 9.79, 'aprovado', 8);
INSERT INTO Historico_Aluno (id_aluno, id_disciplina, semestre, nota, situacao, id_professor) VALUES (71, 7, '2025/2', 6.7, 'aprovado', 1);
INSERT INTO Historico_Aluno (id_aluno, id_disciplina, semestre, nota, situacao, id_professor) VALUES (71, 12, '2025/2', 4.62, 'reprovado', 1);
INSERT INTO Historico_Aluno (id_aluno, id_disciplina, semestre, nota, situacao, id_professor) VALUES (71, 10, '2025/2', 8.03, 'aprovado', 1);
INSERT INTO Historico_Aluno (id_aluno, id_disciplina, semestre, nota, situacao, id_professor) VALUES (71, 23, '2025/2', 7.54, 'aprovado', 6);
INSERT INTO Historico_Aluno (id_aluno, id_disciplina, semestre, nota, situacao, id_professor) VALUES (71, 2, '2025/2', 7.87, 'aprovado', 11);
INSERT INTO Historico_Aluno (id_aluno, id_disciplina, semestre, nota, situacao, id_professor) VALUES (71, 13, '2025/2', 9.36, 'aprovado', 9);
INSERT INTO Historico_Aluno (id_aluno, id_disciplina, semestre, nota, situacao, id_professor) VALUES (71, 22, '2025/2', 8.11, 'aprovado', 20);
INSERT INTO Historico_Aluno (id_aluno, id_disciplina, semestre, nota, situacao, id_professor) VALUES (71, 3, '2025/2', 6.12, 'aprovado', 11);
INSERT INTO Historico_Aluno (id_aluno, id_disciplina, semestre, nota, situacao, id_professor) VALUES (71, 9, '2025/2', 8.97, 'aprovado', 11);
INSERT INTO Historico_Aluno (id_aluno, id_disciplina, semestre, nota, situacao, id_professor) VALUES (72, 17, '2023/1', 1.95, 'reprovado', 14);
INSERT INTO Historico_Aluno (id_aluno, id_disciplina, semestre, nota, situacao, id_professor) VALUES (72, 15, '2023/1', 0.22, 'reprovado', 14);
INSERT INTO Historico_Aluno (id_aluno, id_disciplina, semestre, nota, situacao, id_professor) VALUES (72, 18, '2023/1', 0.04, 'reprovado', 2);
INSERT INTO Historico_Aluno (id_aluno, id_disciplina, semestre, nota, situacao, id_professor) VALUES (72, 3, '2023/1', 0.95, 'reprovado', 10);
INSERT INTO Historico_Aluno (id_aluno, id_disciplina, semestre, nota, situacao, id_professor) VALUES (72, 16, '2023/1', 0.59, 'reprovado', 7);
INSERT INTO Historico_Aluno (id_aluno, id_disciplina, semestre, nota, situacao, id_professor) VALUES (72, 18, '2023/2', 8.81, 'aprovado', 2);
INSERT INTO Historico_Aluno (id_aluno, id_disciplina, semestre, nota, situacao, id_professor) VALUES (72, 11, '2023/2', 5.79, 'aprovado', 14);
INSERT INTO Historico_Aluno (id_aluno, id_disciplina, semestre, nota, situacao, id_professor) VALUES (72, 3, '2023/2', 8.48, 'aprovado', 10);
INSERT INTO Historico_Aluno (id_aluno, id_disciplina, semestre, nota, situacao, id_professor) VALUES (72, 13, '2023/2', 0.31, 'reprovado', 10);
INSERT INTO Historico_Aluno (id_aluno, id_disciplina, semestre, nota, situacao, id_professor) VALUES (72, 12, '2023/2', 1.34, 'reprovado', 10);
INSERT INTO Historico_Aluno (id_aluno, id_disciplina, semestre, nota, situacao, id_professor) VALUES (72, 16, '2024/2', 9.32, 'aprovado', 10);
INSERT INTO Historico_Aluno (id_aluno, id_disciplina, semestre, nota, situacao, id_professor) VALUES (72, 29, '2024/2', 7.59, 'aprovado', 14);
INSERT INTO Historico_Aluno (id_aluno, id_disciplina, semestre, nota, situacao, id_professor) VALUES (72, 2, '2024/2', 4.53, 'reprovado', 10);
INSERT INTO Historico_Aluno (id_aluno, id_disciplina, semestre, nota, situacao, id_professor) VALUES (72, 10, '2024/2', 1.32, 'reprovado', 11);
INSERT INTO Historico_Aluno (id_aluno, id_disciplina, semestre, nota, situacao, id_professor) VALUES (72, 17, '2024/2', 7.56, 'aprovado', 10);
INSERT INTO Historico_Aluno (id_aluno, id_disciplina, semestre, nota, situacao, id_professor) VALUES (72, 22, '2025/1', 8.49, 'aprovado', 7);
INSERT INTO Historico_Aluno (id_aluno, id_disciplina, semestre, nota, situacao, id_professor) VALUES (72, 10, '2025/1', 8.11, 'aprovado', 10);
INSERT INTO Historico_Aluno (id_aluno, id_disciplina, semestre, nota, situacao, id_professor) VALUES (72, 15, '2025/1', 9.55, 'aprovado', 11);
INSERT INTO Historico_Aluno (id_aluno, id_disciplina, semestre, nota, situacao, id_professor) VALUES (72, 28, '2025/1', 5.63, 'aprovado', 11);
INSERT INTO Historico_Aluno (id_aluno, id_disciplina, semestre, nota, situacao, id_professor) VALUES (72, 8, '2025/1', 6.06, 'aprovado', 2);
INSERT INTO Historico_Aluno (id_aluno, id_disciplina, semestre, nota, situacao, id_professor) VALUES (72, 13, '2025/1', 8.6, 'aprovado', 13);
INSERT INTO Historico_Aluno (id_aluno, id_disciplina, semestre, nota, situacao, id_professor) VALUES (72, 12, '2025/1', 7.44, 'aprovado', 1);
INSERT INTO Historico_Aluno (id_aluno, id_disciplina, semestre, nota, situacao, id_professor) VALUES (72, 2, '2025/1', 9.83, 'aprovado', 13);
INSERT INTO Historico_Aluno (id_aluno, id_disciplina, semestre, nota, situacao, id_professor) VALUES (73, 17, '2023/2', 1.09, 'reprovado', 17);
INSERT INTO Historico_Aluno (id_aluno, id_disciplina, semestre, nota, situacao, id_professor) VALUES (73, 16, '2023/2', 0.05, 'reprovado', 19);
INSERT INTO Historico_Aluno (id_aluno, id_disciplina, semestre, nota, situacao, id_professor) VALUES (73, 11, '2023/2', 9.81, 'aprovado', 19);
INSERT INTO Historico_Aluno (id_aluno, id_disciplina, semestre, nota, situacao, id_professor) VALUES (73, 13, '2023/2', 8.94, 'aprovado', 19);
INSERT INTO Historico_Aluno (id_aluno, id_disciplina, semestre, nota, situacao, id_professor) VALUES (73, 21, '2023/2', 3.1, 'reprovado', 3);
INSERT INTO Historico_Aluno (id_aluno, id_disciplina, semestre, nota, situacao, id_professor) VALUES (73, 8, '2023/2', 0.89, 'reprovado', 12);
INSERT INTO Historico_Aluno (id_aluno, id_disciplina, semestre, nota, situacao, id_professor) VALUES (73, 5, '2024/1', 5.95, 'aprovado', 17);
INSERT INTO Historico_Aluno (id_aluno, id_disciplina, semestre, nota, situacao, id_professor) VALUES (73, 17, '2024/1', 7.91, 'aprovado', 12);
INSERT INTO Historico_Aluno (id_aluno, id_disciplina, semestre, nota, situacao, id_professor) VALUES (73, 4, '2024/1', 0.37, 'reprovado', 12);
INSERT INTO Historico_Aluno (id_aluno, id_disciplina, semestre, nota, situacao, id_professor) VALUES (73, 30, '2024/1', 1.58, 'reprovado', 12);
INSERT INTO Historico_Aluno (id_aluno, id_disciplina, semestre, nota, situacao, id_professor) VALUES (73, 23, '2024/1', 2.57, 'reprovado', 19);
INSERT INTO Historico_Aluno (id_aluno, id_disciplina, semestre, nota, situacao, id_professor) VALUES (73, 1, '2024/1', 6.67, 'aprovado', 3);
INSERT INTO Historico_Aluno (id_aluno, id_disciplina, semestre, nota, situacao, id_professor) VALUES (73, 16, '2024/2', 8.27, 'aprovado', 12);
INSERT INTO Historico_Aluno (id_aluno, id_disciplina, semestre, nota, situacao, id_professor) VALUES (73, 7, '2024/2', 8.72, 'aprovado', 3);
INSERT INTO Historico_Aluno (id_aluno, id_disciplina, semestre, nota, situacao, id_professor) VALUES (73, 19, '2024/2', 0.18, 'reprovado', 4);
INSERT INTO Historico_Aluno (id_aluno, id_disciplina, semestre, nota, situacao, id_professor) VALUES (73, 26, '2024/2', 1.13, 'reprovado', 19);
INSERT INTO Historico_Aluno (id_aluno, id_disciplina, semestre, nota, situacao, id_professor) VALUES (73, 14, '2024/2', 9.6, 'aprovado', 19);
INSERT INTO Historico_Aluno (id_aluno, id_disciplina, semestre, nota, situacao, id_professor) VALUES (73, 2, '2024/2', 8.92, 'aprovado', 17);
INSERT INTO Historico_Aluno (id_aluno, id_disciplina, semestre, nota, situacao, id_professor) VALUES (73, 21, '2024/2', 6.82, 'aprovado', 18);
INSERT INTO Historico_Aluno (id_aluno, id_disciplina, semestre, nota, situacao, id_professor) VALUES (73, 8, '2024/2', 9.77, 'aprovado', 9);
INSERT INTO Historico_Aluno (id_aluno, id_disciplina, semestre, nota, situacao, id_professor) VALUES (73, 4, '2024/2', 6.45, 'aprovado', 8);
INSERT INTO Historico_Aluno (id_aluno, id_disciplina, semestre, nota, situacao, id_professor) VALUES (73, 30, '2024/2', 6.84, 'aprovado', 15);
INSERT INTO Historico_Aluno (id_aluno, id_disciplina, semestre, nota, situacao, id_professor) VALUES (73, 23, '2024/2', 5.71, 'aprovado', 15);
INSERT INTO Historico_Aluno (id_aluno, id_disciplina, semestre, nota, situacao, id_professor) VALUES (74, 11, '2022/1', 8.84, 'aprovado', 1);
INSERT INTO Historico_Aluno (id_aluno, id_disciplina, semestre, nota, situacao, id_professor) VALUES (74, 25, '2022/1', 8.12, 'aprovado', 1);
INSERT INTO Historico_Aluno (id_aluno, id_disciplina, semestre, nota, situacao, id_professor) VALUES (74, 7, '2022/1', 2.91, 'reprovado', 20);
INSERT INTO Historico_Aluno (id_aluno, id_disciplina, semestre, nota, situacao, id_professor) VALUES (74, 22, '2022/1', 9.99, 'aprovado', 20);
INSERT INTO Historico_Aluno (id_aluno, id_disciplina, semestre, nota, situacao, id_professor) VALUES (74, 17, '2023/1', 6.38, 'aprovado', 1);
INSERT INTO Historico_Aluno (id_aluno, id_disciplina, semestre, nota, situacao, id_professor) VALUES (74, 19, '2023/1', 1.91, 'reprovado', 8);
INSERT INTO Historico_Aluno (id_aluno, id_disciplina, semestre, nota, situacao, id_professor) VALUES (74, 23, '2023/1', 5.83, 'aprovado', 20);
INSERT INTO Historico_Aluno (id_aluno, id_disciplina, semestre, nota, situacao, id_professor) VALUES (74, 26, '2023/1', 8.57, 'aprovado', 6);
INSERT INTO Historico_Aluno (id_aluno, id_disciplina, semestre, nota, situacao, id_professor) VALUES (74, 28, '2023/1', 4.05, 'reprovado', 8);
INSERT INTO Historico_Aluno (id_aluno, id_disciplina, semestre, nota, situacao, id_professor) VALUES (74, 21, '2024/1', 1.4, 'reprovado', 20);
INSERT INTO Historico_Aluno (id_aluno, id_disciplina, semestre, nota, situacao, id_professor) VALUES (74, 27, '2024/1', 2.36, 'reprovado', 6);
INSERT INTO Historico_Aluno (id_aluno, id_disciplina, semestre, nota, situacao, id_professor) VALUES (74, 3, '2024/1', 6.38, 'aprovado', 8);
INSERT INTO Historico_Aluno (id_aluno, id_disciplina, semestre, nota, situacao, id_professor) VALUES (74, 14, '2024/1', 2.5, 'reprovado', 1);
INSERT INTO Historico_Aluno (id_aluno, id_disciplina, semestre, nota, situacao, id_professor) VALUES (74, 13, '2024/1', 5.8, 'aprovado', 6);
INSERT INTO Historico_Aluno (id_aluno, id_disciplina, semestre, nota, situacao, id_professor) VALUES (74, 7, '2024/1', 7.33, 'aprovado', 16);
INSERT INTO Historico_Aluno (id_aluno, id_disciplina, semestre, nota, situacao, id_professor) VALUES (74, 19, '2024/1', 5.24, 'aprovado', 18);
INSERT INTO Historico_Aluno (id_aluno, id_disciplina, semestre, nota, situacao, id_professor) VALUES (74, 28, '2024/1', 8.33, 'aprovado', 5);
INSERT INTO Historico_Aluno (id_aluno, id_disciplina, semestre, nota, situacao, id_professor) VALUES (75, 30, '2022/1', 3.94, 'reprovado', 15);
INSERT INTO Historico_Aluno (id_aluno, id_disciplina, semestre, nota, situacao, id_professor) VALUES (75, 20, '2022/1', 2.23, 'reprovado', 9);
INSERT INTO Historico_Aluno (id_aluno, id_disciplina, semestre, nota, situacao, id_professor) VALUES (75, 5, '2022/1', 5.24, 'aprovado', 15);
INSERT INTO Historico_Aluno (id_aluno, id_disciplina, semestre, nota, situacao, id_professor) VALUES (75, 10, '2022/1', 8.01, 'aprovado', 16);
INSERT INTO Historico_Aluno (id_aluno, id_disciplina, semestre, nota, situacao, id_professor) VALUES (75, 30, '2022/2', 5.58, 'aprovado', 16);
INSERT INTO Historico_Aluno (id_aluno, id_disciplina, semestre, nota, situacao, id_professor) VALUES (75, 28, '2022/2', 8.63, 'aprovado', 16);
INSERT INTO Historico_Aluno (id_aluno, id_disciplina, semestre, nota, situacao, id_professor) VALUES (75, 12, '2022/2', 3.69, 'reprovado', 15);
INSERT INTO Historico_Aluno (id_aluno, id_disciplina, semestre, nota, situacao, id_professor) VALUES (75, 20, '2022/2', 7.45, 'aprovado', 16);
INSERT INTO Historico_Aluno (id_aluno, id_disciplina, semestre, nota, situacao, id_professor) VALUES (75, 16, '2022/2', 3.72, 'reprovado', 16);
INSERT INTO Historico_Aluno (id_aluno, id_disciplina, semestre, nota, situacao, id_professor) VALUES (75, 11, '2022/2', 5.93, 'aprovado', 16);
INSERT INTO Historico_Aluno (id_aluno, id_disciplina, semestre, nota, situacao, id_professor) VALUES (75, 4, '2024/2', 0.96, 'reprovado', 9);
INSERT INTO Historico_Aluno (id_aluno, id_disciplina, semestre, nota, situacao, id_professor) VALUES (75, 17, '2024/2', 8.92, 'aprovado', 16);
INSERT INTO Historico_Aluno (id_aluno, id_disciplina, semestre, nota, situacao, id_professor) VALUES (75, 21, '2024/2', 1.86, 'reprovado', 9);
INSERT INTO Historico_Aluno (id_aluno, id_disciplina, semestre, nota, situacao, id_professor) VALUES (75, 22, '2024/2', 4.76, 'reprovado', 15);
INSERT INTO Historico_Aluno (id_aluno, id_disciplina, semestre, nota, situacao, id_professor) VALUES (75, 24, '2024/2', 4.55, 'reprovado', 16);
INSERT INTO Historico_Aluno (id_aluno, id_disciplina, semestre, nota, situacao, id_professor) VALUES (75, 16, '2024/2', 6.51, 'aprovado', 13);
INSERT INTO Historico_Aluno (id_aluno, id_disciplina, semestre, nota, situacao, id_professor) VALUES (75, 12, '2024/2', 5.95, 'aprovado', 4);
INSERT INTO Historico_Aluno (id_aluno, id_disciplina, semestre, nota, situacao, id_professor) VALUES (76, 14, '2023/2', 3.91, 'reprovado', 14);
INSERT INTO Historico_Aluno (id_aluno, id_disciplina, semestre, nota, situacao, id_professor) VALUES (76, 11, '2023/2', 8.37, 'aprovado', 11);
INSERT INTO Historico_Aluno (id_aluno, id_disciplina, semestre, nota, situacao, id_professor) VALUES (76, 10, '2023/2', 0.7, 'reprovado', 11);
INSERT INTO Historico_Aluno (id_aluno, id_disciplina, semestre, nota, situacao, id_professor) VALUES (76, 27, '2023/2', 2.56, 'reprovado', 2);
INSERT INTO Historico_Aluno (id_aluno, id_disciplina, semestre, nota, situacao, id_professor) VALUES (76, 26, '2023/2', 3.54, 'reprovado', 14);
INSERT INTO Historico_Aluno (id_aluno, id_disciplina, semestre, nota, situacao, id_professor) VALUES (76, 15, '2025/1', 0.45, 'reprovado', 7);
INSERT INTO Historico_Aluno (id_aluno, id_disciplina, semestre, nota, situacao, id_professor) VALUES (76, 26, '2025/1', 5.09, 'aprovado', 7);
INSERT INTO Historico_Aluno (id_aluno, id_disciplina, semestre, nota, situacao, id_professor) VALUES (76, 14, '2025/1', 6.39, 'aprovado', 7);
INSERT INTO Historico_Aluno (id_aluno, id_disciplina, semestre, nota, situacao, id_professor) VALUES (76, 28, '2025/1', 0.43, 'reprovado', 14);
INSERT INTO Historico_Aluno (id_aluno, id_disciplina, semestre, nota, situacao, id_professor) VALUES (76, 10, '2025/1', 9.05, 'aprovado', 7);
INSERT INTO Historico_Aluno (id_aluno, id_disciplina, semestre, nota, situacao, id_professor) VALUES (76, 27, '2025/1', 6.19, 'aprovado', 10);
INSERT INTO Historico_Aluno (id_aluno, id_disciplina, semestre, nota, situacao, id_professor) VALUES (77, 3, '2022/2', 6.42, 'aprovado', 7);
INSERT INTO Historico_Aluno (id_aluno, id_disciplina, semestre, nota, situacao, id_professor) VALUES (77, 6, '2022/2', 5.88, 'aprovado', 14);
INSERT INTO Historico_Aluno (id_aluno, id_disciplina, semestre, nota, situacao, id_professor) VALUES (77, 25, '2022/2', 9.62, 'aprovado', 11);
INSERT INTO Historico_Aluno (id_aluno, id_disciplina, semestre, nota, situacao, id_professor) VALUES (77, 17, '2022/2', 3.23, 'reprovado', 2);
INSERT INTO Historico_Aluno (id_aluno, id_disciplina, semestre, nota, situacao, id_professor) VALUES (77, 28, '2022/2', 8.8, 'aprovado', 14);
INSERT INTO Historico_Aluno (id_aluno, id_disciplina, semestre, nota, situacao, id_professor) VALUES (77, 15, '2022/2', 3.91, 'reprovado', 14);
INSERT INTO Historico_Aluno (id_aluno, id_disciplina, semestre, nota, situacao, id_professor) VALUES (77, 26, '2023/2', 5.93, 'aprovado', 11);
INSERT INTO Historico_Aluno (id_aluno, id_disciplina, semestre, nota, situacao, id_professor) VALUES (77, 8, '2023/2', 2.89, 'reprovado', 11);
INSERT INTO Historico_Aluno (id_aluno, id_disciplina, semestre, nota, situacao, id_professor) VALUES (77, 12, '2023/2', 4.64, 'reprovado', 11);
INSERT INTO Historico_Aluno (id_aluno, id_disciplina, semestre, nota, situacao, id_professor) VALUES (77, 9, '2023/2', 1.7, 'reprovado', 2);
INSERT INTO Historico_Aluno (id_aluno, id_disciplina, semestre, nota, situacao, id_professor) VALUES (77, 11, '2024/1', 9.51, 'aprovado', 2);
INSERT INTO Historico_Aluno (id_aluno, id_disciplina, semestre, nota, situacao, id_professor) VALUES (77, 21, '2024/1', 7.28, 'aprovado', 14);
INSERT INTO Historico_Aluno (id_aluno, id_disciplina, semestre, nota, situacao, id_professor) VALUES (77, 24, '2024/1', 5.42, 'aprovado', 7);
INSERT INTO Historico_Aluno (id_aluno, id_disciplina, semestre, nota, situacao, id_professor) VALUES (77, 4, '2024/1', 1.86, 'reprovado', 7);
INSERT INTO Historico_Aluno (id_aluno, id_disciplina, semestre, nota, situacao, id_professor) VALUES (77, 12, '2025/1', 5.84, 'aprovado', 11);
INSERT INTO Historico_Aluno (id_aluno, id_disciplina, semestre, nota, situacao, id_professor) VALUES (77, 29, '2025/1', 7.26, 'aprovado', 14);
INSERT INTO Historico_Aluno (id_aluno, id_disciplina, semestre, nota, situacao, id_professor) VALUES (77, 7, '2025/1', 1.65, 'reprovado', 11);
INSERT INTO Historico_Aluno (id_aluno, id_disciplina, semestre, nota, situacao, id_professor) VALUES (77, 27, '2025/1', 0.09, 'reprovado', 10);
INSERT INTO Historico_Aluno (id_aluno, id_disciplina, semestre, nota, situacao, id_professor) VALUES (77, 16, '2025/1', 2.81, 'reprovado', 2);
INSERT INTO Historico_Aluno (id_aluno, id_disciplina, semestre, nota, situacao, id_professor) VALUES (77, 17, '2025/1', 7.17, 'aprovado', 19);
INSERT INTO Historico_Aluno (id_aluno, id_disciplina, semestre, nota, situacao, id_professor) VALUES (77, 15, '2025/1', 6.55, 'aprovado', 13);
INSERT INTO Historico_Aluno (id_aluno, id_disciplina, semestre, nota, situacao, id_professor) VALUES (77, 8, '2025/1', 8.69, 'aprovado', 9);
INSERT INTO Historico_Aluno (id_aluno, id_disciplina, semestre, nota, situacao, id_professor) VALUES (77, 9, '2025/1', 9.45, 'aprovado', 1);
INSERT INTO Historico_Aluno (id_aluno, id_disciplina, semestre, nota, situacao, id_professor) VALUES (77, 4, '2025/1', 7.33, 'aprovado', 5);
INSERT INTO Historico_Aluno (id_aluno, id_disciplina, semestre, nota, situacao, id_professor) VALUES (78, 8, '2022/1', 7.66, 'aprovado', 3);
INSERT INTO Historico_Aluno (id_aluno, id_disciplina, semestre, nota, situacao, id_professor) VALUES (78, 11, '2022/1', 9.94, 'aprovado', 12);
INSERT INTO Historico_Aluno (id_aluno, id_disciplina, semestre, nota, situacao, id_professor) VALUES (78, 13, '2022/1', 2.9, 'reprovado', 19);
INSERT INTO Historico_Aluno (id_aluno, id_disciplina, semestre, nota, situacao, id_professor) VALUES (78, 14, '2022/1', 0.37, 'reprovado', 3);
INSERT INTO Historico_Aluno (id_aluno, id_disciplina, semestre, nota, situacao, id_professor) VALUES (78, 19, '2022/1', 4.57, 'reprovado', 17);
INSERT INTO Historico_Aluno (id_aluno, id_disciplina, semestre, nota, situacao, id_professor) VALUES (78, 10, '2022/1', 8.44, 'aprovado', 12);
INSERT INTO Historico_Aluno (id_aluno, id_disciplina, semestre, nota, situacao, id_professor) VALUES (78, 20, '2025/2', 3.0, 'reprovado', 19);
INSERT INTO Historico_Aluno (id_aluno, id_disciplina, semestre, nota, situacao, id_professor) VALUES (78, 7, '2025/2', 9.65, 'aprovado', 12);
INSERT INTO Historico_Aluno (id_aluno, id_disciplina, semestre, nota, situacao, id_professor) VALUES (78, 27, '2025/2', 3.81, 'reprovado', 4);
INSERT INTO Historico_Aluno (id_aluno, id_disciplina, semestre, nota, situacao, id_professor) VALUES (78, 5, '2025/2', 7.85, 'aprovado', 3);
INSERT INTO Historico_Aluno (id_aluno, id_disciplina, semestre, nota, situacao, id_professor) VALUES (78, 13, '2025/2', 8.68, 'aprovado', 4);
INSERT INTO Historico_Aluno (id_aluno, id_disciplina, semestre, nota, situacao, id_professor) VALUES (78, 14, '2025/2', 8.85, 'aprovado', 7);
INSERT INTO Historico_Aluno (id_aluno, id_disciplina, semestre, nota, situacao, id_professor) VALUES (78, 19, '2025/2', 6.67, 'aprovado', 17);
INSERT INTO Historico_Aluno (id_aluno, id_disciplina, semestre, nota, situacao, id_professor) VALUES (79, 16, '2022/2', 3.45, 'reprovado', 3);
INSERT INTO Historico_Aluno (id_aluno, id_disciplina, semestre, nota, situacao, id_professor) VALUES (79, 26, '2022/2', 4.55, 'reprovado', 3);
INSERT INTO Historico_Aluno (id_aluno, id_disciplina, semestre, nota, situacao, id_professor) VALUES (79, 19, '2022/2', 2.82, 'reprovado', 17);
INSERT INTO Historico_Aluno (id_aluno, id_disciplina, semestre, nota, situacao, id_professor) VALUES (79, 18, '2022/2', 2.9, 'reprovado', 12);
INSERT INTO Historico_Aluno (id_aluno, id_disciplina, semestre, nota, situacao, id_professor) VALUES (79, 21, '2022/2', 5.74, 'aprovado', 3);
INSERT INTO Historico_Aluno (id_aluno, id_disciplina, semestre, nota, situacao, id_professor) VALUES (79, 18, '2023/1', 5.28, 'aprovado', 19);
INSERT INTO Historico_Aluno (id_aluno, id_disciplina, semestre, nota, situacao, id_professor) VALUES (79, 9, '2023/1', 3.94, 'reprovado', 17);
INSERT INTO Historico_Aluno (id_aluno, id_disciplina, semestre, nota, situacao, id_professor) VALUES (79, 23, '2023/1', 0.56, 'reprovado', 3);
INSERT INTO Historico_Aluno (id_aluno, id_disciplina, semestre, nota, situacao, id_professor) VALUES (79, 27, '2023/1', 1.04, 'reprovado', 12);
INSERT INTO Historico_Aluno (id_aluno, id_disciplina, semestre, nota, situacao, id_professor) VALUES (79, 26, '2023/1', 5.96, 'aprovado', 3);
INSERT INTO Historico_Aluno (id_aluno, id_disciplina, semestre, nota, situacao, id_professor) VALUES (79, 16, '2023/1', 7.33, 'aprovado', 19);
INSERT INTO Historico_Aluno (id_aluno, id_disciplina, semestre, nota, situacao, id_professor) VALUES (79, 19, '2023/1', 7.49, 'aprovado', 2);
INSERT INTO Historico_Aluno (id_aluno, id_disciplina, semestre, nota, situacao, id_professor) VALUES (80, 8, '2024/1', 0.42, 'reprovado', 10);
INSERT INTO Historico_Aluno (id_aluno, id_disciplina, semestre, nota, situacao, id_professor) VALUES (80, 19, '2024/1', 9.76, 'aprovado', 10);
INSERT INTO Historico_Aluno (id_aluno, id_disciplina, semestre, nota, situacao, id_professor) VALUES (80, 29, '2024/1', 9.55, 'aprovado', 7);
INSERT INTO Historico_Aluno (id_aluno, id_disciplina, semestre, nota, situacao, id_professor) VALUES (80, 30, '2024/1', 7.33, 'aprovado', 2);
INSERT INTO Historico_Aluno (id_aluno, id_disciplina, semestre, nota, situacao, id_professor) VALUES (80, 2, '2024/1', 4.99, 'reprovado', 11);
INSERT INTO Historico_Aluno (id_aluno, id_disciplina, semestre, nota, situacao, id_professor) VALUES (80, 18, '2024/1', 2.75, 'reprovado', 10);
INSERT INTO Historico_Aluno (id_aluno, id_disciplina, semestre, nota, situacao, id_professor) VALUES (80, 21, '2024/2', 7.68, 'aprovado', 2);
INSERT INTO Historico_Aluno (id_aluno, id_disciplina, semestre, nota, situacao, id_professor) VALUES (80, 27, '2024/2', 5.3, 'aprovado', 2);
INSERT INTO Historico_Aluno (id_aluno, id_disciplina, semestre, nota, situacao, id_professor) VALUES (80, 2, '2024/2', 7.02, 'aprovado', 2);
INSERT INTO Historico_Aluno (id_aluno, id_disciplina, semestre, nota, situacao, id_professor) VALUES (80, 23, '2024/2', 7.54, 'aprovado', 10);
INSERT INTO Historico_Aluno (id_aluno, id_disciplina, semestre, nota, situacao, id_professor) VALUES (80, 28, '2024/2', 9.57, 'aprovado', 11);
INSERT INTO Historico_Aluno (id_aluno, id_disciplina, semestre, nota, situacao, id_professor) VALUES (80, 14, '2025/1', 4.0, 'reprovado', 14);
INSERT INTO Historico_Aluno (id_aluno, id_disciplina, semestre, nota, situacao, id_professor) VALUES (80, 11, '2025/1', 8.07, 'aprovado', 7);
INSERT INTO Historico_Aluno (id_aluno, id_disciplina, semestre, nota, situacao, id_professor) VALUES (80, 10, '2025/1', 7.58, 'aprovado', 2);
INSERT INTO Historico_Aluno (id_aluno, id_disciplina, semestre, nota, situacao, id_professor) VALUES (80, 13, '2025/1', 1.3, 'reprovado', 11);
INSERT INTO Historico_Aluno (id_aluno, id_disciplina, semestre, nota, situacao, id_professor) VALUES (80, 26, '2025/2', 6.65, 'aprovado', 10);
INSERT INTO Historico_Aluno (id_aluno, id_disciplina, semestre, nota, situacao, id_professor) VALUES (80, 22, '2025/2', 5.04, 'aprovado', 14);
INSERT INTO Historico_Aluno (id_aluno, id_disciplina, semestre, nota, situacao, id_professor) VALUES (80, 13, '2025/2', 8.53, 'aprovado', 14);
INSERT INTO Historico_Aluno (id_aluno, id_disciplina, semestre, nota, situacao, id_professor) VALUES (80, 25, '2025/2', 3.28, 'reprovado', 14);
INSERT INTO Historico_Aluno (id_aluno, id_disciplina, semestre, nota, situacao, id_professor) VALUES (80, 7, '2025/2', 1.97, 'reprovado', 2);
INSERT INTO Historico_Aluno (id_aluno, id_disciplina, semestre, nota, situacao, id_professor) VALUES (80, 8, '2025/2', 5.73, 'aprovado', 20);
INSERT INTO Historico_Aluno (id_aluno, id_disciplina, semestre, nota, situacao, id_professor) VALUES (80, 18, '2025/2', 5.45, 'aprovado', 4);
INSERT INTO Historico_Aluno (id_aluno, id_disciplina, semestre, nota, situacao, id_professor) VALUES (80, 14, '2025/2', 8.69, 'aprovado', 20);
INSERT INTO Historico_Aluno (id_aluno, id_disciplina, semestre, nota, situacao, id_professor) VALUES (81, 11, '2022/1', 5.44, 'aprovado', 1);
INSERT INTO Historico_Aluno (id_aluno, id_disciplina, semestre, nota, situacao, id_professor) VALUES (81, 28, '2022/1', 2.39, 'reprovado', 20);
INSERT INTO Historico_Aluno (id_aluno, id_disciplina, semestre, nota, situacao, id_professor) VALUES (81, 20, '2022/1', 8.42, 'aprovado', 1);
INSERT INTO Historico_Aluno (id_aluno, id_disciplina, semestre, nota, situacao, id_professor) VALUES (81, 14, '2022/1', 6.11, 'aprovado', 1);
INSERT INTO Historico_Aluno (id_aluno, id_disciplina, semestre, nota, situacao, id_professor) VALUES (81, 21, '2022/1', 1.9, 'reprovado', 6);
INSERT INTO Historico_Aluno (id_aluno, id_disciplina, semestre, nota, situacao, id_professor) VALUES (81, 25, '2023/1', 1.73, 'reprovado', 1);
INSERT INTO Historico_Aluno (id_aluno, id_disciplina, semestre, nota, situacao, id_professor) VALUES (81, 26, '2023/1', 5.19, 'aprovado', 6);
INSERT INTO Historico_Aluno (id_aluno, id_disciplina, semestre, nota, situacao, id_professor) VALUES (81, 23, '2023/1', 6.57, 'aprovado', 6);
INSERT INTO Historico_Aluno (id_aluno, id_disciplina, semestre, nota, situacao, id_professor) VALUES (81, 19, '2023/1', 9.69, 'aprovado', 6);
INSERT INTO Historico_Aluno (id_aluno, id_disciplina, semestre, nota, situacao, id_professor) VALUES (81, 9, '2023/1', 7.31, 'aprovado', 8);
INSERT INTO Historico_Aluno (id_aluno, id_disciplina, semestre, nota, situacao, id_professor) VALUES (81, 8, '2023/1', 6.15, 'aprovado', 20);
INSERT INTO Historico_Aluno (id_aluno, id_disciplina, semestre, nota, situacao, id_professor) VALUES (81, 30, '2023/2', 0.32, 'reprovado', 6);
INSERT INTO Historico_Aluno (id_aluno, id_disciplina, semestre, nota, situacao, id_professor) VALUES (81, 29, '2023/2', 4.36, 'reprovado', 6);
INSERT INTO Historico_Aluno (id_aluno, id_disciplina, semestre, nota, situacao, id_professor) VALUES (81, 4, '2023/2', 2.39, 'reprovado', 20);
INSERT INTO Historico_Aluno (id_aluno, id_disciplina, semestre, nota, situacao, id_professor) VALUES (81, 16, '2023/2', 1.8, 'reprovado', 8);
INSERT INTO Historico_Aluno (id_aluno, id_disciplina, semestre, nota, situacao, id_professor) VALUES (81, 24, '2024/1', 1.49, 'reprovado', 6);
INSERT INTO Historico_Aluno (id_aluno, id_disciplina, semestre, nota, situacao, id_professor) VALUES (81, 27, '2024/1', 9.69, 'aprovado', 20);
INSERT INTO Historico_Aluno (id_aluno, id_disciplina, semestre, nota, situacao, id_professor) VALUES (81, 13, '2024/1', 9.43, 'aprovado', 1);
INSERT INTO Historico_Aluno (id_aluno, id_disciplina, semestre, nota, situacao, id_professor) VALUES (81, 18, '2024/1', 1.55, 'reprovado', 1);
INSERT INTO Historico_Aluno (id_aluno, id_disciplina, semestre, nota, situacao, id_professor) VALUES (81, 7, '2024/1', 5.61, 'aprovado', 20);
INSERT INTO Historico_Aluno (id_aluno, id_disciplina, semestre, nota, situacao, id_professor) VALUES (81, 28, '2024/1', 5.42, 'aprovado', 20);
INSERT INTO Historico_Aluno (id_aluno, id_disciplina, semestre, nota, situacao, id_professor) VALUES (81, 21, '2024/1', 9.39, 'aprovado', 9);
INSERT INTO Historico_Aluno (id_aluno, id_disciplina, semestre, nota, situacao, id_professor) VALUES (81, 25, '2024/1', 5.19, 'aprovado', 19);
INSERT INTO Historico_Aluno (id_aluno, id_disciplina, semestre, nota, situacao, id_professor) VALUES (81, 30, '2024/1', 9.22, 'aprovado', 1);
INSERT INTO Historico_Aluno (id_aluno, id_disciplina, semestre, nota, situacao, id_professor) VALUES (81, 29, '2024/1', 8.42, 'aprovado', 5);
INSERT INTO Historico_Aluno (id_aluno, id_disciplina, semestre, nota, situacao, id_professor) VALUES (81, 4, '2024/1', 5.97, 'aprovado', 16);
INSERT INTO Historico_Aluno (id_aluno, id_disciplina, semestre, nota, situacao, id_professor) VALUES (81, 16, '2024/1', 8.14, 'aprovado', 12);
INSERT INTO Historico_Aluno (id_aluno, id_disciplina, semestre, nota, situacao, id_professor) VALUES (82, 16, '2022/1', 9.16, 'aprovado', 6);
INSERT INTO Historico_Aluno (id_aluno, id_disciplina, semestre, nota, situacao, id_professor) VALUES (82, 3, '2022/1', 1.61, 'reprovado', 1);
INSERT INTO Historico_Aluno (id_aluno, id_disciplina, semestre, nota, situacao, id_professor) VALUES (82, 28, '2022/1', 2.44, 'reprovado', 6);
INSERT INTO Historico_Aluno (id_aluno, id_disciplina, semestre, nota, situacao, id_professor) VALUES (82, 8, '2022/1', 3.22, 'reprovado', 20);
INSERT INTO Historico_Aluno (id_aluno, id_disciplina, semestre, nota, situacao, id_professor) VALUES (82, 7, '2022/1', 7.38, 'aprovado', 6);
INSERT INTO Historico_Aluno (id_aluno, id_disciplina, semestre, nota, situacao, id_professor) VALUES (82, 28, '2024/2', 5.7, 'aprovado', 8);
INSERT INTO Historico_Aluno (id_aluno, id_disciplina, semestre, nota, situacao, id_professor) VALUES (82, 9, '2024/2', 2.57, 'reprovado', 6);
INSERT INTO Historico_Aluno (id_aluno, id_disciplina, semestre, nota, situacao, id_professor) VALUES (82, 24, '2024/2', 3.87, 'reprovado', 20);
INSERT INTO Historico_Aluno (id_aluno, id_disciplina, semestre, nota, situacao, id_professor) VALUES (82, 5, '2024/2', 4.17, 'reprovado', 1);
INSERT INTO Historico_Aluno (id_aluno, id_disciplina, semestre, nota, situacao, id_professor) VALUES (82, 13, '2025/2', 8.85, 'aprovado', 6);
INSERT INTO Historico_Aluno (id_aluno, id_disciplina, semestre, nota, situacao, id_professor) VALUES (82, 24, '2025/2', 8.05, 'aprovado', 20);
INSERT INTO Historico_Aluno (id_aluno, id_disciplina, semestre, nota, situacao, id_professor) VALUES (82, 27, '2025/2', 3.11, 'reprovado', 6);
INSERT INTO Historico_Aluno (id_aluno, id_disciplina, semestre, nota, situacao, id_professor) VALUES (82, 14, '2025/2', 0.89, 'reprovado', 20);
INSERT INTO Historico_Aluno (id_aluno, id_disciplina, semestre, nota, situacao, id_professor) VALUES (82, 12, '2025/2', 2.01, 'reprovado', 8);
INSERT INTO Historico_Aluno (id_aluno, id_disciplina, semestre, nota, situacao, id_professor) VALUES (82, 3, '2025/2', 6.42, 'aprovado', 17);
INSERT INTO Historico_Aluno (id_aluno, id_disciplina, semestre, nota, situacao, id_professor) VALUES (82, 8, '2025/2', 9.27, 'aprovado', 17);
INSERT INTO Historico_Aluno (id_aluno, id_disciplina, semestre, nota, situacao, id_professor) VALUES (82, 9, '2025/2', 7.91, 'aprovado', 4);
INSERT INTO Historico_Aluno (id_aluno, id_disciplina, semestre, nota, situacao, id_professor) VALUES (82, 5, '2025/2', 7.89, 'aprovado', 8);
INSERT INTO Historico_Aluno (id_aluno, id_disciplina, semestre, nota, situacao, id_professor) VALUES (83, 5, '2022/1', 9.48, 'aprovado', 15);
INSERT INTO Historico_Aluno (id_aluno, id_disciplina, semestre, nota, situacao, id_professor) VALUES (83, 12, '2022/1', 9.52, 'aprovado', 9);
INSERT INTO Historico_Aluno (id_aluno, id_disciplina, semestre, nota, situacao, id_professor) VALUES (83, 10, '2022/1', 8.08, 'aprovado', 13);
INSERT INTO Historico_Aluno (id_aluno, id_disciplina, semestre, nota, situacao, id_professor) VALUES (83, 29, '2022/1', 1.07, 'reprovado', 15);
INSERT INTO Historico_Aluno (id_aluno, id_disciplina, semestre, nota, situacao, id_professor) VALUES (83, 20, '2022/1', 8.89, 'aprovado', 9);
INSERT INTO Historico_Aluno (id_aluno, id_disciplina, semestre, nota, situacao, id_professor) VALUES (83, 2, '2022/1', 5.8, 'aprovado', 13);
INSERT INTO Historico_Aluno (id_aluno, id_disciplina, semestre, nota, situacao, id_professor) VALUES (83, 8, '2023/1', 3.68, 'reprovado', 13);
INSERT INTO Historico_Aluno (id_aluno, id_disciplina, semestre, nota, situacao, id_professor) VALUES (83, 27, '2023/1', 2.19, 'reprovado', 15);
INSERT INTO Historico_Aluno (id_aluno, id_disciplina, semestre, nota, situacao, id_professor) VALUES (83, 26, '2023/1', 8.06, 'aprovado', 9);
INSERT INTO Historico_Aluno (id_aluno, id_disciplina, semestre, nota, situacao, id_professor) VALUES (83, 4, '2023/1', 0.12, 'reprovado', 15);
INSERT INTO Historico_Aluno (id_aluno, id_disciplina, semestre, nota, situacao, id_professor) VALUES (83, 16, '2023/2', 4.63, 'reprovado', 16);
INSERT INTO Historico_Aluno (id_aluno, id_disciplina, semestre, nota, situacao, id_professor) VALUES (83, 19, '2023/2', 3.08, 'reprovado', 13);
INSERT INTO Historico_Aluno (id_aluno, id_disciplina, semestre, nota, situacao, id_professor) VALUES (83, 27, '2023/2', 9.47, 'aprovado', 9);
INSERT INTO Historico_Aluno (id_aluno, id_disciplina, semestre, nota, situacao, id_professor) VALUES (83, 30, '2023/2', 9.74, 'aprovado', 13);
INSERT INTO Historico_Aluno (id_aluno, id_disciplina, semestre, nota, situacao, id_professor) VALUES (83, 22, '2023/2', 6.24, 'aprovado', 13);
INSERT INTO Historico_Aluno (id_aluno, id_disciplina, semestre, nota, situacao, id_professor) VALUES (83, 6, '2023/2', 1.54, 'reprovado', 16);
INSERT INTO Historico_Aluno (id_aluno, id_disciplina, semestre, nota, situacao, id_professor) VALUES (83, 29, '2023/2', 6.58, 'aprovado', 5);
INSERT INTO Historico_Aluno (id_aluno, id_disciplina, semestre, nota, situacao, id_professor) VALUES (83, 8, '2023/2', 8.47, 'aprovado', 10);
INSERT INTO Historico_Aluno (id_aluno, id_disciplina, semestre, nota, situacao, id_professor) VALUES (83, 4, '2023/2', 7.5, 'aprovado', 14);
INSERT INTO Historico_Aluno (id_aluno, id_disciplina, semestre, nota, situacao, id_professor) VALUES (84, 3, '2022/2', 4.65, 'reprovado', 5);
INSERT INTO Historico_Aluno (id_aluno, id_disciplina, semestre, nota, situacao, id_professor) VALUES (84, 10, '2022/2', 3.79, 'reprovado', 5);
INSERT INTO Historico_Aluno (id_aluno, id_disciplina, semestre, nota, situacao, id_professor) VALUES (84, 25, '2022/2', 6.76, 'aprovado', 5);
INSERT INTO Historico_Aluno (id_aluno, id_disciplina, semestre, nota, situacao, id_professor) VALUES (84, 15, '2022/2', 3.52, 'reprovado', 5);
INSERT INTO Historico_Aluno (id_aluno, id_disciplina, semestre, nota, situacao, id_professor) VALUES (84, 27, '2025/2', 9.78, 'aprovado', 5);
INSERT INTO Historico_Aluno (id_aluno, id_disciplina, semestre, nota, situacao, id_professor) VALUES (84, 21, '2025/2', 9.34, 'aprovado', 5);
INSERT INTO Historico_Aluno (id_aluno, id_disciplina, semestre, nota, situacao, id_professor) VALUES (84, 26, '2025/2', 0.06, 'reprovado', 5);
INSERT INTO Historico_Aluno (id_aluno, id_disciplina, semestre, nota, situacao, id_professor) VALUES (84, 20, '2025/2', 0.9, 'reprovado', 18);
INSERT INTO Historico_Aluno (id_aluno, id_disciplina, semestre, nota, situacao, id_professor) VALUES (84, 15, '2025/2', 7.97, 'aprovado', 18);
INSERT INTO Historico_Aluno (id_aluno, id_disciplina, semestre, nota, situacao, id_professor) VALUES (84, 30, '2025/2', 6.45, 'aprovado', 5);
INSERT INTO Historico_Aluno (id_aluno, id_disciplina, semestre, nota, situacao, id_professor) VALUES (84, 3, '2025/2', 5.38, 'aprovado', 14);
INSERT INTO Historico_Aluno (id_aluno, id_disciplina, semestre, nota, situacao, id_professor) VALUES (84, 10, '2025/2', 5.86, 'aprovado', 16);
INSERT INTO Historico_Aluno (id_aluno, id_disciplina, semestre, nota, situacao, id_professor) VALUES (85, 21, '2022/1', 5.11, 'aprovado', 13);
INSERT INTO Historico_Aluno (id_aluno, id_disciplina, semestre, nota, situacao, id_professor) VALUES (85, 30, '2022/1', 2.19, 'reprovado', 15);
INSERT INTO Historico_Aluno (id_aluno, id_disciplina, semestre, nota, situacao, id_professor) VALUES (85, 6, '2022/1', 7.36, 'aprovado', 15);
INSERT INTO Historico_Aluno (id_aluno, id_disciplina, semestre, nota, situacao, id_professor) VALUES (85, 20, '2022/1', 6.23, 'aprovado', 15);
INSERT INTO Historico_Aluno (id_aluno, id_disciplina, semestre, nota, situacao, id_professor) VALUES (85, 7, '2022/1', 7.7, 'aprovado', 13);
INSERT INTO Historico_Aluno (id_aluno, id_disciplina, semestre, nota, situacao, id_professor) VALUES (85, 16, '2023/2', 9.97, 'aprovado', 9);
INSERT INTO Historico_Aluno (id_aluno, id_disciplina, semestre, nota, situacao, id_professor) VALUES (85, 12, '2023/2', 6.44, 'aprovado', 13);
INSERT INTO Historico_Aluno (id_aluno, id_disciplina, semestre, nota, situacao, id_professor) VALUES (85, 10, '2023/2', 4.74, 'reprovado', 16);
INSERT INTO Historico_Aluno (id_aluno, id_disciplina, semestre, nota, situacao, id_professor) VALUES (85, 17, '2023/2', 2.0, 'reprovado', 15);
INSERT INTO Historico_Aluno (id_aluno, id_disciplina, semestre, nota, situacao, id_professor) VALUES (85, 13, '2023/2', 6.45, 'aprovado', 9);
INSERT INTO Historico_Aluno (id_aluno, id_disciplina, semestre, nota, situacao, id_professor) VALUES (85, 22, '2023/2', 2.77, 'reprovado', 13);
INSERT INTO Historico_Aluno (id_aluno, id_disciplina, semestre, nota, situacao, id_professor) VALUES (85, 3, '2024/2', 3.37, 'reprovado', 16);
INSERT INTO Historico_Aluno (id_aluno, id_disciplina, semestre, nota, situacao, id_professor) VALUES (85, 9, '2024/2', 8.3, 'aprovado', 16);
INSERT INTO Historico_Aluno (id_aluno, id_disciplina, semestre, nota, situacao, id_professor) VALUES (85, 15, '2024/2', 6.01, 'aprovado', 16);
INSERT INTO Historico_Aluno (id_aluno, id_disciplina, semestre, nota, situacao, id_professor) VALUES (85, 8, '2024/2', 7.3, 'aprovado', 15);
INSERT INTO Historico_Aluno (id_aluno, id_disciplina, semestre, nota, situacao, id_professor) VALUES (85, 11, '2024/2', 9.04, 'aprovado', 15);
INSERT INTO Historico_Aluno (id_aluno, id_disciplina, semestre, nota, situacao, id_professor) VALUES (85, 25, '2025/2', 5.56, 'aprovado', 13);
INSERT INTO Historico_Aluno (id_aluno, id_disciplina, semestre, nota, situacao, id_professor) VALUES (85, 30, '2025/2', 6.65, 'aprovado', 13);
INSERT INTO Historico_Aluno (id_aluno, id_disciplina, semestre, nota, situacao, id_professor) VALUES (85, 23, '2025/2', 3.16, 'reprovado', 13);
INSERT INTO Historico_Aluno (id_aluno, id_disciplina, semestre, nota, situacao, id_professor) VALUES (85, 24, '2025/2', 7.01, 'aprovado', 15);
INSERT INTO Historico_Aluno (id_aluno, id_disciplina, semestre, nota, situacao, id_professor) VALUES (85, 26, '2025/2', 3.49, 'reprovado', 16);
INSERT INTO Historico_Aluno (id_aluno, id_disciplina, semestre, nota, situacao, id_professor) VALUES (85, 28, '2025/2', 1.88, 'reprovado', 9);
INSERT INTO Historico_Aluno (id_aluno, id_disciplina, semestre, nota, situacao, id_professor) VALUES (85, 10, '2025/2', 9.25, 'aprovado', 11);
INSERT INTO Historico_Aluno (id_aluno, id_disciplina, semestre, nota, situacao, id_professor) VALUES (85, 17, '2025/2', 5.47, 'aprovado', 2);
INSERT INTO Historico_Aluno (id_aluno, id_disciplina, semestre, nota, situacao, id_professor) VALUES (85, 22, '2025/2', 9.69, 'aprovado', 17);
INSERT INTO Historico_Aluno (id_aluno, id_disciplina, semestre, nota, situacao, id_professor) VALUES (85, 3, '2025/2', 8.86, 'aprovado', 5);
INSERT INTO Historico_Aluno (id_aluno, id_disciplina, semestre, nota, situacao, id_professor) VALUES (86, 27, '2022/2', 0.9, 'reprovado', 11);
INSERT INTO Historico_Aluno (id_aluno, id_disciplina, semestre, nota, situacao, id_professor) VALUES (86, 19, '2022/2', 0.24, 'reprovado', 11);
INSERT INTO Historico_Aluno (id_aluno, id_disciplina, semestre, nota, situacao, id_professor) VALUES (86, 20, '2022/2', 0.94, 'reprovado', 7);
INSERT INTO Historico_Aluno (id_aluno, id_disciplina, semestre, nota, situacao, id_professor) VALUES (86, 4, '2022/2', 4.16, 'reprovado', 7);
INSERT INTO Historico_Aluno (id_aluno, id_disciplina, semestre, nota, situacao, id_professor) VALUES (86, 10, '2022/2', 0.79, 'reprovado', 2);
INSERT INTO Historico_Aluno (id_aluno, id_disciplina, semestre, nota, situacao, id_professor) VALUES (86, 25, '2023/2', 2.51, 'reprovado', 14);
INSERT INTO Historico_Aluno (id_aluno, id_disciplina, semestre, nota, situacao, id_professor) VALUES (86, 15, '2023/2', 8.17, 'aprovado', 7);
INSERT INTO Historico_Aluno (id_aluno, id_disciplina, semestre, nota, situacao, id_professor) VALUES (86, 1, '2023/2', 6.16, 'aprovado', 14);
INSERT INTO Historico_Aluno (id_aluno, id_disciplina, semestre, nota, situacao, id_professor) VALUES (86, 24, '2023/2', 2.73, 'reprovado', 10);
INSERT INTO Historico_Aluno (id_aluno, id_disciplina, semestre, nota, situacao, id_professor) VALUES (86, 21, '2023/2', 5.76, 'aprovado', 14);
INSERT INTO Historico_Aluno (id_aluno, id_disciplina, semestre, nota, situacao, id_professor) VALUES (86, 23, '2023/2', 0.84, 'reprovado', 2);
INSERT INTO Historico_Aluno (id_aluno, id_disciplina, semestre, nota, situacao, id_professor) VALUES (86, 16, '2024/2', 6.62, 'aprovado', 7);
INSERT INTO Historico_Aluno (id_aluno, id_disciplina, semestre, nota, situacao, id_professor) VALUES (86, 11, '2024/2', 4.63, 'reprovado', 11);
INSERT INTO Historico_Aluno (id_aluno, id_disciplina, semestre, nota, situacao, id_professor) VALUES (86, 14, '2024/2', 8.83, 'aprovado', 14);
INSERT INTO Historico_Aluno (id_aluno, id_disciplina, semestre, nota, situacao, id_professor) VALUES (86, 30, '2024/2', 3.75, 'reprovado', 10);
INSERT INTO Historico_Aluno (id_aluno, id_disciplina, semestre, nota, situacao, id_professor) VALUES (86, 27, '2024/2', 6.12, 'aprovado', 10);
INSERT INTO Historico_Aluno (id_aluno, id_disciplina, semestre, nota, situacao, id_professor) VALUES (86, 19, '2024/2', 9.0, 'aprovado', 14);
INSERT INTO Historico_Aluno (id_aluno, id_disciplina, semestre, nota, situacao, id_professor) VALUES (86, 20, '2024/2', 7.13, 'aprovado', 7);
INSERT INTO Historico_Aluno (id_aluno, id_disciplina, semestre, nota, situacao, id_professor) VALUES (86, 4, '2024/2', 5.5, 'aprovado', 17);
INSERT INTO Historico_Aluno (id_aluno, id_disciplina, semestre, nota, situacao, id_professor) VALUES (86, 10, '2024/2', 7.46, 'aprovado', 18);
INSERT INTO Historico_Aluno (id_aluno, id_disciplina, semestre, nota, situacao, id_professor) VALUES (86, 25, '2024/2', 5.59, 'aprovado', 11);
INSERT INTO Historico_Aluno (id_aluno, id_disciplina, semestre, nota, situacao, id_professor) VALUES (86, 24, '2024/2', 6.78, 'aprovado', 10);
INSERT INTO Historico_Aluno (id_aluno, id_disciplina, semestre, nota, situacao, id_professor) VALUES (86, 23, '2024/2', 9.66, 'aprovado', 2);
INSERT INTO Historico_Aluno (id_aluno, id_disciplina, semestre, nota, situacao, id_professor) VALUES (87, 12, '2022/1', 9.11, 'aprovado', 8);
INSERT INTO Historico_Aluno (id_aluno, id_disciplina, semestre, nota, situacao, id_professor) VALUES (87, 24, '2022/1', 6.62, 'aprovado', 1);
INSERT INTO Historico_Aluno (id_aluno, id_disciplina, semestre, nota, situacao, id_professor) VALUES (87, 22, '2022/1', 2.58, 'reprovado', 6);
INSERT INTO Historico_Aluno (id_aluno, id_disciplina, semestre, nota, situacao, id_professor) VALUES (87, 16, '2022/1', 4.56, 'reprovado', 20);
INSERT INTO Historico_Aluno (id_aluno, id_disciplina, semestre, nota, situacao, id_professor) VALUES (87, 4, '2022/1', 7.37, 'aprovado', 1);
INSERT INTO Historico_Aluno (id_aluno, id_disciplina, semestre, nota, situacao, id_professor) VALUES (87, 26, '2022/1', 5.34, 'aprovado', 1);
INSERT INTO Historico_Aluno (id_aluno, id_disciplina, semestre, nota, situacao, id_professor) VALUES (87, 20, '2023/2', 9.48, 'aprovado', 8);
INSERT INTO Historico_Aluno (id_aluno, id_disciplina, semestre, nota, situacao, id_professor) VALUES (87, 10, '2023/2', 7.0, 'aprovado', 1);
INSERT INTO Historico_Aluno (id_aluno, id_disciplina, semestre, nota, situacao, id_professor) VALUES (87, 29, '2023/2', 7.42, 'aprovado', 8);
INSERT INTO Historico_Aluno (id_aluno, id_disciplina, semestre, nota, situacao, id_professor) VALUES (87, 27, '2023/2', 5.17, 'aprovado', 8);
INSERT INTO Historico_Aluno (id_aluno, id_disciplina, semestre, nota, situacao, id_professor) VALUES (87, 30, '2023/2', 9.51, 'aprovado', 20);
INSERT INTO Historico_Aluno (id_aluno, id_disciplina, semestre, nota, situacao, id_professor) VALUES (87, 22, '2023/2', 5.9, 'aprovado', 3);
INSERT INTO Historico_Aluno (id_aluno, id_disciplina, semestre, nota, situacao, id_professor) VALUES (87, 16, '2023/2', 9.13, 'aprovado', 13);
INSERT INTO Historico_Aluno (id_aluno, id_disciplina, semestre, nota, situacao, id_professor) VALUES (88, 22, '2023/2', 1.52, 'reprovado', 18);
INSERT INTO Historico_Aluno (id_aluno, id_disciplina, semestre, nota, situacao, id_professor) VALUES (88, 21, '2023/2', 0.75, 'reprovado', 5);
INSERT INTO Historico_Aluno (id_aluno, id_disciplina, semestre, nota, situacao, id_professor) VALUES (88, 11, '2023/2', 9.01, 'aprovado', 5);
INSERT INTO Historico_Aluno (id_aluno, id_disciplina, semestre, nota, situacao, id_professor) VALUES (88, 9, '2023/2', 3.33, 'reprovado', 18);
INSERT INTO Historico_Aluno (id_aluno, id_disciplina, semestre, nota, situacao, id_professor) VALUES (88, 18, '2023/2', 6.84, 'aprovado', 18);
INSERT INTO Historico_Aluno (id_aluno, id_disciplina, semestre, nota, situacao, id_professor) VALUES (88, 6, '2025/2', 5.74, 'aprovado', 18);
INSERT INTO Historico_Aluno (id_aluno, id_disciplina, semestre, nota, situacao, id_professor) VALUES (88, 10, '2025/2', 9.08, 'aprovado', 18);
INSERT INTO Historico_Aluno (id_aluno, id_disciplina, semestre, nota, situacao, id_professor) VALUES (88, 23, '2025/2', 5.95, 'aprovado', 18);
INSERT INTO Historico_Aluno (id_aluno, id_disciplina, semestre, nota, situacao, id_professor) VALUES (88, 26, '2025/2', 2.78, 'reprovado', 18);
INSERT INTO Historico_Aluno (id_aluno, id_disciplina, semestre, nota, situacao, id_professor) VALUES (88, 22, '2025/2', 9.31, 'aprovado', 3);
INSERT INTO Historico_Aluno (id_aluno, id_disciplina, semestre, nota, situacao, id_professor) VALUES (88, 21, '2025/2', 9.94, 'aprovado', 19);
INSERT INTO Historico_Aluno (id_aluno, id_disciplina, semestre, nota, situacao, id_professor) VALUES (88, 9, '2025/2', 6.77, 'aprovado', 18);
INSERT INTO Historico_Aluno (id_aluno, id_disciplina, semestre, nota, situacao, id_professor) VALUES (89, 10, '2023/1', 8.08, 'aprovado', 5);
INSERT INTO Historico_Aluno (id_aluno, id_disciplina, semestre, nota, situacao, id_professor) VALUES (89, 4, '2023/1', 7.57, 'aprovado', 18);
INSERT INTO Historico_Aluno (id_aluno, id_disciplina, semestre, nota, situacao, id_professor) VALUES (89, 15, '2023/1', 9.16, 'aprovado', 18);
INSERT INTO Historico_Aluno (id_aluno, id_disciplina, semestre, nota, situacao, id_professor) VALUES (89, 7, '2023/1', 4.59, 'reprovado', 18);
INSERT INTO Historico_Aluno (id_aluno, id_disciplina, semestre, nota, situacao, id_professor) VALUES (89, 13, '2024/1', 4.96, 'reprovado', 18);
INSERT INTO Historico_Aluno (id_aluno, id_disciplina, semestre, nota, situacao, id_professor) VALUES (89, 26, '2024/1', 2.5, 'reprovado', 18);
INSERT INTO Historico_Aluno (id_aluno, id_disciplina, semestre, nota, situacao, id_professor) VALUES (89, 2, '2024/1', 1.77, 'reprovado', 5);
INSERT INTO Historico_Aluno (id_aluno, id_disciplina, semestre, nota, situacao, id_professor) VALUES (89, 27, '2024/1', 2.36, 'reprovado', 5);
INSERT INTO Historico_Aluno (id_aluno, id_disciplina, semestre, nota, situacao, id_professor) VALUES (89, 23, '2024/1', 5.87, 'aprovado', 18);
INSERT INTO Historico_Aluno (id_aluno, id_disciplina, semestre, nota, situacao, id_professor) VALUES (89, 6, '2024/2', 9.98, 'aprovado', 18);
INSERT INTO Historico_Aluno (id_aluno, id_disciplina, semestre, nota, situacao, id_professor) VALUES (89, 29, '2024/2', 1.44, 'reprovado', 5);
INSERT INTO Historico_Aluno (id_aluno, id_disciplina, semestre, nota, situacao, id_professor) VALUES (89, 11, '2024/2', 9.62, 'aprovado', 18);
INSERT INTO Historico_Aluno (id_aluno, id_disciplina, semestre, nota, situacao, id_professor) VALUES (89, 17, '2024/2', 6.57, 'aprovado', 5);
INSERT INTO Historico_Aluno (id_aluno, id_disciplina, semestre, nota, situacao, id_professor) VALUES (89, 12, '2025/2', 8.85, 'aprovado', 18);
INSERT INTO Historico_Aluno (id_aluno, id_disciplina, semestre, nota, situacao, id_professor) VALUES (89, 25, '2025/2', 7.62, 'aprovado', 18);
INSERT INTO Historico_Aluno (id_aluno, id_disciplina, semestre, nota, situacao, id_professor) VALUES (89, 14, '2025/2', 9.62, 'aprovado', 18);
INSERT INTO Historico_Aluno (id_aluno, id_disciplina, semestre, nota, situacao, id_professor) VALUES (89, 24, '2025/2', 9.89, 'aprovado', 5);
INSERT INTO Historico_Aluno (id_aluno, id_disciplina, semestre, nota, situacao, id_professor) VALUES (89, 7, '2025/2', 7.82, 'aprovado', 9);
INSERT INTO Historico_Aluno (id_aluno, id_disciplina, semestre, nota, situacao, id_professor) VALUES (89, 13, '2025/2', 8.04, 'aprovado', 11);
INSERT INTO Historico_Aluno (id_aluno, id_disciplina, semestre, nota, situacao, id_professor) VALUES (89, 26, '2025/2', 7.07, 'aprovado', 16);
INSERT INTO Historico_Aluno (id_aluno, id_disciplina, semestre, nota, situacao, id_professor) VALUES (89, 2, '2025/2', 8.9, 'aprovado', 14);
INSERT INTO Historico_Aluno (id_aluno, id_disciplina, semestre, nota, situacao, id_professor) VALUES (89, 27, '2025/2', 9.06, 'aprovado', 4);
INSERT INTO Historico_Aluno (id_aluno, id_disciplina, semestre, nota, situacao, id_professor) VALUES (89, 29, '2025/2', 8.72, 'aprovado', 19);
INSERT INTO Historico_Aluno (id_aluno, id_disciplina, semestre, nota, situacao, id_professor) VALUES (90, 28, '2022/1', 6.29, 'aprovado', 14);
INSERT INTO Historico_Aluno (id_aluno, id_disciplina, semestre, nota, situacao, id_professor) VALUES (90, 7, '2022/1', 4.1, 'reprovado', 10);
INSERT INTO Historico_Aluno (id_aluno, id_disciplina, semestre, nota, situacao, id_professor) VALUES (90, 19, '2022/1', 0.18, 'reprovado', 11);
INSERT INTO Historico_Aluno (id_aluno, id_disciplina, semestre, nota, situacao, id_professor) VALUES (90, 17, '2022/1', 3.21, 'reprovado', 10);
INSERT INTO Historico_Aluno (id_aluno, id_disciplina, semestre, nota, situacao, id_professor) VALUES (90, 22, '2022/1', 6.03, 'aprovado', 10);
INSERT INTO Historico_Aluno (id_aluno, id_disciplina, semestre, nota, situacao, id_professor) VALUES (90, 26, '2022/1', 2.2, 'reprovado', 7);
INSERT INTO Historico_Aluno (id_aluno, id_disciplina, semestre, nota, situacao, id_professor) VALUES (90, 18, '2025/1', 9.11, 'aprovado', 2);
INSERT INTO Historico_Aluno (id_aluno, id_disciplina, semestre, nota, situacao, id_professor) VALUES (90, 17, '2025/1', 8.53, 'aprovado', 14);
INSERT INTO Historico_Aluno (id_aluno, id_disciplina, semestre, nota, situacao, id_professor) VALUES (90, 24, '2025/1', 0.36, 'reprovado', 2);
INSERT INTO Historico_Aluno (id_aluno, id_disciplina, semestre, nota, situacao, id_professor) VALUES (90, 10, '2025/1', 4.86, 'reprovado', 14);
INSERT INTO Historico_Aluno (id_aluno, id_disciplina, semestre, nota, situacao, id_professor) VALUES (90, 23, '2025/1', 3.51, 'reprovado', 14);
INSERT INTO Historico_Aluno (id_aluno, id_disciplina, semestre, nota, situacao, id_professor) VALUES (90, 7, '2025/1', 6.85, 'aprovado', 18);
INSERT INTO Historico_Aluno (id_aluno, id_disciplina, semestre, nota, situacao, id_professor) VALUES (90, 19, '2025/1', 5.18, 'aprovado', 5);
INSERT INTO Historico_Aluno (id_aluno, id_disciplina, semestre, nota, situacao, id_professor) VALUES (90, 26, '2025/1', 6.76, 'aprovado', 11);
INSERT INTO Historico_Aluno (id_aluno, id_disciplina, semestre, nota, situacao, id_professor) VALUES (91, 8, '2023/2', 4.22, 'reprovado', 8);
INSERT INTO Historico_Aluno (id_aluno, id_disciplina, semestre, nota, situacao, id_professor) VALUES (91, 11, '2023/2', 8.72, 'aprovado', 8);
INSERT INTO Historico_Aluno (id_aluno, id_disciplina, semestre, nota, situacao, id_professor) VALUES (91, 1, '2023/2', 5.97, 'aprovado', 6);
INSERT INTO Historico_Aluno (id_aluno, id_disciplina, semestre, nota, situacao, id_professor) VALUES (91, 19, '2023/2', 0.68, 'reprovado', 20);
INSERT INTO Historico_Aluno (id_aluno, id_disciplina, semestre, nota, situacao, id_professor) VALUES (91, 20, '2025/2', 4.42, 'reprovado', 8);
INSERT INTO Historico_Aluno (id_aluno, id_disciplina, semestre, nota, situacao, id_professor) VALUES (91, 18, '2025/2', 1.25, 'reprovado', 20);
INSERT INTO Historico_Aluno (id_aluno, id_disciplina, semestre, nota, situacao, id_professor) VALUES (91, 12, '2025/2', 0.14, 'reprovado', 20);
INSERT INTO Historico_Aluno (id_aluno, id_disciplina, semestre, nota, situacao, id_professor) VALUES (91, 17, '2025/2', 1.9, 'reprovado', 20);
INSERT INTO Historico_Aluno (id_aluno, id_disciplina, semestre, nota, situacao, id_professor) VALUES (91, 8, '2025/2', 9.79, 'aprovado', 15);
INSERT INTO Historico_Aluno (id_aluno, id_disciplina, semestre, nota, situacao, id_professor) VALUES (91, 19, '2025/2', 6.31, 'aprovado', 8);
INSERT INTO Historico_Aluno (id_aluno, id_disciplina, semestre, nota, situacao, id_professor) VALUES (92, 16, '2022/1', 3.09, 'reprovado', 15);
INSERT INTO Historico_Aluno (id_aluno, id_disciplina, semestre, nota, situacao, id_professor) VALUES (92, 21, '2022/1', 5.43, 'aprovado', 15);
INSERT INTO Historico_Aluno (id_aluno, id_disciplina, semestre, nota, situacao, id_professor) VALUES (92, 29, '2022/1', 5.52, 'aprovado', 15);
INSERT INTO Historico_Aluno (id_aluno, id_disciplina, semestre, nota, situacao, id_professor) VALUES (92, 26, '2022/1', 7.31, 'aprovado', 13);
INSERT INTO Historico_Aluno (id_aluno, id_disciplina, semestre, nota, situacao, id_professor) VALUES (92, 2, '2024/1', 7.42, 'aprovado', 9);
INSERT INTO Historico_Aluno (id_aluno, id_disciplina, semestre, nota, situacao, id_professor) VALUES (92, 1, '2024/1', 3.28, 'reprovado', 15);
INSERT INTO Historico_Aluno (id_aluno, id_disciplina, semestre, nota, situacao, id_professor) VALUES (92, 11, '2024/1', 2.98, 'reprovado', 16);
INSERT INTO Historico_Aluno (id_aluno, id_disciplina, semestre, nota, situacao, id_professor) VALUES (92, 7, '2024/1', 2.56, 'reprovado', 13);
INSERT INTO Historico_Aluno (id_aluno, id_disciplina, semestre, nota, situacao, id_professor) VALUES (92, 14, '2024/2', 1.19, 'reprovado', 15);
INSERT INTO Historico_Aluno (id_aluno, id_disciplina, semestre, nota, situacao, id_professor) VALUES (92, 23, '2024/2', 2.66, 'reprovado', 13);
INSERT INTO Historico_Aluno (id_aluno, id_disciplina, semestre, nota, situacao, id_professor) VALUES (92, 9, '2024/2', 0.4, 'reprovado', 16);
INSERT INTO Historico_Aluno (id_aluno, id_disciplina, semestre, nota, situacao, id_professor) VALUES (92, 20, '2024/2', 5.7, 'aprovado', 15);
INSERT INTO Historico_Aluno (id_aluno, id_disciplina, semestre, nota, situacao, id_professor) VALUES (92, 10, '2024/2', 6.5, 'aprovado', 15);
INSERT INTO Historico_Aluno (id_aluno, id_disciplina, semestre, nota, situacao, id_professor) VALUES (92, 9, '2025/2', 6.85, 'aprovado', 16);
INSERT INTO Historico_Aluno (id_aluno, id_disciplina, semestre, nota, situacao, id_professor) VALUES (92, 27, '2025/2', 1.89, 'reprovado', 16);
INSERT INTO Historico_Aluno (id_aluno, id_disciplina, semestre, nota, situacao, id_professor) VALUES (92, 6, '2025/2', 7.86, 'aprovado', 13);
INSERT INTO Historico_Aluno (id_aluno, id_disciplina, semestre, nota, situacao, id_professor) VALUES (92, 4, '2025/2', 3.9, 'reprovado', 13);
INSERT INTO Historico_Aluno (id_aluno, id_disciplina, semestre, nota, situacao, id_professor) VALUES (92, 23, '2025/2', 6.82, 'aprovado', 15);
INSERT INTO Historico_Aluno (id_aluno, id_disciplina, semestre, nota, situacao, id_professor) VALUES (92, 16, '2025/2', 9.5, 'aprovado', 15);
INSERT INTO Historico_Aluno (id_aluno, id_disciplina, semestre, nota, situacao, id_professor) VALUES (92, 1, '2025/2', 9.44, 'aprovado', 2);
INSERT INTO Historico_Aluno (id_aluno, id_disciplina, semestre, nota, situacao, id_professor) VALUES (92, 11, '2025/2', 5.9, 'aprovado', 9);
INSERT INTO Historico_Aluno (id_aluno, id_disciplina, semestre, nota, situacao, id_professor) VALUES (92, 7, '2025/2', 6.56, 'aprovado', 12);
INSERT INTO Historico_Aluno (id_aluno, id_disciplina, semestre, nota, situacao, id_professor) VALUES (92, 14, '2025/2', 7.47, 'aprovado', 20);
INSERT INTO Historico_Aluno (id_aluno, id_disciplina, semestre, nota, situacao, id_professor) VALUES (93, 21, '2022/2', 4.32, 'reprovado', 14);
INSERT INTO Historico_Aluno (id_aluno, id_disciplina, semestre, nota, situacao, id_professor) VALUES (93, 29, '2022/2', 5.98, 'aprovado', 2);
INSERT INTO Historico_Aluno (id_aluno, id_disciplina, semestre, nota, situacao, id_professor) VALUES (93, 15, '2022/2', 8.26, 'aprovado', 2);
INSERT INTO Historico_Aluno (id_aluno, id_disciplina, semestre, nota, situacao, id_professor) VALUES (93, 7, '2022/2', 4.23, 'reprovado', 7);
INSERT INTO Historico_Aluno (id_aluno, id_disciplina, semestre, nota, situacao, id_professor) VALUES (93, 10, '2022/2', 7.57, 'aprovado', 14);
INSERT INTO Historico_Aluno (id_aluno, id_disciplina, semestre, nota, situacao, id_professor) VALUES (93, 25, '2022/2', 6.88, 'aprovado', 10);
INSERT INTO Historico_Aluno (id_aluno, id_disciplina, semestre, nota, situacao, id_professor) VALUES (93, 23, '2025/1', 2.31, 'reprovado', 7);
INSERT INTO Historico_Aluno (id_aluno, id_disciplina, semestre, nota, situacao, id_professor) VALUES (93, 22, '2025/1', 3.3, 'reprovado', 2);
INSERT INTO Historico_Aluno (id_aluno, id_disciplina, semestre, nota, situacao, id_professor) VALUES (93, 16, '2025/1', 8.74, 'aprovado', 10);
INSERT INTO Historico_Aluno (id_aluno, id_disciplina, semestre, nota, situacao, id_professor) VALUES (93, 28, '2025/1', 9.35, 'aprovado', 11);
INSERT INTO Historico_Aluno (id_aluno, id_disciplina, semestre, nota, situacao, id_professor) VALUES (93, 4, '2025/1', 8.41, 'aprovado', 11);
INSERT INTO Historico_Aluno (id_aluno, id_disciplina, semestre, nota, situacao, id_professor) VALUES (93, 7, '2025/1', 5.92, 'aprovado', 10);
INSERT INTO Historico_Aluno (id_aluno, id_disciplina, semestre, nota, situacao, id_professor) VALUES (93, 21, '2025/1', 9.16, 'aprovado', 20);
INSERT INTO Historico_Aluno (id_aluno, id_disciplina, semestre, nota, situacao, id_professor) VALUES (94, 25, '2022/1', 5.7, 'aprovado', 13);
INSERT INTO Historico_Aluno (id_aluno, id_disciplina, semestre, nota, situacao, id_professor) VALUES (94, 4, '2022/1', 7.97, 'aprovado', 16);
INSERT INTO Historico_Aluno (id_aluno, id_disciplina, semestre, nota, situacao, id_professor) VALUES (94, 12, '2022/1', 1.69, 'reprovado', 15);
INSERT INTO Historico_Aluno (id_aluno, id_disciplina, semestre, nota, situacao, id_professor) VALUES (94, 9, '2022/1', 6.91, 'aprovado', 16);
INSERT INTO Historico_Aluno (id_aluno, id_disciplina, semestre, nota, situacao, id_professor) VALUES (94, 5, '2023/1', 8.51, 'aprovado', 9);
INSERT INTO Historico_Aluno (id_aluno, id_disciplina, semestre, nota, situacao, id_professor) VALUES (94, 26, '2023/1', 7.89, 'aprovado', 16);
INSERT INTO Historico_Aluno (id_aluno, id_disciplina, semestre, nota, situacao, id_professor) VALUES (94, 1, '2023/1', 6.72, 'aprovado', 13);
INSERT INTO Historico_Aluno (id_aluno, id_disciplina, semestre, nota, situacao, id_professor) VALUES (94, 16, '2023/1', 2.19, 'reprovado', 16);
INSERT INTO Historico_Aluno (id_aluno, id_disciplina, semestre, nota, situacao, id_professor) VALUES (94, 17, '2023/1', 1.47, 'reprovado', 13);
INSERT INTO Historico_Aluno (id_aluno, id_disciplina, semestre, nota, situacao, id_professor) VALUES (94, 12, '2023/1', 6.26, 'aprovado', 16);
INSERT INTO Historico_Aluno (id_aluno, id_disciplina, semestre, nota, situacao, id_professor) VALUES (95, 16, '2022/1', 6.07, 'aprovado', 17);
INSERT INTO Historico_Aluno (id_aluno, id_disciplina, semestre, nota, situacao, id_professor) VALUES (95, 13, '2022/1', 5.84, 'aprovado', 19);
INSERT INTO Historico_Aluno (id_aluno, id_disciplina, semestre, nota, situacao, id_professor) VALUES (95, 6, '2022/1', 0.71, 'reprovado', 12);
INSERT INTO Historico_Aluno (id_aluno, id_disciplina, semestre, nota, situacao, id_professor) VALUES (95, 10, '2022/1', 2.2, 'reprovado', 4);
INSERT INTO Historico_Aluno (id_aluno, id_disciplina, semestre, nota, situacao, id_professor) VALUES (95, 24, '2022/1', 1.07, 'reprovado', 4);
INSERT INTO Historico_Aluno (id_aluno, id_disciplina, semestre, nota, situacao, id_professor) VALUES (95, 21, '2022/1', 8.46, 'aprovado', 4);
INSERT INTO Historico_Aluno (id_aluno, id_disciplina, semestre, nota, situacao, id_professor) VALUES (95, 4, '2024/1', 8.37, 'aprovado', 17);
INSERT INTO Historico_Aluno (id_aluno, id_disciplina, semestre, nota, situacao, id_professor) VALUES (95, 5, '2024/1', 3.55, 'reprovado', 19);
INSERT INTO Historico_Aluno (id_aluno, id_disciplina, semestre, nota, situacao, id_professor) VALUES (95, 15, '2024/1', 3.95, 'reprovado', 12);
INSERT INTO Historico_Aluno (id_aluno, id_disciplina, semestre, nota, situacao, id_professor) VALUES (95, 14, '2024/1', 9.02, 'aprovado', 4);
INSERT INTO Historico_Aluno (id_aluno, id_disciplina, semestre, nota, situacao, id_professor) VALUES (95, 22, '2024/1', 4.13, 'reprovado', 12);
INSERT INTO Historico_Aluno (id_aluno, id_disciplina, semestre, nota, situacao, id_professor) VALUES (95, 1, '2025/1', 8.93, 'aprovado', 12);
INSERT INTO Historico_Aluno (id_aluno, id_disciplina, semestre, nota, situacao, id_professor) VALUES (95, 15, '2025/1', 9.95, 'aprovado', 19);
INSERT INTO Historico_Aluno (id_aluno, id_disciplina, semestre, nota, situacao, id_professor) VALUES (95, 5, '2025/1', 7.11, 'aprovado', 17);
INSERT INTO Historico_Aluno (id_aluno, id_disciplina, semestre, nota, situacao, id_professor) VALUES (95, 26, '2025/1', 6.83, 'aprovado', 4);
INSERT INTO Historico_Aluno (id_aluno, id_disciplina, semestre, nota, situacao, id_professor) VALUES (95, 10, '2025/1', 5.4, 'aprovado', 4);
INSERT INTO Historico_Aluno (id_aluno, id_disciplina, semestre, nota, situacao, id_professor) VALUES (95, 6, '2025/1', 8.3, 'aprovado', 15);
INSERT INTO Historico_Aluno (id_aluno, id_disciplina, semestre, nota, situacao, id_professor) VALUES (95, 24, '2025/1', 7.48, 'aprovado', 3);
INSERT INTO Historico_Aluno (id_aluno, id_disciplina, semestre, nota, situacao, id_professor) VALUES (95, 22, '2025/1', 9.82, 'aprovado', 1);
INSERT INTO Historico_Aluno (id_aluno, id_disciplina, semestre, nota, situacao, id_professor) VALUES (96, 10, '2022/1', 6.34, 'aprovado', 7);
INSERT INTO Historico_Aluno (id_aluno, id_disciplina, semestre, nota, situacao, id_professor) VALUES (96, 4, '2022/1', 4.57, 'reprovado', 11);
INSERT INTO Historico_Aluno (id_aluno, id_disciplina, semestre, nota, situacao, id_professor) VALUES (96, 17, '2022/1', 6.52, 'aprovado', 11);
INSERT INTO Historico_Aluno (id_aluno, id_disciplina, semestre, nota, situacao, id_professor) VALUES (96, 24, '2022/1', 5.41, 'aprovado', 14);
INSERT INTO Historico_Aluno (id_aluno, id_disciplina, semestre, nota, situacao, id_professor) VALUES (96, 21, '2023/1', 6.33, 'aprovado', 14);
INSERT INTO Historico_Aluno (id_aluno, id_disciplina, semestre, nota, situacao, id_professor) VALUES (96, 28, '2023/1', 0.88, 'reprovado', 2);
INSERT INTO Historico_Aluno (id_aluno, id_disciplina, semestre, nota, situacao, id_professor) VALUES (96, 27, '2023/1', 3.4, 'reprovado', 11);
INSERT INTO Historico_Aluno (id_aluno, id_disciplina, semestre, nota, situacao, id_professor) VALUES (96, 1, '2023/1', 0.02, 'reprovado', 7);
INSERT INTO Historico_Aluno (id_aluno, id_disciplina, semestre, nota, situacao, id_professor) VALUES (96, 26, '2023/1', 4.67, 'reprovado', 2);
INSERT INTO Historico_Aluno (id_aluno, id_disciplina, semestre, nota, situacao, id_professor) VALUES (96, 23, '2023/1', 1.31, 'reprovado', 10);
INSERT INTO Historico_Aluno (id_aluno, id_disciplina, semestre, nota, situacao, id_professor) VALUES (96, 25, '2025/1', 3.58, 'reprovado', 14);
INSERT INTO Historico_Aluno (id_aluno, id_disciplina, semestre, nota, situacao, id_professor) VALUES (96, 4, '2025/1', 8.85, 'aprovado', 10);
INSERT INTO Historico_Aluno (id_aluno, id_disciplina, semestre, nota, situacao, id_professor) VALUES (96, 22, '2025/1', 5.29, 'aprovado', 7);
INSERT INTO Historico_Aluno (id_aluno, id_disciplina, semestre, nota, situacao, id_professor) VALUES (96, 12, '2025/1', 3.12, 'reprovado', 10);
INSERT INTO Historico_Aluno (id_aluno, id_disciplina, semestre, nota, situacao, id_professor) VALUES (96, 18, '2025/1', 0.17, 'reprovado', 7);
INSERT INTO Historico_Aluno (id_aluno, id_disciplina, semestre, nota, situacao, id_professor) VALUES (96, 28, '2025/1', 8.89, 'aprovado', 1);
INSERT INTO Historico_Aluno (id_aluno, id_disciplina, semestre, nota, situacao, id_professor) VALUES (96, 27, '2025/1', 7.17, 'aprovado', 14);
INSERT INTO Historico_Aluno (id_aluno, id_disciplina, semestre, nota, situacao, id_professor) VALUES (96, 1, '2025/1', 7.74, 'aprovado', 20);
INSERT INTO Historico_Aluno (id_aluno, id_disciplina, semestre, nota, situacao, id_professor) VALUES (96, 26, '2025/1', 7.69, 'aprovado', 18);
INSERT INTO Historico_Aluno (id_aluno, id_disciplina, semestre, nota, situacao, id_professor) VALUES (96, 23, '2025/1', 9.98, 'aprovado', 3);
INSERT INTO Historico_Aluno (id_aluno, id_disciplina, semestre, nota, situacao, id_professor) VALUES (97, 1, '2022/1', 9.08, 'aprovado', 16);
INSERT INTO Historico_Aluno (id_aluno, id_disciplina, semestre, nota, situacao, id_professor) VALUES (97, 27, '2022/1', 3.92, 'reprovado', 13);
INSERT INTO Historico_Aluno (id_aluno, id_disciplina, semestre, nota, situacao, id_professor) VALUES (97, 5, '2022/1', 3.13, 'reprovado', 15);
INSERT INTO Historico_Aluno (id_aluno, id_disciplina, semestre, nota, situacao, id_professor) VALUES (97, 9, '2022/1', 5.62, 'aprovado', 9);
INSERT INTO Historico_Aluno (id_aluno, id_disciplina, semestre, nota, situacao, id_professor) VALUES (97, 13, '2023/1', 2.05, 'reprovado', 9);
INSERT INTO Historico_Aluno (id_aluno, id_disciplina, semestre, nota, situacao, id_professor) VALUES (97, 23, '2023/1', 8.12, 'aprovado', 9);
INSERT INTO Historico_Aluno (id_aluno, id_disciplina, semestre, nota, situacao, id_professor) VALUES (97, 7, '2023/1', 2.92, 'reprovado', 9);
INSERT INTO Historico_Aluno (id_aluno, id_disciplina, semestre, nota, situacao, id_professor) VALUES (97, 18, '2023/1', 2.25, 'reprovado', 9);
INSERT INTO Historico_Aluno (id_aluno, id_disciplina, semestre, nota, situacao, id_professor) VALUES (97, 27, '2023/1', 9.76, 'aprovado', 16);
INSERT INTO Historico_Aluno (id_aluno, id_disciplina, semestre, nota, situacao, id_professor) VALUES (97, 5, '2023/1', 6.75, 'aprovado', 20);
INSERT INTO Historico_Aluno (id_aluno, id_disciplina, semestre, nota, situacao, id_professor) VALUES (98, 17, '2023/2', 3.57, 'reprovado', 17);
INSERT INTO Historico_Aluno (id_aluno, id_disciplina, semestre, nota, situacao, id_professor) VALUES (98, 4, '2023/2', 1.54, 'reprovado', 12);
INSERT INTO Historico_Aluno (id_aluno, id_disciplina, semestre, nota, situacao, id_professor) VALUES (98, 18, '2023/2', 0.02, 'reprovado', 12);
INSERT INTO Historico_Aluno (id_aluno, id_disciplina, semestre, nota, situacao, id_professor) VALUES (98, 5, '2023/2', 4.08, 'reprovado', 19);
INSERT INTO Historico_Aluno (id_aluno, id_disciplina, semestre, nota, situacao, id_professor) VALUES (98, 10, '2023/2', 7.88, 'aprovado', 4);
INSERT INTO Historico_Aluno (id_aluno, id_disciplina, semestre, nota, situacao, id_professor) VALUES (98, 4, '2025/1', 8.07, 'aprovado', 3);
INSERT INTO Historico_Aluno (id_aluno, id_disciplina, semestre, nota, situacao, id_professor) VALUES (98, 26, '2025/1', 4.59, 'reprovado', 3);
INSERT INTO Historico_Aluno (id_aluno, id_disciplina, semestre, nota, situacao, id_professor) VALUES (98, 9, '2025/1', 7.33, 'aprovado', 3);
INSERT INTO Historico_Aluno (id_aluno, id_disciplina, semestre, nota, situacao, id_professor) VALUES (98, 22, '2025/1', 1.07, 'reprovado', 3);
INSERT INTO Historico_Aluno (id_aluno, id_disciplina, semestre, nota, situacao, id_professor) VALUES (98, 20, '2025/2', 8.69, 'aprovado', 3);
INSERT INTO Historico_Aluno (id_aluno, id_disciplina, semestre, nota, situacao, id_professor) VALUES (98, 2, '2025/2', 7.38, 'aprovado', 12);
INSERT INTO Historico_Aluno (id_aluno, id_disciplina, semestre, nota, situacao, id_professor) VALUES (98, 21, '2025/2', 2.57, 'reprovado', 3);
INSERT INTO Historico_Aluno (id_aluno, id_disciplina, semestre, nota, situacao, id_professor) VALUES (98, 25, '2025/2', 2.37, 'reprovado', 3);
INSERT INTO Historico_Aluno (id_aluno, id_disciplina, semestre, nota, situacao, id_professor) VALUES (98, 26, '2025/2', 9.98, 'aprovado', 17);
INSERT INTO Historico_Aluno (id_aluno, id_disciplina, semestre, nota, situacao, id_professor) VALUES (98, 22, '2025/2', 6.99, 'aprovado', 4);
INSERT INTO Historico_Aluno (id_aluno, id_disciplina, semestre, nota, situacao, id_professor) VALUES (98, 17, '2025/2', 6.11, 'aprovado', 10);
INSERT INTO Historico_Aluno (id_aluno, id_disciplina, semestre, nota, situacao, id_professor) VALUES (98, 18, '2025/2', 6.56, 'aprovado', 11);
INSERT INTO Historico_Aluno (id_aluno, id_disciplina, semestre, nota, situacao, id_professor) VALUES (98, 5, '2025/2', 8.96, 'aprovado', 4);
INSERT INTO Historico_Aluno (id_aluno, id_disciplina, semestre, nota, situacao, id_professor) VALUES (99, 3, '2023/1', 0.13, 'reprovado', 18);
INSERT INTO Historico_Aluno (id_aluno, id_disciplina, semestre, nota, situacao, id_professor) VALUES (99, 9, '2023/1', 2.26, 'reprovado', 18);
INSERT INTO Historico_Aluno (id_aluno, id_disciplina, semestre, nota, situacao, id_professor) VALUES (99, 8, '2023/1', 5.0, 'aprovado', 18);
INSERT INTO Historico_Aluno (id_aluno, id_disciplina, semestre, nota, situacao, id_professor) VALUES (99, 17, '2023/1', 4.92, 'reprovado', 5);
INSERT INTO Historico_Aluno (id_aluno, id_disciplina, semestre, nota, situacao, id_professor) VALUES (99, 23, '2023/2', 8.29, 'aprovado', 18);
INSERT INTO Historico_Aluno (id_aluno, id_disciplina, semestre, nota, situacao, id_professor) VALUES (99, 26, '2023/2', 1.32, 'reprovado', 5);
INSERT INTO Historico_Aluno (id_aluno, id_disciplina, semestre, nota, situacao, id_professor) VALUES (99, 6, '2023/2', 3.61, 'reprovado', 5);
INSERT INTO Historico_Aluno (id_aluno, id_disciplina, semestre, nota, situacao, id_professor) VALUES (99, 24, '2023/2', 2.6, 'reprovado', 18);
INSERT INTO Historico_Aluno (id_aluno, id_disciplina, semestre, nota, situacao, id_professor) VALUES (99, 2, '2025/1', 7.55, 'aprovado', 18);
INSERT INTO Historico_Aluno (id_aluno, id_disciplina, semestre, nota, situacao, id_professor) VALUES (99, 10, '2025/1', 4.12, 'reprovado', 18);
INSERT INTO Historico_Aluno (id_aluno, id_disciplina, semestre, nota, situacao, id_professor) VALUES (99, 28, '2025/1', 4.71, 'reprovado', 18);
INSERT INTO Historico_Aluno (id_aluno, id_disciplina, semestre, nota, situacao, id_professor) VALUES (99, 13, '2025/1', 3.81, 'reprovado', 18);
INSERT INTO Historico_Aluno (id_aluno, id_disciplina, semestre, nota, situacao, id_professor) VALUES (99, 5, '2025/1', 2.16, 'reprovado', 18);
INSERT INTO Historico_Aluno (id_aluno, id_disciplina, semestre, nota, situacao, id_professor) VALUES (99, 12, '2025/2', 8.22, 'aprovado', 5);
INSERT INTO Historico_Aluno (id_aluno, id_disciplina, semestre, nota, situacao, id_professor) VALUES (99, 14, '2025/2', 0.8, 'reprovado', 5);
INSERT INTO Historico_Aluno (id_aluno, id_disciplina, semestre, nota, situacao, id_professor) VALUES (99, 30, '2025/2', 1.22, 'reprovado', 5);
INSERT INTO Historico_Aluno (id_aluno, id_disciplina, semestre, nota, situacao, id_professor) VALUES (99, 28, '2025/2', 9.32, 'aprovado', 5);
INSERT INTO Historico_Aluno (id_aluno, id_disciplina, semestre, nota, situacao, id_professor) VALUES (99, 20, '2025/2', 3.9, 'reprovado', 5);
INSERT INTO Historico_Aluno (id_aluno, id_disciplina, semestre, nota, situacao, id_professor) VALUES (99, 3, '2025/2', 9.99, 'aprovado', 17);
INSERT INTO Historico_Aluno (id_aluno, id_disciplina, semestre, nota, situacao, id_professor) VALUES (99, 9, '2025/2', 8.61, 'aprovado', 8);
INSERT INTO Historico_Aluno (id_aluno, id_disciplina, semestre, nota, situacao, id_professor) VALUES (99, 17, '2025/2', 5.97, 'aprovado', 7);
INSERT INTO Historico_Aluno (id_aluno, id_disciplina, semestre, nota, situacao, id_professor) VALUES (99, 26, '2025/2', 5.72, 'aprovado', 9);
INSERT INTO Historico_Aluno (id_aluno, id_disciplina, semestre, nota, situacao, id_professor) VALUES (99, 6, '2025/2', 7.62, 'aprovado', 5);
INSERT INTO Historico_Aluno (id_aluno, id_disciplina, semestre, nota, situacao, id_professor) VALUES (99, 24, '2025/2', 7.03, 'aprovado', 4);
INSERT INTO Historico_Aluno (id_aluno, id_disciplina, semestre, nota, situacao, id_professor) VALUES (99, 10, '2025/2', 9.13, 'aprovado', 14);
INSERT INTO Historico_Aluno (id_aluno, id_disciplina, semestre, nota, situacao, id_professor) VALUES (99, 13, '2025/2', 5.27, 'aprovado', 4);
INSERT INTO Historico_Aluno (id_aluno, id_disciplina, semestre, nota, situacao, id_professor) VALUES (99, 5, '2025/2', 7.84, 'aprovado', 5);
INSERT INTO Historico_Aluno (id_aluno, id_disciplina, semestre, nota, situacao, id_professor) VALUES (100, 9, '2022/2', 3.54, 'reprovado', 14);
INSERT INTO Historico_Aluno (id_aluno, id_disciplina, semestre, nota, situacao, id_professor) VALUES (100, 15, '2022/2', 6.79, 'aprovado', 10);
INSERT INTO Historico_Aluno (id_aluno, id_disciplina, semestre, nota, situacao, id_professor) VALUES (100, 6, '2022/2', 2.74, 'reprovado', 11);
INSERT INTO Historico_Aluno (id_aluno, id_disciplina, semestre, nota, situacao, id_professor) VALUES (100, 22, '2022/2', 6.0, 'aprovado', 7);
INSERT INTO Historico_Aluno (id_aluno, id_disciplina, semestre, nota, situacao, id_professor) VALUES (100, 21, '2022/2', 5.58, 'aprovado', 10);
INSERT INTO Historico_Aluno (id_aluno, id_disciplina, semestre, nota, situacao, id_professor) VALUES (100, 1, '2023/2', 4.19, 'reprovado', 2);
INSERT INTO Historico_Aluno (id_aluno, id_disciplina, semestre, nota, situacao, id_professor) VALUES (100, 16, '2023/2', 5.66, 'aprovado', 7);
INSERT INTO Historico_Aluno (id_aluno, id_disciplina, semestre, nota, situacao, id_professor) VALUES (100, 24, '2023/2', 6.59, 'aprovado', 7);
INSERT INTO Historico_Aluno (id_aluno, id_disciplina, semestre, nota, situacao, id_professor) VALUES (100, 25, '2023/2', 6.88, 'aprovado', 7);
INSERT INTO Historico_Aluno (id_aluno, id_disciplina, semestre, nota, situacao, id_professor) VALUES (100, 28, '2023/2', 3.53, 'reprovado', 2);
INSERT INTO Historico_Aluno (id_aluno, id_disciplina, semestre, nota, situacao, id_professor) VALUES (100, 27, '2023/2', 2.19, 'reprovado', 7);
INSERT INTO Historico_Aluno (id_aluno, id_disciplina, semestre, nota, situacao, id_professor) VALUES (100, 17, '2025/1', 1.67, 'reprovado', 7);
INSERT INTO Historico_Aluno (id_aluno, id_disciplina, semestre, nota, situacao, id_professor) VALUES (100, 10, '2025/1', 9.45, 'aprovado', 10);
INSERT INTO Historico_Aluno (id_aluno, id_disciplina, semestre, nota, situacao, id_professor) VALUES (100, 3, '2025/1', 2.56, 'reprovado', 2);
INSERT INTO Historico_Aluno (id_aluno, id_disciplina, semestre, nota, situacao, id_professor) VALUES (100, 18, '2025/1', 1.44, 'reprovado', 2);
INSERT INTO Historico_Aluno (id_aluno, id_disciplina, semestre, nota, situacao, id_professor) VALUES (100, 11, '2025/1', 1.32, 'reprovado', 7);
INSERT INTO Historico_Aluno (id_aluno, id_disciplina, semestre, nota, situacao, id_professor) VALUES (100, 20, '2025/1', 5.49, 'aprovado', 10);
INSERT INTO Historico_Aluno (id_aluno, id_disciplina, semestre, nota, situacao, id_professor) VALUES (100, 9, '2025/1', 5.36, 'aprovado', 4);
INSERT INTO Historico_Aluno (id_aluno, id_disciplina, semestre, nota, situacao, id_professor) VALUES (100, 6, '2025/1', 9.84, 'aprovado', 12);
INSERT INTO Historico_Aluno (id_aluno, id_disciplina, semestre, nota, situacao, id_professor) VALUES (100, 1, '2025/1', 5.42, 'aprovado', 3);
INSERT INTO Historico_Aluno (id_aluno, id_disciplina, semestre, nota, situacao, id_professor) VALUES (100, 28, '2025/1', 8.15, 'aprovado', 7);
INSERT INTO Historico_Aluno (id_aluno, id_disciplina, semestre, nota, situacao, id_professor) VALUES (100, 27, '2025/1', 9.06, 'aprovado', 2);
INSERT INTO TCC (id_tcc, titulo, id_orientador) VALUES (1, 'Temporibus velit natus nam assumenda blanditiis.', 19);
INSERT INTO TCC (id_tcc, titulo, id_orientador) VALUES (2, 'Consectetur tempore dolorum.', 11);
INSERT INTO TCC (id_tcc, titulo, id_orientador) VALUES (3, 'Soluta consequatur voluptatem voluptates quia soluta ipsum odit.', 19);
INSERT INTO TCC (id_tcc, titulo, id_orientador) VALUES (4, 'Labore doloremque dolorem ducimus.', 14);
INSERT INTO TCC (id_tcc, titulo, id_orientador) VALUES (5, 'Dicta neque aliquam cum occaecati.', 12);
INSERT INTO TCC (id_tcc, titulo, id_orientador) VALUES (6, 'Quod officiis pariatur laborum.', 4);
INSERT INTO TCC (id_tcc, titulo, id_orientador) VALUES (7, 'Dignissimos vero natus aliquid sequi distinctio.', 3);
INSERT INTO TCC (id_tcc, titulo, id_orientador) VALUES (8, 'Sed nobis ducimus saepe magnam fuga.', 15);
INSERT INTO TCC (id_tcc, titulo, id_orientador) VALUES (9, 'Adipisci quia explicabo.', 8);
INSERT INTO TCC (id_tcc, titulo, id_orientador) VALUES (10, 'Harum ratione doloremque officiis.', 12);
INSERT INTO TCC (id_tcc, titulo, id_orientador) VALUES (11, 'Amet nihil placeat ipsam.', 19);
INSERT INTO TCC (id_tcc, titulo, id_orientador) VALUES (12, 'Laudantium beatae voluptate dolor.', 4);
INSERT INTO TCC (id_tcc, titulo, id_orientador) VALUES (13, 'Praesentium culpa aperiam ratione nisi qui dolores labore.', 9);
INSERT INTO TCC (id_tcc, titulo, id_orientador) VALUES (14, 'Illo fuga eum quasi nostrum.', 18);
INSERT INTO TCC (id_tcc, titulo, id_orientador) VALUES (15, 'Nemo temporibus ratione culpa quisquam.', 20);
INSERT INTO TCC (id_tcc, titulo, id_orientador) VALUES (16, 'Nihil excepturi praesentium nam minus fugiat ea.', 13);
INSERT INTO TCC (id_tcc, titulo, id_orientador) VALUES (17, 'Sed pariatur cumque iure temporibus.', 1);
INSERT INTO TCC (id_tcc, titulo, id_orientador) VALUES (18, 'Vel praesentium veritatis libero nesciunt.', 15);
INSERT INTO TCC (id_tcc, titulo, id_orientador) VALUES (19, 'Itaque amet voluptatem ducimus.', 14);
INSERT INTO TCC (id_tcc, titulo, id_orientador) VALUES (20, 'Quos vero excepturi inventore nostrum.', 9);
INSERT INTO Aluno_TCC (id_tcc, id_aluno) VALUES (1, 91);
INSERT INTO Aluno_TCC (id_tcc, id_aluno) VALUES (1, 33);
INSERT INTO Aluno_TCC (id_tcc, id_aluno) VALUES (1, 97);
INSERT INTO Aluno_TCC (id_tcc, id_aluno) VALUES (1, 98);
INSERT INTO Aluno_TCC (id_tcc, id_aluno) VALUES (2, 99);
INSERT INTO Aluno_TCC (id_tcc, id_aluno) VALUES (2, 77);
INSERT INTO Aluno_TCC (id_tcc, id_aluno) VALUES (3, 83);
INSERT INTO Aluno_TCC (id_tcc, id_aluno) VALUES (3, 66);
INSERT INTO Aluno_TCC (id_tcc, id_aluno) VALUES (4, 75);
INSERT INTO Aluno_TCC (id_tcc, id_aluno) VALUES (4, 52);
INSERT INTO Aluno_TCC (id_tcc, id_aluno) VALUES (4, 41);
INSERT INTO Aluno_TCC (id_tcc, id_aluno) VALUES (4, 15);
INSERT INTO Aluno_TCC (id_tcc, id_aluno) VALUES (4, 64);
INSERT INTO Aluno_TCC (id_tcc, id_aluno) VALUES (5, 11);
INSERT INTO Aluno_TCC (id_tcc, id_aluno) VALUES (5, 68);
INSERT INTO Aluno_TCC (id_tcc, id_aluno) VALUES (5, 56);
INSERT INTO Aluno_TCC (id_tcc, id_aluno) VALUES (5, 90);
INSERT INTO Aluno_TCC (id_tcc, id_aluno) VALUES (5, 63);
INSERT INTO Aluno_TCC (id_tcc, id_aluno) VALUES (6, 9);
INSERT INTO Aluno_TCC (id_tcc, id_aluno) VALUES (7, 39);
INSERT INTO Aluno_TCC (id_tcc, id_aluno) VALUES (8, 61);
INSERT INTO Aluno_TCC (id_tcc, id_aluno) VALUES (8, 95);
INSERT INTO Aluno_TCC (id_tcc, id_aluno) VALUES (8, 24);
INSERT INTO Aluno_TCC (id_tcc, id_aluno) VALUES (9, 59);
INSERT INTO Aluno_TCC (id_tcc, id_aluno) VALUES (9, 82);
INSERT INTO Aluno_TCC (id_tcc, id_aluno) VALUES (9, 53);
INSERT INTO Aluno_TCC (id_tcc, id_aluno) VALUES (9, 6);
INSERT INTO Aluno_TCC (id_tcc, id_aluno) VALUES (10, 45);
INSERT INTO Aluno_TCC (id_tcc, id_aluno) VALUES (11, 21);
INSERT INTO Aluno_TCC (id_tcc, id_aluno) VALUES (11, 55);
INSERT INTO Aluno_TCC (id_tcc, id_aluno) VALUES (11, 22);
INSERT INTO Aluno_TCC (id_tcc, id_aluno) VALUES (11, 51);
INSERT INTO Aluno_TCC (id_tcc, id_aluno) VALUES (11, 87);
INSERT INTO Aluno_TCC (id_tcc, id_aluno) VALUES (12, 17);
INSERT INTO Aluno_TCC (id_tcc, id_aluno) VALUES (12, 25);
INSERT INTO Aluno_TCC (id_tcc, id_aluno) VALUES (12, 16);
INSERT INTO Aluno_TCC (id_tcc, id_aluno) VALUES (12, 47);
INSERT INTO Aluno_TCC (id_tcc, id_aluno) VALUES (12, 48);
INSERT INTO Aluno_TCC (id_tcc, id_aluno) VALUES (13, 3);
INSERT INTO Aluno_TCC (id_tcc, id_aluno) VALUES (13, 54);
INSERT INTO Aluno_TCC (id_tcc, id_aluno) VALUES (14, 42);
INSERT INTO Aluno_TCC (id_tcc, id_aluno) VALUES (14, 78);
INSERT INTO Aluno_TCC (id_tcc, id_aluno) VALUES (14, 84);
INSERT INTO Aluno_TCC (id_tcc, id_aluno) VALUES (15, 2);
INSERT INTO Aluno_TCC (id_tcc, id_aluno) VALUES (15, 37);
INSERT INTO Aluno_TCC (id_tcc, id_aluno) VALUES (15, 43);
INSERT INTO Aluno_TCC (id_tcc, id_aluno) VALUES (15, 49);
INSERT INTO Aluno_TCC (id_tcc, id_aluno) VALUES (15, 26);
INSERT INTO Aluno_TCC (id_tcc, id_aluno) VALUES (16, 100);
INSERT INTO Aluno_TCC (id_tcc, id_aluno) VALUES (17, 28);
INSERT INTO Aluno_TCC (id_tcc, id_aluno) VALUES (17, 67);
INSERT INTO Aluno_TCC (id_tcc, id_aluno) VALUES (17, 12);
INSERT INTO Aluno_TCC (id_tcc, id_aluno) VALUES (17, 40);
INSERT INTO Aluno_TCC (id_tcc, id_aluno) VALUES (17, 89);
INSERT INTO Aluno_TCC (id_tcc, id_aluno) VALUES (18, 14);
INSERT INTO Aluno_TCC (id_tcc, id_aluno) VALUES (18, 70);
INSERT INTO Aluno_TCC (id_tcc, id_aluno) VALUES (18, 18);
INSERT INTO Aluno_TCC (id_tcc, id_aluno) VALUES (18, 69);
INSERT INTO Aluno_TCC (id_tcc, id_aluno) VALUES (19, 65);
INSERT INTO Aluno_TCC (id_tcc, id_aluno) VALUES (19, 35);
INSERT INTO Aluno_TCC (id_tcc, id_aluno) VALUES (19, 60);
INSERT INTO Aluno_TCC (id_tcc, id_aluno) VALUES (19, 76);
INSERT INTO Aluno_TCC (id_tcc, id_aluno) VALUES (20, 13);
INSERT INTO Aluno_TCC (id_tcc, id_aluno) VALUES (20, 36);
INSERT INTO Aluno_TCC (id_tcc, id_aluno) VALUES (20, 27);
INSERT INTO Aluno_TCC (id_tcc, id_aluno) VALUES (20, 72);
INSERT INTO Aluno_TCC (id_tcc, id_aluno) VALUES (20, 44);
INSERT INTO Grade_Curso (id_curso, id_disciplina) VALUES (1, 14);
INSERT INTO Grade_Curso (id_curso, id_disciplina) VALUES (1, 15);
INSERT INTO Grade_Curso (id_curso, id_disciplina) VALUES (1, 16);
INSERT INTO Grade_Curso (id_curso, id_disciplina) VALUES (1, 30);
INSERT INTO Grade_Curso (id_curso, id_disciplina) VALUES (1, 28);
INSERT INTO Grade_Curso (id_curso, id_disciplina) VALUES (1, 19);
INSERT INTO Grade_Curso (id_curso, id_disciplina) VALUES (1, 9);
INSERT INTO Grade_Curso (id_curso, id_disciplina) VALUES (1, 8);
INSERT INTO Grade_Curso (id_curso, id_disciplina) VALUES (1, 12);
INSERT INTO Grade_Curso (id_curso, id_disciplina) VALUES (2, 18);
INSERT INTO Grade_Curso (id_curso, id_disciplina) VALUES (2, 11);
INSERT INTO Grade_Curso (id_curso, id_disciplina) VALUES (2, 19);
INSERT INTO Grade_Curso (id_curso, id_disciplina) VALUES (2, 7);
INSERT INTO Grade_Curso (id_curso, id_disciplina) VALUES (2, 8);
INSERT INTO Grade_Curso (id_curso, id_disciplina) VALUES (2, 27);
INSERT INTO Grade_Curso (id_curso, id_disciplina) VALUES (2, 3);
INSERT INTO Grade_Curso (id_curso, id_disciplina) VALUES (2, 15);
INSERT INTO Grade_Curso (id_curso, id_disciplina) VALUES (2, 26);
INSERT INTO Grade_Curso (id_curso, id_disciplina) VALUES (2, 23);
INSERT INTO Grade_Curso (id_curso, id_disciplina) VALUES (2, 24);
INSERT INTO Grade_Curso (id_curso, id_disciplina) VALUES (3, 6);
INSERT INTO Grade_Curso (id_curso, id_disciplina) VALUES (3, 15);
INSERT INTO Grade_Curso (id_curso, id_disciplina) VALUES (3, 9);
INSERT INTO Grade_Curso (id_curso, id_disciplina) VALUES (3, 30);
INSERT INTO Grade_Curso (id_curso, id_disciplina) VALUES (3, 11);
INSERT INTO Grade_Curso (id_curso, id_disciplina) VALUES (3, 28);
INSERT INTO Grade_Curso (id_curso, id_disciplina) VALUES (3, 26);
INSERT INTO Grade_Curso (id_curso, id_disciplina) VALUES (3, 14);
INSERT INTO Grade_Curso (id_curso, id_disciplina) VALUES (3, 24);
INSERT INTO Grade_Curso (id_curso, id_disciplina) VALUES (3, 27);
INSERT INTO Grade_Curso (id_curso, id_disciplina) VALUES (3, 7);
INSERT INTO Grade_Curso (id_curso, id_disciplina) VALUES (3, 29);
INSERT INTO Grade_Curso (id_curso, id_disciplina) VALUES (4, 5);
INSERT INTO Grade_Curso (id_curso, id_disciplina) VALUES (4, 30);
INSERT INTO Grade_Curso (id_curso, id_disciplina) VALUES (4, 19);
INSERT INTO Grade_Curso (id_curso, id_disciplina) VALUES (4, 18);
INSERT INTO Grade_Curso (id_curso, id_disciplina) VALUES (4, 10);
INSERT INTO Grade_Curso (id_curso, id_disciplina) VALUES (4, 28);
INSERT INTO Grade_Curso (id_curso, id_disciplina) VALUES (4, 27);
INSERT INTO Grade_Curso (id_curso, id_disciplina) VALUES (4, 1);
INSERT INTO Grade_Curso (id_curso, id_disciplina) VALUES (4, 4);
INSERT INTO Grade_Curso (id_curso, id_disciplina) VALUES (5, 11);
INSERT INTO Grade_Curso (id_curso, id_disciplina) VALUES (5, 8);
INSERT INTO Grade_Curso (id_curso, id_disciplina) VALUES (5, 3);
INSERT INTO Grade_Curso (id_curso, id_disciplina) VALUES (5, 20);
INSERT INTO Grade_Curso (id_curso, id_disciplina) VALUES (5, 25);
INSERT INTO Grade_Curso (id_curso, id_disciplina) VALUES (5, 10);
INSERT INTO Grade_Curso (id_curso, id_disciplina) VALUES (5, 19);
INSERT INTO Grade_Curso (id_curso, id_disciplina) VALUES (5, 13);
INSERT INTO Grade_Curso (id_curso, id_disciplina) VALUES (5, 28);
INSERT INTO Grade_Curso (id_curso, id_disciplina) VALUES (5, 21);
INSERT INTO Grade_Curso (id_curso, id_disciplina) VALUES (5, 1);