DELETE FROM Aluno_TCC;
DELETE FROM TCC;
DELETE FROM Historico_Professor;
DELETE FROM Historico_Aluno;
DELETE FROM Grade_Curso;
DELETE FROM Disciplina;
DELETE FROM Aluno;
DELETE FROM Curso;
DELETE FROM Professor;
DELETE FROM Departamento;
INSERT INTO Departamento (id_departamento, nome) VALUES (1, 'Engenharia');
INSERT INTO Departamento (id_departamento, nome) VALUES (2, 'Tecnologia da Informacao');
INSERT INTO Departamento (id_departamento, nome) VALUES (3, 'Matematica');
INSERT INTO Departamento (id_departamento, nome) VALUES (4, 'Fisica');
INSERT INTO Departamento (id_departamento, nome) VALUES (5, 'Quimica');
INSERT INTO Professor (id_professor, nome, cpf, email, id_departamento) VALUES (1, 'Lívia Rezende', '169.283.750-86', 'lívia@profFEI.com.br', 5);
INSERT INTO Professor (id_professor, nome, cpf, email, id_departamento) VALUES (2, 'Vitor Gabriel Macedo', '098.165.734-66', 'vitor@profFEI.com.br', 4);
INSERT INTO Professor (id_professor, nome, cpf, email, id_departamento) VALUES (3, 'Ana Lívia Mendes', '045.967.182-02', 'ana@profFEI.com.br', 2);
INSERT INTO Professor (id_professor, nome, cpf, email, id_departamento) VALUES (4, 'Melissa Nogueira', '906.127.835-02', 'melissa@profFEI.com.br', 5);
INSERT INTO Professor (id_professor, nome, cpf, email, id_departamento) VALUES (5, 'Lucca da Luz', '957.012.864-01', 'lucca@profFEI.com.br', 1);
INSERT INTO Professor (id_professor, nome, cpf, email, id_departamento) VALUES (6, 'Dr. Dom Silva', '950.742.136-06', 'dr.@profFEI.com.br', 1);
INSERT INTO Professor (id_professor, nome, cpf, email, id_departamento) VALUES (7, 'Anthony Souza', '102.579.384-60', 'anthony@profFEI.com.br', 5);
INSERT INTO Professor (id_professor, nome, cpf, email, id_departamento) VALUES (8, 'Dra. Maria Isis Gonçalves', '943.276.810-40', 'dra.@profFEI.com.br', 1);
INSERT INTO Professor (id_professor, nome, cpf, email, id_departamento) VALUES (9, 'Dr. Marcelo Carvalho', '416.895.230-42', 'dr.@profFEI.com.br', 3);
INSERT INTO Professor (id_professor, nome, cpf, email, id_departamento) VALUES (10, 'Asafe Costela', '871.435.260-53', 'asafe@profFEI.com.br', 4);
INSERT INTO Professor (id_professor, nome, cpf, email, id_departamento) VALUES (11, 'Gabrielly Souza', '302.876.145-90', 'gabrielly@profFEI.com.br', 2);
INSERT INTO Professor (id_professor, nome, cpf, email, id_departamento) VALUES (12, 'Daniela Peixoto', '385.742.691-82', 'daniela@profFEI.com.br', 2);
INSERT INTO Professor (id_professor, nome, cpf, email, id_departamento) VALUES (13, 'Sarah Azevedo', '802.973.465-47', 'sarah@profFEI.com.br', 4);
INSERT INTO Professor (id_professor, nome, cpf, email, id_departamento) VALUES (14, 'Dra. Isabela Pinto', '843.190.652-98', 'dra.@profFEI.com.br', 4);
INSERT INTO Professor (id_professor, nome, cpf, email, id_departamento) VALUES (15, 'Dra. Julia Cavalcante', '709.238.146-04', 'dra.@profFEI.com.br', 2);
INSERT INTO Professor (id_professor, nome, cpf, email, id_departamento) VALUES (16, 'Olivia Moreira', '492.638.015-33', 'olivia@profFEI.com.br', 5);
INSERT INTO Professor (id_professor, nome, cpf, email, id_departamento) VALUES (17, 'Yan Almeida', '964.230.158-05', 'yan@profFEI.com.br', 2);
INSERT INTO Professor (id_professor, nome, cpf, email, id_departamento) VALUES (18, 'Helena Vieira', '291.680.543-51', 'helena@profFEI.com.br', 2);
INSERT INTO Professor (id_professor, nome, cpf, email, id_departamento) VALUES (19, 'Emanuel Silveira', '062.948.751-02', 'emanuel@profFEI.com.br', 1);
INSERT INTO Professor (id_professor, nome, cpf, email, id_departamento) VALUES (20, 'Dr. João Pedro Pacheco', '630.894.751-20', 'dr.@profFEI.com.br', 2);
UPDATE Departamento SET id_chefe_departamento = 19 WHERE id_departamento = 1;
UPDATE Departamento SET id_chefe_departamento = 3 WHERE id_departamento = 2;
UPDATE Departamento SET id_chefe_departamento = 9 WHERE id_departamento = 3;
UPDATE Departamento SET id_chefe_departamento = 10 WHERE id_departamento = 4;
UPDATE Departamento SET id_chefe_departamento = 1 WHERE id_departamento = 5;
INSERT INTO Curso (id_curso, nome, id_departamento, id_coordenador) VALUES (1, 'Engenharia Civil', 1, 8);
INSERT INTO Curso (id_curso, nome, id_departamento, id_coordenador) VALUES (2, 'Ciencia da Computacao', 2, 17);
INSERT INTO Curso (id_curso, nome, id_departamento, id_coordenador) VALUES (3, 'Estatistica', 3, 9);
INSERT INTO Curso (id_curso, nome, id_departamento, id_coordenador) VALUES (4, 'Fisica Computacional', 4, 2);
INSERT INTO Curso (id_curso, nome, id_departamento, id_coordenador) VALUES (5, 'Quimica Aplicada', 5, 16);
INSERT INTO Aluno (id_aluno, nome, cpf, email, matricula, id_curso) VALUES (1, 'Gael Henrique Guerra', '084.765.291-20', 'gael@alunoFEI.com.br', 'MAT00001', 4);
INSERT INTO Aluno (id_aluno, nome, cpf, email, matricula, id_curso) VALUES (2, 'Davi Luiz Ferreira', '692.738.541-09', 'davi@alunoFEI.com.br', 'MAT00002', 1);
INSERT INTO Aluno (id_aluno, nome, cpf, email, matricula, id_curso) VALUES (3, 'Henry Gabriel Camargo', '093.658.174-39', 'henry@alunoFEI.com.br', 'MAT00003', 3);
INSERT INTO Aluno (id_aluno, nome, cpf, email, matricula, id_curso) VALUES (4, 'Mathias Moraes', '593.148.607-01', 'mathias@alunoFEI.com.br', 'MAT00004', 5);
INSERT INTO Aluno (id_aluno, nome, cpf, email, matricula, id_curso) VALUES (5, 'Bernardo Campos', '168.529.703-02', 'bernardo@alunoFEI.com.br', 'MAT00005', 5);
INSERT INTO Aluno (id_aluno, nome, cpf, email, matricula, id_curso) VALUES (6, 'Henry Teixeira', '317.849.562-28', 'henry@alunoFEI.com.br', 'MAT00006', 2);
INSERT INTO Aluno (id_aluno, nome, cpf, email, matricula, id_curso) VALUES (7, 'Ana Novais', '924.701.386-04', 'ana@alunoFEI.com.br', 'MAT00007', 2);
INSERT INTO Aluno (id_aluno, nome, cpf, email, matricula, id_curso) VALUES (8, 'Emanuel Casa Grande', '218.937.450-23', 'emanuel@alunoFEI.com.br', 'MAT00008', 3);
INSERT INTO Aluno (id_aluno, nome, cpf, email, matricula, id_curso) VALUES (9, 'José Pedro Freitas', '574.196.028-67', 'josé@alunoFEI.com.br', 'MAT00009', 2);
INSERT INTO Aluno (id_aluno, nome, cpf, email, matricula, id_curso) VALUES (10, 'Luara Lopes', '591.487.032-14', 'luara@alunoFEI.com.br', 'MAT00010', 4);
INSERT INTO Aluno (id_aluno, nome, cpf, email, matricula, id_curso) VALUES (11, 'Pietra Oliveira', '712.693.548-09', 'pietra@alunoFEI.com.br', 'MAT00011', 5);
INSERT INTO Aluno (id_aluno, nome, cpf, email, matricula, id_curso) VALUES (12, 'Srta. Antonella Siqueira', '678.109.254-58', 'srta.@alunoFEI.com.br', 'MAT00012', 4);
INSERT INTO Aluno (id_aluno, nome, cpf, email, matricula, id_curso) VALUES (13, 'Nathan Correia', '164.237.098-31', 'nathan@alunoFEI.com.br', 'MAT00013', 1);
INSERT INTO Aluno (id_aluno, nome, cpf, email, matricula, id_curso) VALUES (14, 'Luiz Otávio Sales', '837.125.490-32', 'luiz@alunoFEI.com.br', 'MAT00014', 1);
INSERT INTO Aluno (id_aluno, nome, cpf, email, matricula, id_curso) VALUES (15, 'Marcos Vinicius Rezende', '463.901.275-61', 'marcos@alunoFEI.com.br', 'MAT00015', 4);
INSERT INTO Aluno (id_aluno, nome, cpf, email, matricula, id_curso) VALUES (16, 'Valentina Aragão', '341.720.658-80', 'valentina@alunoFEI.com.br', 'MAT00016', 5);
INSERT INTO Aluno (id_aluno, nome, cpf, email, matricula, id_curso) VALUES (17, 'Lucas Viana', '041.537.698-00', 'lucas@alunoFEI.com.br', 'MAT00017', 4);
INSERT INTO Aluno (id_aluno, nome, cpf, email, matricula, id_curso) VALUES (18, 'Luiza Farias', '385.179.062-68', 'luiza@alunoFEI.com.br', 'MAT00018', 3);
INSERT INTO Aluno (id_aluno, nome, cpf, email, matricula, id_curso) VALUES (19, 'Renan Peixoto', '253.947.108-05', 'renan@alunoFEI.com.br', 'MAT00019', 4);
INSERT INTO Aluno (id_aluno, nome, cpf, email, matricula, id_curso) VALUES (20, 'Rafaela Montenegro', '780.534.126-53', 'rafaela@alunoFEI.com.br', 'MAT00020', 1);
INSERT INTO Aluno (id_aluno, nome, cpf, email, matricula, id_curso) VALUES (21, 'Srta. Ana da Conceição', '482.169.057-85', 'srta.@alunoFEI.com.br', 'MAT00021', 5);
INSERT INTO Aluno (id_aluno, nome, cpf, email, matricula, id_curso) VALUES (22, 'Erick Martins', '048.975.126-11', 'erick@alunoFEI.com.br', 'MAT00022', 3);
INSERT INTO Aluno (id_aluno, nome, cpf, email, matricula, id_curso) VALUES (23, 'Gustavo Fernandes', '189.056.432-05', 'gustavo@alunoFEI.com.br', 'MAT00023', 3);
INSERT INTO Aluno (id_aluno, nome, cpf, email, matricula, id_curso) VALUES (24, 'Bruno Sampaio', '681.524.037-17', 'bruno@alunoFEI.com.br', 'MAT00024', 1);
INSERT INTO Aluno (id_aluno, nome, cpf, email, matricula, id_curso) VALUES (25, 'Olivia Melo', '420.396.581-06', 'olivia@alunoFEI.com.br', 'MAT00025', 3);
INSERT INTO Aluno (id_aluno, nome, cpf, email, matricula, id_curso) VALUES (26, 'Emanuella da Conceição', '318.475.209-79', 'emanuella@alunoFEI.com.br', 'MAT00026', 1);
INSERT INTO Aluno (id_aluno, nome, cpf, email, matricula, id_curso) VALUES (27, 'Pedro Miguel da Luz', '967.084.352-92', 'pedro@alunoFEI.com.br', 'MAT00027', 2);
INSERT INTO Aluno (id_aluno, nome, cpf, email, matricula, id_curso) VALUES (28, 'Marina da Cruz', '983.057.214-50', 'marina@alunoFEI.com.br', 'MAT00028', 4);
INSERT INTO Aluno (id_aluno, nome, cpf, email, matricula, id_curso) VALUES (29, 'José Pedro Aragão', '158.367.249-46', 'josé@alunoFEI.com.br', 'MAT00029', 3);
INSERT INTO Aluno (id_aluno, nome, cpf, email, matricula, id_curso) VALUES (30, 'Caleb Siqueira', '519.703.462-99', 'caleb@alunoFEI.com.br', 'MAT00030', 1);
INSERT INTO Aluno (id_aluno, nome, cpf, email, matricula, id_curso) VALUES (31, 'Renan Albuquerque', '637.192.845-73', 'renan@alunoFEI.com.br', 'MAT00031', 3);
INSERT INTO Aluno (id_aluno, nome, cpf, email, matricula, id_curso) VALUES (32, 'Luiza Vargas', '672.054.318-08', 'luiza@alunoFEI.com.br', 'MAT00032', 2);
INSERT INTO Aluno (id_aluno, nome, cpf, email, matricula, id_curso) VALUES (33, 'Léo Borges', '416.503.892-05', 'léo@alunoFEI.com.br', 'MAT00033', 4);
INSERT INTO Aluno (id_aluno, nome, cpf, email, matricula, id_curso) VALUES (34, 'Sr. Pedro Marques', '264.718.539-55', 'sr.@alunoFEI.com.br', 'MAT00034', 5);
INSERT INTO Aluno (id_aluno, nome, cpf, email, matricula, id_curso) VALUES (35, 'Júlia da Costa', '053.679.182-12', 'júlia@alunoFEI.com.br', 'MAT00035', 3);
INSERT INTO Aluno (id_aluno, nome, cpf, email, matricula, id_curso) VALUES (36, 'Sr. Luigi Cavalcanti', '105.374.682-26', 'sr.@alunoFEI.com.br', 'MAT00036', 4);
INSERT INTO Aluno (id_aluno, nome, cpf, email, matricula, id_curso) VALUES (37, 'Maria Sophia Costa', '361.978.042-04', 'maria@alunoFEI.com.br', 'MAT00037', 3);
INSERT INTO Aluno (id_aluno, nome, cpf, email, matricula, id_curso) VALUES (38, 'Helena Cardoso', '072.461.358-71', 'helena@alunoFEI.com.br', 'MAT00038', 3);
INSERT INTO Aluno (id_aluno, nome, cpf, email, matricula, id_curso) VALUES (39, 'Pietra Martins', '246.378.591-82', 'pietra@alunoFEI.com.br', 'MAT00039', 3);
INSERT INTO Aluno (id_aluno, nome, cpf, email, matricula, id_curso) VALUES (40, 'Allana Vargas', '435.120.869-42', 'allana@alunoFEI.com.br', 'MAT00040', 3);
INSERT INTO Aluno (id_aluno, nome, cpf, email, matricula, id_curso) VALUES (41, 'Igor Nascimento', '185.720.963-02', 'igor@alunoFEI.com.br', 'MAT00041', 3);
INSERT INTO Aluno (id_aluno, nome, cpf, email, matricula, id_curso) VALUES (42, 'Ana Lívia da Rocha', '689.034.271-22', 'ana@alunoFEI.com.br', 'MAT00042', 3);
INSERT INTO Aluno (id_aluno, nome, cpf, email, matricula, id_curso) VALUES (43, 'Dra. Luana Dias', '315.470.296-25', 'dra.@alunoFEI.com.br', 'MAT00043', 1);
INSERT INTO Aluno (id_aluno, nome, cpf, email, matricula, id_curso) VALUES (44, 'Elisa Martins', '453.921.608-24', 'elisa@alunoFEI.com.br', 'MAT00044', 3);
INSERT INTO Aluno (id_aluno, nome, cpf, email, matricula, id_curso) VALUES (45, 'Srta. Ana Júlia Rezende', '791.253.860-77', 'srta.@alunoFEI.com.br', 'MAT00045', 1);
INSERT INTO Aluno (id_aluno, nome, cpf, email, matricula, id_curso) VALUES (46, 'Aylla Cardoso', '357.842.091-32', 'aylla@alunoFEI.com.br', 'MAT00046', 3);
INSERT INTO Aluno (id_aluno, nome, cpf, email, matricula, id_curso) VALUES (47, 'Bella Rios', '194.537.826-37', 'bella@alunoFEI.com.br', 'MAT00047', 3);
INSERT INTO Aluno (id_aluno, nome, cpf, email, matricula, id_curso) VALUES (48, 'Eduarda Marques', '320.469.851-33', 'eduarda@alunoFEI.com.br', 'MAT00048', 1);
INSERT INTO Aluno (id_aluno, nome, cpf, email, matricula, id_curso) VALUES (49, 'Bernardo da Mata', '132.697.580-30', 'bernardo@alunoFEI.com.br', 'MAT00049', 2);
INSERT INTO Aluno (id_aluno, nome, cpf, email, matricula, id_curso) VALUES (50, 'Ana Liz Almeida', '892.174.563-73', 'ana@alunoFEI.com.br', 'MAT00050', 5);
INSERT INTO Aluno (id_aluno, nome, cpf, email, matricula, id_curso) VALUES (51, 'Bárbara Costa', '395.206.174-34', 'bárbara@alunoFEI.com.br', 'MAT00051', 4);
INSERT INTO Aluno (id_aluno, nome, cpf, email, matricula, id_curso) VALUES (52, 'Cauê Aparecida', '791.804.653-66', 'cauê@alunoFEI.com.br', 'MAT00052', 5);
INSERT INTO Aluno (id_aluno, nome, cpf, email, matricula, id_curso) VALUES (53, 'Alana Vasconcelos', '679.015.832-40', 'alana@alunoFEI.com.br', 'MAT00053', 1);
INSERT INTO Aluno (id_aluno, nome, cpf, email, matricula, id_curso) VALUES (54, 'Agatha Guerra', '596.124.083-51', 'agatha@alunoFEI.com.br', 'MAT00054', 4);
INSERT INTO Aluno (id_aluno, nome, cpf, email, matricula, id_curso) VALUES (55, 'Davi Miguel Cunha', '415.820.963-33', 'davi@alunoFEI.com.br', 'MAT00055', 3);
INSERT INTO Aluno (id_aluno, nome, cpf, email, matricula, id_curso) VALUES (56, 'Benjamin Duarte', '517.830.642-26', 'benjamin@alunoFEI.com.br', 'MAT00056', 1);
INSERT INTO Aluno (id_aluno, nome, cpf, email, matricula, id_curso) VALUES (57, 'Dr. Luiz Miguel Carvalho', '987.134.056-75', 'dr.@alunoFEI.com.br', 'MAT00057', 2);
INSERT INTO Aluno (id_aluno, nome, cpf, email, matricula, id_curso) VALUES (58, 'Dr. Davi Miguel Moraes', '871.034.296-69', 'dr.@alunoFEI.com.br', 'MAT00058', 2);
INSERT INTO Aluno (id_aluno, nome, cpf, email, matricula, id_curso) VALUES (59, 'Henrique Nascimento', '913.052.647-70', 'henrique@alunoFEI.com.br', 'MAT00059', 1);
INSERT INTO Aluno (id_aluno, nome, cpf, email, matricula, id_curso) VALUES (60, 'Srta. Elisa da Rosa', '801.352.946-06', 'srta.@alunoFEI.com.br', 'MAT00060', 1);
INSERT INTO Aluno (id_aluno, nome, cpf, email, matricula, id_curso) VALUES (61, 'Luísa Pereira', '187.623.049-50', 'luísa@alunoFEI.com.br', 'MAT00061', 2);
INSERT INTO Aluno (id_aluno, nome, cpf, email, matricula, id_curso) VALUES (62, 'Miguel Cavalcante', '317.084.952-23', 'miguel@alunoFEI.com.br', 'MAT00062', 1);
INSERT INTO Aluno (id_aluno, nome, cpf, email, matricula, id_curso) VALUES (63, 'Lucas Ribeiro', '879.420.163-31', 'lucas@alunoFEI.com.br', 'MAT00063', 5);
INSERT INTO Aluno (id_aluno, nome, cpf, email, matricula, id_curso) VALUES (64, 'Igor Aparecida', '354.128.097-23', 'igor@alunoFEI.com.br', 'MAT00064', 2);
INSERT INTO Aluno (id_aluno, nome, cpf, email, matricula, id_curso) VALUES (65, 'Bárbara Montenegro', '874.065.132-08', 'bárbara@alunoFEI.com.br', 'MAT00065', 3);
INSERT INTO Aluno (id_aluno, nome, cpf, email, matricula, id_curso) VALUES (66, 'Eduarda Guerra', '240.197.683-31', 'eduarda@alunoFEI.com.br', 'MAT00066', 4);
INSERT INTO Aluno (id_aluno, nome, cpf, email, matricula, id_curso) VALUES (67, 'Julia Silveira', '715.928.346-55', 'julia@alunoFEI.com.br', 'MAT00067', 4);
INSERT INTO Aluno (id_aluno, nome, cpf, email, matricula, id_curso) VALUES (68, 'Rafaela da Mata', '690.182.574-94', 'rafaela@alunoFEI.com.br', 'MAT00068', 3);
INSERT INTO Aluno (id_aluno, nome, cpf, email, matricula, id_curso) VALUES (69, 'Emanuel Nogueira', '025.639.478-47', 'emanuel@alunoFEI.com.br', 'MAT00069', 1);
INSERT INTO Aluno (id_aluno, nome, cpf, email, matricula, id_curso) VALUES (70, 'Lunna Teixeira', '510.742.689-11', 'lunna@alunoFEI.com.br', 'MAT00070', 2);
INSERT INTO Aluno (id_aluno, nome, cpf, email, matricula, id_curso) VALUES (71, 'Dra. Ana Carolina Pereira', '982.354.617-73', 'dra.@alunoFEI.com.br', 'MAT00071', 5);
INSERT INTO Aluno (id_aluno, nome, cpf, email, matricula, id_curso) VALUES (72, 'Benicio Gomes', '597.412.863-09', 'benicio@alunoFEI.com.br', 'MAT00072', 5);
INSERT INTO Aluno (id_aluno, nome, cpf, email, matricula, id_curso) VALUES (73, 'Srta. Yasmin Nunes', '568.902.147-49', 'srta.@alunoFEI.com.br', 'MAT00073', 1);
INSERT INTO Aluno (id_aluno, nome, cpf, email, matricula, id_curso) VALUES (74, 'Diogo Novais', '719.254.086-20', 'diogo@alunoFEI.com.br', 'MAT00074', 2);
INSERT INTO Aluno (id_aluno, nome, cpf, email, matricula, id_curso) VALUES (75, 'Joaquim Caldeira', '605.243.879-74', 'joaquim@alunoFEI.com.br', 'MAT00075', 3);
INSERT INTO Aluno (id_aluno, nome, cpf, email, matricula, id_curso) VALUES (76, 'Sr. Thiago Almeida', '480.923.651-05', 'sr.@alunoFEI.com.br', 'MAT00076', 1);
INSERT INTO Aluno (id_aluno, nome, cpf, email, matricula, id_curso) VALUES (77, 'Levi Fonseca', '302.415.879-05', 'levi@alunoFEI.com.br', 'MAT00077', 2);
INSERT INTO Aluno (id_aluno, nome, cpf, email, matricula, id_curso) VALUES (78, 'Maysa da Paz', '596.701.823-95', 'maysa@alunoFEI.com.br', 'MAT00078', 4);
INSERT INTO Aluno (id_aluno, nome, cpf, email, matricula, id_curso) VALUES (79, 'Vinícius da Luz', '987.406.251-76', 'vinícius@alunoFEI.com.br', 'MAT00079', 4);
INSERT INTO Aluno (id_aluno, nome, cpf, email, matricula, id_curso) VALUES (80, 'Manuella da Paz', '346.018.957-66', 'manuella@alunoFEI.com.br', 'MAT00080', 5);
INSERT INTO Aluno (id_aluno, nome, cpf, email, matricula, id_curso) VALUES (81, 'Pietra Vieira', '129.865.740-76', 'pietra@alunoFEI.com.br', 'MAT00081', 4);
INSERT INTO Aluno (id_aluno, nome, cpf, email, matricula, id_curso) VALUES (82, 'José Pedro Caldeira', '047.256.381-53', 'josé@alunoFEI.com.br', 'MAT00082', 4);
INSERT INTO Aluno (id_aluno, nome, cpf, email, matricula, id_curso) VALUES (83, 'Maria Luísa Martins', '609.853.214-15', 'maria@alunoFEI.com.br', 'MAT00083', 2);
INSERT INTO Aluno (id_aluno, nome, cpf, email, matricula, id_curso) VALUES (84, 'Danilo Cirino', '978.604.153-48', 'danilo@alunoFEI.com.br', 'MAT00084', 3);
INSERT INTO Aluno (id_aluno, nome, cpf, email, matricula, id_curso) VALUES (85, 'Leandro Sousa', '052.896.174-85', 'leandro@alunoFEI.com.br', 'MAT00085', 3);
INSERT INTO Aluno (id_aluno, nome, cpf, email, matricula, id_curso) VALUES (86, 'Maria Júlia Moreira', '861.932.754-28', 'maria@alunoFEI.com.br', 'MAT00086', 2);
INSERT INTO Aluno (id_aluno, nome, cpf, email, matricula, id_curso) VALUES (87, 'Dr. Thomas Pereira', '923.174.658-82', 'dr.@alunoFEI.com.br', 'MAT00087', 1);
INSERT INTO Aluno (id_aluno, nome, cpf, email, matricula, id_curso) VALUES (88, 'Rafaela Barros', '506.981.374-93', 'rafaela@alunoFEI.com.br', 'MAT00088', 5);
INSERT INTO Aluno (id_aluno, nome, cpf, email, matricula, id_curso) VALUES (89, 'Breno Cavalcante', '054.827.369-38', 'breno@alunoFEI.com.br', 'MAT00089', 3);
INSERT INTO Aluno (id_aluno, nome, cpf, email, matricula, id_curso) VALUES (90, 'Isadora Santos', '045.376.219-07', 'isadora@alunoFEI.com.br', 'MAT00090', 4);
INSERT INTO Aluno (id_aluno, nome, cpf, email, matricula, id_curso) VALUES (91, 'Maria Luiza Castro', '396.240.578-00', 'maria@alunoFEI.com.br', 'MAT00091', 3);
INSERT INTO Aluno (id_aluno, nome, cpf, email, matricula, id_curso) VALUES (92, 'Nicolas Mendonça', '584.073.261-35', 'nicolas@alunoFEI.com.br', 'MAT00092', 2);
INSERT INTO Aluno (id_aluno, nome, cpf, email, matricula, id_curso) VALUES (93, 'Bento Dias', '946.728.031-04', 'bento@alunoFEI.com.br', 'MAT00093', 2);
INSERT INTO Aluno (id_aluno, nome, cpf, email, matricula, id_curso) VALUES (94, 'Isadora Correia', '438.210.697-40', 'isadora@alunoFEI.com.br', 'MAT00094', 2);
INSERT INTO Aluno (id_aluno, nome, cpf, email, matricula, id_curso) VALUES (95, 'Carolina Moreira', '471.608.532-53', 'carolina@alunoFEI.com.br', 'MAT00095', 4);
INSERT INTO Aluno (id_aluno, nome, cpf, email, matricula, id_curso) VALUES (96, 'Sr. Davi Lucca Teixeira', '168.453.097-01', 'sr.@alunoFEI.com.br', 'MAT00096', 2);
INSERT INTO Aluno (id_aluno, nome, cpf, email, matricula, id_curso) VALUES (97, 'Manuela Fogaça', '192.876.504-11', 'manuela@alunoFEI.com.br', 'MAT00097', 4);
INSERT INTO Aluno (id_aluno, nome, cpf, email, matricula, id_curso) VALUES (98, 'Sra. Luara Marques', '312.896.457-28', 'sra.@alunoFEI.com.br', 'MAT00098', 3);
INSERT INTO Aluno (id_aluno, nome, cpf, email, matricula, id_curso) VALUES (99, 'Joana Almeida', '106.378.492-13', 'joana@alunoFEI.com.br', 'MAT00099', 2);
INSERT INTO Aluno (id_aluno, nome, cpf, email, matricula, id_curso) VALUES (100, 'Maria Julia Rezende', '279.584.601-20', 'maria@alunoFEI.com.br', 'MAT00100', 4);
INSERT INTO Disciplina (id_disciplina, nome, codigo, id_departamento) VALUES (1, 'Mecânica dos Solos', 'D001', 1);
INSERT INTO Disciplina (id_disciplina, nome, codigo, id_departamento) VALUES (2, 'Estruturas de Concreto', 'D002', 1);
INSERT INTO Disciplina (id_disciplina, nome, codigo, id_departamento) VALUES (3, 'Construção Civil', 'D003', 1);
INSERT INTO Disciplina (id_disciplina, nome, codigo, id_departamento) VALUES (4, 'Geotecnia', 'D004', 1);
INSERT INTO Disciplina (id_disciplina, nome, codigo, id_departamento) VALUES (5, 'Hidráulica', 'D005', 1);
INSERT INTO Disciplina (id_disciplina, nome, codigo, id_departamento) VALUES (6, 'Desenho Técnico', 'D006', 1);
INSERT INTO Historico_Professor (id_professor, id_disciplina, semestre) VALUES (5, 6, '2024/2');
INSERT INTO Historico_Professor (id_professor, id_disciplina, semestre) VALUES (6, 1, '2023/2');
INSERT INTO Historico_Professor (id_professor, id_disciplina, semestre) VALUES (8, 1, '2023/1');
INSERT INTO Historico_Professor (id_professor, id_disciplina, semestre) VALUES (8, 6, '2023/2');
INSERT INTO Historico_Professor (id_professor, id_disciplina, semestre) VALUES (8, 3, '2025/2');
INSERT INTO Historico_Professor (id_professor, id_disciplina, semestre) VALUES (8, 6, '2022/1');
INSERT INTO Historico_Professor (id_professor, id_disciplina, semestre) VALUES (19, 2, '2024/2');
INSERT INTO Historico_Professor (id_professor, id_disciplina, semestre) VALUES (19, 3, '2022/1');
INSERT INTO Historico_Professor (id_professor, id_disciplina, semestre) VALUES (19, 4, '2022/2');
INSERT INTO Disciplina (id_disciplina, nome, codigo, id_departamento) VALUES (7, 'Algoritmos', 'D007', 2);
INSERT INTO Disciplina (id_disciplina, nome, codigo, id_departamento) VALUES (8, 'Estruturas de Dados', 'D008', 2);
INSERT INTO Disciplina (id_disciplina, nome, codigo, id_departamento) VALUES (9, 'Redes de Computadores', 'D009', 2);
INSERT INTO Disciplina (id_disciplina, nome, codigo, id_departamento) VALUES (10, 'Banco de Dados', 'D010', 2);
INSERT INTO Disciplina (id_disciplina, nome, codigo, id_departamento) VALUES (11, 'Sistemas Operacionais', 'D011', 2);
INSERT INTO Disciplina (id_disciplina, nome, codigo, id_departamento) VALUES (12, 'Inteligência Artificial', 'D012', 2);
INSERT INTO Historico_Professor (id_professor, id_disciplina, semestre) VALUES (3, 9, '2022/1');
INSERT INTO Historico_Professor (id_professor, id_disciplina, semestre) VALUES (3, 7, '2025/2');
INSERT INTO Historico_Professor (id_professor, id_disciplina, semestre) VALUES (5, 3, '2024/1');
INSERT INTO Historico_Professor (id_professor, id_disciplina, semestre) VALUES (5, 5, '2025/1');
INSERT INTO Historico_Professor (id_professor, id_disciplina, semestre) VALUES (6, 6, '2023/2');
INSERT INTO Historico_Professor (id_professor, id_disciplina, semestre) VALUES (6, 2, '2022/1');
INSERT INTO Historico_Professor (id_professor, id_disciplina, semestre) VALUES (8, 3, '2025/2');
INSERT INTO Historico_Professor (id_professor, id_disciplina, semestre) VALUES (8, 5, '2024/1');
INSERT INTO Historico_Professor (id_professor, id_disciplina, semestre) VALUES (8, 3, '2022/2');
INSERT INTO Historico_Professor (id_professor, id_disciplina, semestre) VALUES (8, 5, '2022/1');
INSERT INTO Historico_Professor (id_professor, id_disciplina, semestre) VALUES (11, 12, '2024/2');
INSERT INTO Historico_Professor (id_professor, id_disciplina, semestre) VALUES (11, 8, '2023/1');
INSERT INTO Historico_Professor (id_professor, id_disciplina, semestre) VALUES (12, 9, '2024/2');
INSERT INTO Historico_Professor (id_professor, id_disciplina, semestre) VALUES (12, 11, '2024/2');
INSERT INTO Historico_Professor (id_professor, id_disciplina, semestre) VALUES (12, 10, '2023/1');
INSERT INTO Historico_Professor (id_professor, id_disciplina, semestre) VALUES (15, 7, '2025/1');
INSERT INTO Historico_Professor (id_professor, id_disciplina, semestre) VALUES (17, 7, '2023/2');
INSERT INTO Historico_Professor (id_professor, id_disciplina, semestre) VALUES (17, 12, '2023/1');
INSERT INTO Historico_Professor (id_professor, id_disciplina, semestre) VALUES (17, 11, '2024/1');
INSERT INTO Historico_Professor (id_professor, id_disciplina, semestre) VALUES (17, 7, '2025/1');
INSERT INTO Historico_Professor (id_professor, id_disciplina, semestre) VALUES (18, 10, '2022/1');
INSERT INTO Historico_Professor (id_professor, id_disciplina, semestre) VALUES (19, 2, '2025/2');
INSERT INTO Historico_Professor (id_professor, id_disciplina, semestre) VALUES (20, 12, '2025/2');
INSERT INTO Historico_Professor (id_professor, id_disciplina, semestre) VALUES (20, 12, '2024/1');
INSERT INTO Historico_Professor (id_professor, id_disciplina, semestre) VALUES (20, 12, '2022/2');
INSERT INTO Disciplina (id_disciplina, nome, codigo, id_departamento) VALUES (13, 'Probabilidade', 'D013', 3);
INSERT INTO Disciplina (id_disciplina, nome, codigo, id_departamento) VALUES (14, 'Inferência Estatística', 'D014', 3);
INSERT INTO Disciplina (id_disciplina, nome, codigo, id_departamento) VALUES (15, 'Modelos Lineares', 'D015', 3);
INSERT INTO Disciplina (id_disciplina, nome, codigo, id_departamento) VALUES (16, 'Estatística Computacional', 'D016', 3);
INSERT INTO Disciplina (id_disciplina, nome, codigo, id_departamento) VALUES (17, 'Análise Multivariada', 'D017', 3);
INSERT INTO Disciplina (id_disciplina, nome, codigo, id_departamento) VALUES (18, 'Séries Temporais', 'D018', 3);
INSERT INTO Historico_Professor (id_professor, id_disciplina, semestre) VALUES (3, 11, '2024/1');
INSERT INTO Historico_Professor (id_professor, id_disciplina, semestre) VALUES (3, 10, '2022/2');
INSERT INTO Historico_Professor (id_professor, id_disciplina, semestre) VALUES (3, 9, '2023/2');
INSERT INTO Historico_Professor (id_professor, id_disciplina, semestre) VALUES (5, 6, '2023/1');
INSERT INTO Historico_Professor (id_professor, id_disciplina, semestre) VALUES (6, 3, '2024/1');
INSERT INTO Historico_Professor (id_professor, id_disciplina, semestre) VALUES (6, 1, '2025/1');
INSERT INTO Historico_Professor (id_professor, id_disciplina, semestre) VALUES (8, 4, '2025/1');
INSERT INTO Historico_Professor (id_professor, id_disciplina, semestre) VALUES (9, 16, '2025/1');
INSERT INTO Historico_Professor (id_professor, id_disciplina, semestre) VALUES (11, 8, '2023/2');
INSERT INTO Historico_Professor (id_professor, id_disciplina, semestre) VALUES (11, 7, '2022/2');
INSERT INTO Historico_Professor (id_professor, id_disciplina, semestre) VALUES (12, 12, '2024/2');
INSERT INTO Historico_Professor (id_professor, id_disciplina, semestre) VALUES (12, 11, '2024/1');
INSERT INTO Historico_Professor (id_professor, id_disciplina, semestre) VALUES (12, 10, '2024/2');
INSERT INTO Historico_Professor (id_professor, id_disciplina, semestre) VALUES (12, 11, '2025/2');
INSERT INTO Historico_Professor (id_professor, id_disciplina, semestre) VALUES (15, 8, '2025/1');
INSERT INTO Historico_Professor (id_professor, id_disciplina, semestre) VALUES (17, 7, '2022/1');
INSERT INTO Historico_Professor (id_professor, id_disciplina, semestre) VALUES (17, 12, '2023/2');
INSERT INTO Historico_Professor (id_professor, id_disciplina, semestre) VALUES (17, 10, '2024/1');
INSERT INTO Historico_Professor (id_professor, id_disciplina, semestre) VALUES (17, 9, '2025/1');
INSERT INTO Historico_Professor (id_professor, id_disciplina, semestre) VALUES (18, 10, '2023/2');
INSERT INTO Historico_Professor (id_professor, id_disciplina, semestre) VALUES (18, 8, '2023/2');
INSERT INTO Historico_Professor (id_professor, id_disciplina, semestre) VALUES (19, 1, '2023/2');
INSERT INTO Historico_Professor (id_professor, id_disciplina, semestre) VALUES (19, 3, '2023/1');
INSERT INTO Historico_Professor (id_professor, id_disciplina, semestre) VALUES (19, 5, '2023/2');
INSERT INTO Historico_Professor (id_professor, id_disciplina, semestre) VALUES (20, 12, '2025/2');
INSERT INTO Historico_Professor (id_professor, id_disciplina, semestre) VALUES (20, 8, '2022/2');
INSERT INTO Historico_Professor (id_professor, id_disciplina, semestre) VALUES (20, 8, '2025/2');
INSERT INTO Disciplina (id_disciplina, nome, codigo, id_departamento) VALUES (19, 'Mecânica Computacional', 'D019', 4);
INSERT INTO Disciplina (id_disciplina, nome, codigo, id_departamento) VALUES (20, 'Simulações Numéricas', 'D020', 4);
INSERT INTO Disciplina (id_disciplina, nome, codigo, id_departamento) VALUES (21, 'Modelos Físicos', 'D021', 4);
INSERT INTO Disciplina (id_disciplina, nome, codigo, id_departamento) VALUES (22, 'Termodinâmica Computacional', 'D022', 4);
INSERT INTO Disciplina (id_disciplina, nome, codigo, id_departamento) VALUES (23, 'Física Matemática', 'D023', 4);
INSERT INTO Disciplina (id_disciplina, nome, codigo, id_departamento) VALUES (24, 'Programação Científica', 'D024', 4);
INSERT INTO Historico_Professor (id_professor, id_disciplina, semestre) VALUES (2, 19, '2023/2');
INSERT INTO Historico_Professor (id_professor, id_disciplina, semestre) VALUES (2, 21, '2024/2');
INSERT INTO Historico_Professor (id_professor, id_disciplina, semestre) VALUES (3, 7, '2024/2');
INSERT INTO Historico_Professor (id_professor, id_disciplina, semestre) VALUES (5, 2, '2024/1');
INSERT INTO Historico_Professor (id_professor, id_disciplina, semestre) VALUES (5, 5, '2022/1');
INSERT INTO Historico_Professor (id_professor, id_disciplina, semestre) VALUES (5, 3, '2022/2');
INSERT INTO Historico_Professor (id_professor, id_disciplina, semestre) VALUES (6, 2, '2022/2');
INSERT INTO Historico_Professor (id_professor, id_disciplina, semestre) VALUES (6, 1, '2024/1');
INSERT INTO Historico_Professor (id_professor, id_disciplina, semestre) VALUES (6, 6, '2023/2');
INSERT INTO Historico_Professor (id_professor, id_disciplina, semestre) VALUES (6, 6, '2023/1');
INSERT INTO Historico_Professor (id_professor, id_disciplina, semestre) VALUES (8, 3, '2023/1');
INSERT INTO Historico_Professor (id_professor, id_disciplina, semestre) VALUES (8, 6, '2022/1');
INSERT INTO Historico_Professor (id_professor, id_disciplina, semestre) VALUES (8, 1, '2024/2');
INSERT INTO Historico_Professor (id_professor, id_disciplina, semestre) VALUES (9, 17, '2025/2');
INSERT INTO Historico_Professor (id_professor, id_disciplina, semestre) VALUES (9, 18, '2022/2');
INSERT INTO Historico_Professor (id_professor, id_disciplina, semestre) VALUES (9, 13, '2025/2');
INSERT INTO Historico_Professor (id_professor, id_disciplina, semestre) VALUES (9, 15, '2025/1');
INSERT INTO Historico_Professor (id_professor, id_disciplina, semestre) VALUES (10, 19, '2022/2');
INSERT INTO Historico_Professor (id_professor, id_disciplina, semestre) VALUES (10, 24, '2023/2');
INSERT INTO Historico_Professor (id_professor, id_disciplina, semestre) VALUES (10, 23, '2022/1');
INSERT INTO Historico_Professor (id_professor, id_disciplina, semestre) VALUES (10, 19, '2025/1');
INSERT INTO Historico_Professor (id_professor, id_disciplina, semestre) VALUES (11, 12, '2024/2');
INSERT INTO Historico_Professor (id_professor, id_disciplina, semestre) VALUES (11, 10, '2024/1');
INSERT INTO Historico_Professor (id_professor, id_disciplina, semestre) VALUES (11, 9, '2023/1');
INSERT INTO Historico_Professor (id_professor, id_disciplina, semestre) VALUES (11, 12, '2025/2');
INSERT INTO Historico_Professor (id_professor, id_disciplina, semestre) VALUES (12, 12, '2024/2');
INSERT INTO Historico_Professor (id_professor, id_disciplina, semestre) VALUES (12, 12, '2023/1');
INSERT INTO Historico_Professor (id_professor, id_disciplina, semestre) VALUES (12, 12, '2022/1');
INSERT INTO Historico_Professor (id_professor, id_disciplina, semestre) VALUES (13, 22, '2024/1');
INSERT INTO Historico_Professor (id_professor, id_disciplina, semestre) VALUES (13, 22, '2025/2');
INSERT INTO Historico_Professor (id_professor, id_disciplina, semestre) VALUES (14, 22, '2023/2');
INSERT INTO Historico_Professor (id_professor, id_disciplina, semestre) VALUES (14, 22, '2022/1');
INSERT INTO Historico_Professor (id_professor, id_disciplina, semestre) VALUES (14, 23, '2023/1');
INSERT INTO Historico_Professor (id_professor, id_disciplina, semestre) VALUES (14, 20, '2023/1');
INSERT INTO Historico_Professor (id_professor, id_disciplina, semestre) VALUES (15, 11, '2024/2');
INSERT INTO Historico_Professor (id_professor, id_disciplina, semestre) VALUES (15, 10, '2024/1');
INSERT INTO Historico_Professor (id_professor, id_disciplina, semestre) VALUES (15, 7, '2024/1');
INSERT INTO Historico_Professor (id_professor, id_disciplina, semestre) VALUES (15, 8, '2022/2');
INSERT INTO Historico_Professor (id_professor, id_disciplina, semestre) VALUES (17, 12, '2023/2');
INSERT INTO Historico_Professor (id_professor, id_disciplina, semestre) VALUES (17, 12, '2024/2');
INSERT INTO Historico_Professor (id_professor, id_disciplina, semestre) VALUES (18, 8, '2025/2');
INSERT INTO Historico_Professor (id_professor, id_disciplina, semestre) VALUES (18, 9, '2025/2');
INSERT INTO Historico_Professor (id_professor, id_disciplina, semestre) VALUES (18, 10, '2023/2');
INSERT INTO Historico_Professor (id_professor, id_disciplina, semestre) VALUES (18, 11, '2024/2');
INSERT INTO Historico_Professor (id_professor, id_disciplina, semestre) VALUES (19, 1, '2022/2');
INSERT INTO Historico_Professor (id_professor, id_disciplina, semestre) VALUES (19, 1, '2024/1');
INSERT INTO Historico_Professor (id_professor, id_disciplina, semestre) VALUES (19, 1, '2024/2');
INSERT INTO Historico_Professor (id_professor, id_disciplina, semestre) VALUES (19, 6, '2025/1');
INSERT INTO Historico_Professor (id_professor, id_disciplina, semestre) VALUES (20, 8, '2023/2');
INSERT INTO Historico_Professor (id_professor, id_disciplina, semestre) VALUES (20, 11, '2023/2');
INSERT INTO Historico_Professor (id_professor, id_disciplina, semestre) VALUES (20, 9, '2022/2');
INSERT INTO Historico_Professor (id_professor, id_disciplina, semestre) VALUES (20, 10, '2022/1');
INSERT INTO Disciplina (id_disciplina, nome, codigo, id_departamento) VALUES (25, 'Química Orgânica', 'D025', 5);
INSERT INTO Disciplina (id_disciplina, nome, codigo, id_departamento) VALUES (26, 'Química Inorgânica', 'D026', 5);
INSERT INTO Disciplina (id_disciplina, nome, codigo, id_departamento) VALUES (27, 'Fisico-Química', 'D027', 5);
INSERT INTO Disciplina (id_disciplina, nome, codigo, id_departamento) VALUES (28, 'Química Industrial', 'D028', 5);
INSERT INTO Disciplina (id_disciplina, nome, codigo, id_departamento) VALUES (29, 'Química Analítica', 'D029', 5);
INSERT INTO Disciplina (id_disciplina, nome, codigo, id_departamento) VALUES (30, 'Química Ambiental', 'D030', 5);
INSERT INTO Historico_Professor (id_professor, id_disciplina, semestre) VALUES (1, 30, '2024/2');
INSERT INTO Historico_Professor (id_professor, id_disciplina, semestre) VALUES (1, 25, '2024/1');
INSERT INTO Historico_Professor (id_professor, id_disciplina, semestre) VALUES (1, 27, '2025/2');
INSERT INTO Historico_Professor (id_professor, id_disciplina, semestre) VALUES (2, 20, '2025/1');
INSERT INTO Historico_Professor (id_professor, id_disciplina, semestre) VALUES (2, 23, '2024/1');
INSERT INTO Historico_Professor (id_professor, id_disciplina, semestre) VALUES (3, 9, '2024/2');
INSERT INTO Historico_Professor (id_professor, id_disciplina, semestre) VALUES (3, 9, '2023/1');
INSERT INTO Historico_Professor (id_professor, id_disciplina, semestre) VALUES (4, 25, '2025/2');
INSERT INTO Historico_Professor (id_professor, id_disciplina, semestre) VALUES (4, 29, '2023/2');
INSERT INTO Historico_Professor (id_professor, id_disciplina, semestre) VALUES (5, 3, '2023/2');
INSERT INTO Historico_Professor (id_professor, id_disciplina, semestre) VALUES (5, 6, '2024/2');
INSERT INTO Historico_Professor (id_professor, id_disciplina, semestre) VALUES (5, 3, '2024/1');
INSERT INTO Historico_Professor (id_professor, id_disciplina, semestre) VALUES (6, 4, '2024/1');
INSERT INTO Historico_Professor (id_professor, id_disciplina, semestre) VALUES (7, 27, '2023/1');
INSERT INTO Historico_Professor (id_professor, id_disciplina, semestre) VALUES (7, 30, '2025/1');
INSERT INTO Historico_Professor (id_professor, id_disciplina, semestre) VALUES (7, 28, '2025/1');
INSERT INTO Historico_Professor (id_professor, id_disciplina, semestre) VALUES (8, 5, '2024/1');
INSERT INTO Historico_Professor (id_professor, id_disciplina, semestre) VALUES (8, 5, '2024/1');
INSERT INTO Historico_Professor (id_professor, id_disciplina, semestre) VALUES (9, 18, '2023/1');
INSERT INTO Historico_Professor (id_professor, id_disciplina, semestre) VALUES (9, 18, '2023/1');
INSERT INTO Historico_Professor (id_professor, id_disciplina, semestre) VALUES (9, 16, '2022/1');
INSERT INTO Historico_Professor (id_professor, id_disciplina, semestre) VALUES (10, 20, '2024/1');
INSERT INTO Historico_Professor (id_professor, id_disciplina, semestre) VALUES (11, 8, '2023/2');
INSERT INTO Historico_Professor (id_professor, id_disciplina, semestre) VALUES (11, 8, '2025/1');
INSERT INTO Historico_Professor (id_professor, id_disciplina, semestre) VALUES (11, 10, '2024/1');
INSERT INTO Historico_Professor (id_professor, id_disciplina, semestre) VALUES (11, 7, '2025/1');
INSERT INTO Historico_Professor (id_professor, id_disciplina, semestre) VALUES (12, 11, '2023/2');
INSERT INTO Historico_Professor (id_professor, id_disciplina, semestre) VALUES (12, 9, '2023/1');
INSERT INTO Historico_Professor (id_professor, id_disciplina, semestre) VALUES (12, 9, '2025/1');
INSERT INTO Historico_Professor (id_professor, id_disciplina, semestre) VALUES (12, 7, '2022/2');
INSERT INTO Historico_Professor (id_professor, id_disciplina, semestre) VALUES (13, 19, '2022/2');
INSERT INTO Historico_Professor (id_professor, id_disciplina, semestre) VALUES (13, 24, '2022/1');
INSERT INTO Historico_Professor (id_professor, id_disciplina, semestre) VALUES (14, 24, '2023/2');
INSERT INTO Historico_Professor (id_professor, id_disciplina, semestre) VALUES (14, 20, '2025/2');
INSERT INTO Historico_Professor (id_professor, id_disciplina, semestre) VALUES (14, 22, '2025/2');
INSERT INTO Historico_Professor (id_professor, id_disciplina, semestre) VALUES (15, 12, '2025/2');
INSERT INTO Historico_Professor (id_professor, id_disciplina, semestre) VALUES (16, 28, '2025/1');
INSERT INTO Historico_Professor (id_professor, id_disciplina, semestre) VALUES (17, 10, '2025/2');
INSERT INTO Historico_Professor (id_professor, id_disciplina, semestre) VALUES (17, 10, '2022/2');
INSERT INTO Historico_Professor (id_professor, id_disciplina, semestre) VALUES (17, 9, '2023/1');
INSERT INTO Historico_Professor (id_professor, id_disciplina, semestre) VALUES (17, 8, '2022/1');
INSERT INTO Historico_Professor (id_professor, id_disciplina, semestre) VALUES (18, 8, '2022/1');
INSERT INTO Historico_Professor (id_professor, id_disciplina, semestre) VALUES (19, 3, '2022/1');
INSERT INTO Historico_Professor (id_professor, id_disciplina, semestre) VALUES (19, 5, '2024/1');
INSERT INTO Historico_Professor (id_professor, id_disciplina, semestre) VALUES (19, 6, '2022/2');
INSERT INTO Historico_Professor (id_professor, id_disciplina, semestre) VALUES (20, 10, '2024/1');
INSERT INTO Historico_Aluno (id_aluno, id_disciplina, semestre, nota, situacao, id_professor) VALUES (1, 17, '2023/2', 9.03, 'aprovado', 10);
INSERT INTO Historico_Aluno (id_aluno, id_disciplina, semestre, nota, situacao, id_professor) VALUES (1, 27, '2023/2', 4.05, 'reprovado', 14);
INSERT INTO Historico_Aluno (id_aluno, id_disciplina, semestre, nota, situacao, id_professor) VALUES (1, 16, '2023/2', 1.43, 'reprovado', 10);
INSERT INTO Historico_Aluno (id_aluno, id_disciplina, semestre, nota, situacao, id_professor) VALUES (1, 13, '2023/2', 4.56, 'reprovado', 10);
INSERT INTO Historico_Aluno (id_aluno, id_disciplina, semestre, nota, situacao, id_professor) VALUES (1, 2, '2023/2', 8.28, 'aprovado', 10);
INSERT INTO Historico_Aluno (id_aluno, id_disciplina, semestre, nota, situacao, id_professor) VALUES (1, 13, '2025/1', 9.18, 'aprovado', 13);
INSERT INTO Historico_Aluno (id_aluno, id_disciplina, semestre, nota, situacao, id_professor) VALUES (1, 3, '2025/1', 5.35, 'aprovado', 13);
INSERT INTO Historico_Aluno (id_aluno, id_disciplina, semestre, nota, situacao, id_professor) VALUES (1, 7, '2025/1', 0.08, 'reprovado', 13);
INSERT INTO Historico_Aluno (id_aluno, id_disciplina, semestre, nota, situacao, id_professor) VALUES (1, 24, '2025/1', 5.09, 'aprovado', 13);
INSERT INTO Historico_Aluno (id_aluno, id_disciplina, semestre, nota, situacao, id_professor) VALUES (1, 23, '2025/2', 6.27, 'aprovado', 2);
INSERT INTO Historico_Aluno (id_aluno, id_disciplina, semestre, nota, situacao, id_professor) VALUES (1, 4, '2025/2', 4.85, 'reprovado', 13);
INSERT INTO Historico_Aluno (id_aluno, id_disciplina, semestre, nota, situacao, id_professor) VALUES (1, 20, '2025/2', 1.96, 'reprovado', 14);
INSERT INTO Historico_Aluno (id_aluno, id_disciplina, semestre, nota, situacao, id_professor) VALUES (1, 25, '2025/2', 7.27, 'aprovado', 13);
INSERT INTO Historico_Aluno (id_aluno, id_disciplina, semestre, nota, situacao, id_professor) VALUES (1, 18, '2025/2', 0.29, 'reprovado', 13);
INSERT INTO Historico_Aluno (id_aluno, id_disciplina, semestre, nota, situacao, id_professor) VALUES (1, 27, '2025/2', 9.51, 'aprovado', 16);
INSERT INTO Historico_Aluno (id_aluno, id_disciplina, semestre, nota, situacao, id_professor) VALUES (1, 16, '2025/2', 9.54, 'aprovado', 14);
INSERT INTO Historico_Aluno (id_aluno, id_disciplina, semestre, nota, situacao, id_professor) VALUES (1, 7, '2025/2', 9.7, 'aprovado', 4);
INSERT INTO Historico_Aluno (id_aluno, id_disciplina, semestre, nota, situacao, id_professor) VALUES (2, 8, '2023/1', 2.78, 'reprovado', 6);
INSERT INTO Historico_Aluno (id_aluno, id_disciplina, semestre, nota, situacao, id_professor) VALUES (2, 25, '2023/1', 3.03, 'reprovado', 8);
INSERT INTO Historico_Aluno (id_aluno, id_disciplina, semestre, nota, situacao, id_professor) VALUES (2, 21, '2023/1', 1.88, 'reprovado', 8);
INSERT INTO Historico_Aluno (id_aluno, id_disciplina, semestre, nota, situacao, id_professor) VALUES (2, 4, '2023/1', 1.76, 'reprovado', 6);
INSERT INTO Historico_Aluno (id_aluno, id_disciplina, semestre, nota, situacao, id_professor) VALUES (2, 30, '2023/1', 7.14, 'aprovado', 8);
INSERT INTO Historico_Aluno (id_aluno, id_disciplina, semestre, nota, situacao, id_professor) VALUES (2, 9, '2025/1', 2.94, 'reprovado', 8);
INSERT INTO Historico_Aluno (id_aluno, id_disciplina, semestre, nota, situacao, id_professor) VALUES (2, 2, '2025/1', 0.83, 'reprovado', 19);
INSERT INTO Historico_Aluno (id_aluno, id_disciplina, semestre, nota, situacao, id_professor) VALUES (2, 8, '2025/1', 7.01, 'aprovado', 8);
INSERT INTO Historico_Aluno (id_aluno, id_disciplina, semestre, nota, situacao, id_professor) VALUES (2, 3, '2025/1', 5.37, 'aprovado', 6);
INSERT INTO Historico_Aluno (id_aluno, id_disciplina, semestre, nota, situacao, id_professor) VALUES (2, 25, '2025/1', 9.87, 'aprovado', 2);
INSERT INTO Historico_Aluno (id_aluno, id_disciplina, semestre, nota, situacao, id_professor) VALUES (2, 21, '2025/1', 8.95, 'aprovado', 7);
INSERT INTO Historico_Aluno (id_aluno, id_disciplina, semestre, nota, situacao, id_professor) VALUES (2, 4, '2025/1', 9.3, 'aprovado', 4);
INSERT INTO Historico_Aluno (id_aluno, id_disciplina, semestre, nota, situacao, id_professor) VALUES (3, 26, '2022/2', 7.26, 'aprovado', 9);
INSERT INTO Historico_Aluno (id_aluno, id_disciplina, semestre, nota, situacao, id_professor) VALUES (3, 10, '2022/2', 5.46, 'aprovado', 9);
INSERT INTO Historico_Aluno (id_aluno, id_disciplina, semestre, nota, situacao, id_professor) VALUES (3, 27, '2022/2', 3.54, 'reprovado', 9);
INSERT INTO Historico_Aluno (id_aluno, id_disciplina, semestre, nota, situacao, id_professor) VALUES (3, 29, '2022/2', 0.54, 'reprovado', 9);
INSERT INTO Historico_Aluno (id_aluno, id_disciplina, semestre, nota, situacao, id_professor) VALUES (3, 17, '2022/2', 4.48, 'reprovado', 9);
INSERT INTO Historico_Aluno (id_aluno, id_disciplina, semestre, nota, situacao, id_professor) VALUES (3, 6, '2022/2', 9.97, 'aprovado', 9);
INSERT INTO Historico_Aluno (id_aluno, id_disciplina, semestre, nota, situacao, id_professor) VALUES (3, 23, '2023/2', 2.91, 'reprovado', 9);
INSERT INTO Historico_Aluno (id_aluno, id_disciplina, semestre, nota, situacao, id_professor) VALUES (3, 21, '2023/2', 4.25, 'reprovado', 9);
INSERT INTO Historico_Aluno (id_aluno, id_disciplina, semestre, nota, situacao, id_professor) VALUES (3, 27, '2023/2', 8.44, 'aprovado', 9);
INSERT INTO Historico_Aluno (id_aluno, id_disciplina, semestre, nota, situacao, id_professor) VALUES (3, 20, '2023/2', 1.07, 'reprovado', 9);
INSERT INTO Historico_Aluno (id_aluno, id_disciplina, semestre, nota, situacao, id_professor) VALUES (3, 12, '2023/2', 5.68, 'aprovado', 9);
INSERT INTO Historico_Aluno (id_aluno, id_disciplina, semestre, nota, situacao, id_professor) VALUES (3, 14, '2024/2', 5.41, 'aprovado', 9);
INSERT INTO Historico_Aluno (id_aluno, id_disciplina, semestre, nota, situacao, id_professor) VALUES (3, 8, '2024/2', 7.63, 'aprovado', 9);
INSERT INTO Historico_Aluno (id_aluno, id_disciplina, semestre, nota, situacao, id_professor) VALUES (3, 11, '2024/2', 6.31, 'aprovado', 9);
INSERT INTO Historico_Aluno (id_aluno, id_disciplina, semestre, nota, situacao, id_professor) VALUES (3, 19, '2024/2', 4.06, 'reprovado', 9);
INSERT INTO Historico_Aluno (id_aluno, id_disciplina, semestre, nota, situacao, id_professor) VALUES (3, 4, '2024/2', 4.33, 'reprovado', 9);
INSERT INTO Historico_Aluno (id_aluno, id_disciplina, semestre, nota, situacao, id_professor) VALUES (3, 30, '2025/1', 7.7, 'aprovado', 9);
INSERT INTO Historico_Aluno (id_aluno, id_disciplina, semestre, nota, situacao, id_professor) VALUES (3, 7, '2025/1', 2.14, 'reprovado', 9);
INSERT INTO Historico_Aluno (id_aluno, id_disciplina, semestre, nota, situacao, id_professor) VALUES (3, 21, '2025/1', 8.68, 'aprovado', 9);
INSERT INTO Historico_Aluno (id_aluno, id_disciplina, semestre, nota, situacao, id_professor) VALUES (3, 1, '2025/1', 3.17, 'reprovado', 9);
INSERT INTO Historico_Aluno (id_aluno, id_disciplina, semestre, nota, situacao, id_professor) VALUES (3, 23, '2025/1', 9.4, 'aprovado', 9);
INSERT INTO Historico_Aluno (id_aluno, id_disciplina, semestre, nota, situacao, id_professor) VALUES (3, 29, '2025/1', 9.37, 'aprovado', 10);
INSERT INTO Historico_Aluno (id_aluno, id_disciplina, semestre, nota, situacao, id_professor) VALUES (3, 17, '2025/1', 5.92, 'aprovado', 19);
INSERT INTO Historico_Aluno (id_aluno, id_disciplina, semestre, nota, situacao, id_professor) VALUES (3, 20, '2025/1', 7.85, 'aprovado', 6);
INSERT INTO Historico_Aluno (id_aluno, id_disciplina, semestre, nota, situacao, id_professor) VALUES (3, 19, '2025/1', 8.37, 'aprovado', 11);
INSERT INTO Historico_Aluno (id_aluno, id_disciplina, semestre, nota, situacao, id_professor) VALUES (3, 4, '2025/1', 8.68, 'aprovado', 5);
INSERT INTO Historico_Aluno (id_aluno, id_disciplina, semestre, nota, situacao, id_professor) VALUES (4, 9, '2022/2', 2.26, 'reprovado', 7);
INSERT INTO Historico_Aluno (id_aluno, id_disciplina, semestre, nota, situacao, id_professor) VALUES (4, 21, '2022/2', 4.01, 'reprovado', 7);
INSERT INTO Historico_Aluno (id_aluno, id_disciplina, semestre, nota, situacao, id_professor) VALUES (4, 12, '2022/2', 1.95, 'reprovado', 4);
INSERT INTO Historico_Aluno (id_aluno, id_disciplina, semestre, nota, situacao, id_professor) VALUES (4, 22, '2022/2', 2.99, 'reprovado', 16);
INSERT INTO Historico_Aluno (id_aluno, id_disciplina, semestre, nota, situacao, id_professor) VALUES (4, 23, '2023/1', 3.58, 'reprovado', 16);
INSERT INTO Historico_Aluno (id_aluno, id_disciplina, semestre, nota, situacao, id_professor) VALUES (4, 25, '2023/1', 9.22, 'aprovado', 1);
INSERT INTO Historico_Aluno (id_aluno, id_disciplina, semestre, nota, situacao, id_professor) VALUES (4, 21, '2023/1', 7.83, 'aprovado', 1);
INSERT INTO Historico_Aluno (id_aluno, id_disciplina, semestre, nota, situacao, id_professor) VALUES (4, 12, '2023/1', 8.48, 'aprovado', 7);
INSERT INTO Historico_Aluno (id_aluno, id_disciplina, semestre, nota, situacao, id_professor) VALUES (4, 24, '2023/2', 4.56, 'reprovado', 1);
INSERT INTO Historico_Aluno (id_aluno, id_disciplina, semestre, nota, situacao, id_professor) VALUES (4, 9, '2023/2', 5.98, 'aprovado', 1);
INSERT INTO Historico_Aluno (id_aluno, id_disciplina, semestre, nota, situacao, id_professor) VALUES (4, 30, '2023/2', 7.99, 'aprovado', 4);
INSERT INTO Historico_Aluno (id_aluno, id_disciplina, semestre, nota, situacao, id_professor) VALUES (4, 16, '2023/2', 3.36, 'reprovado', 16);
INSERT INTO Historico_Aluno (id_aluno, id_disciplina, semestre, nota, situacao, id_professor) VALUES (4, 20, '2023/2', 5.53, 'aprovado', 7);
INSERT INTO Historico_Aluno (id_aluno, id_disciplina, semestre, nota, situacao, id_professor) VALUES (4, 22, '2023/2', 7.58, 'aprovado', 16);
INSERT INTO Historico_Aluno (id_aluno, id_disciplina, semestre, nota, situacao, id_professor) VALUES (4, 23, '2023/2', 9.61, 'aprovado', 20);
INSERT INTO Historico_Aluno (id_aluno, id_disciplina, semestre, nota, situacao, id_professor) VALUES (5, 12, '2023/2', 7.72, 'aprovado', 1);
INSERT INTO Historico_Aluno (id_aluno, id_disciplina, semestre, nota, situacao, id_professor) VALUES (5, 26, '2023/2', 1.55, 'reprovado', 16);
INSERT INTO Historico_Aluno (id_aluno, id_disciplina, semestre, nota, situacao, id_professor) VALUES (5, 2, '2023/2', 7.65, 'aprovado', 4);
INSERT INTO Historico_Aluno (id_aluno, id_disciplina, semestre, nota, situacao, id_professor) VALUES (5, 7, '2023/2', 5.49, 'aprovado', 7);
INSERT INTO Historico_Aluno (id_aluno, id_disciplina, semestre, nota, situacao, id_professor) VALUES (5, 4, '2024/1', 7.09, 'aprovado', 16);
INSERT INTO Historico_Aluno (id_aluno, id_disciplina, semestre, nota, situacao, id_professor) VALUES (5, 1, '2024/1', 1.88, 'reprovado', 4);
INSERT INTO Historico_Aluno (id_aluno, id_disciplina, semestre, nota, situacao, id_professor) VALUES (5, 25, '2024/1', 9.2, 'aprovado', 4);
INSERT INTO Historico_Aluno (id_aluno, id_disciplina, semestre, nota, situacao, id_professor) VALUES (5, 13, '2024/1', 2.94, 'reprovado', 16);
INSERT INTO Historico_Aluno (id_aluno, id_disciplina, semestre, nota, situacao, id_professor) VALUES (5, 5, '2024/1', 7.05, 'aprovado', 16);
INSERT INTO Historico_Aluno (id_aluno, id_disciplina, semestre, nota, situacao, id_professor) VALUES (5, 6, '2024/1', 4.61, 'reprovado', 7);
INSERT INTO Historico_Aluno (id_aluno, id_disciplina, semestre, nota, situacao, id_professor) VALUES (5, 10, '2024/2', 9.24, 'aprovado', 4);
INSERT INTO Historico_Aluno (id_aluno, id_disciplina, semestre, nota, situacao, id_professor) VALUES (5, 30, '2024/2', 5.51, 'aprovado', 1);
INSERT INTO Historico_Aluno (id_aluno, id_disciplina, semestre, nota, situacao, id_professor) VALUES (5, 23, '2024/2', 4.6, 'reprovado', 4);
INSERT INTO Historico_Aluno (id_aluno, id_disciplina, semestre, nota, situacao, id_professor) VALUES (5, 27, '2024/2', 6.63, 'aprovado', 4);
INSERT INTO Historico_Aluno (id_aluno, id_disciplina, semestre, nota, situacao, id_professor) VALUES (5, 22, '2024/2', 9.1, 'aprovado', 1);
INSERT INTO Historico_Aluno (id_aluno, id_disciplina, semestre, nota, situacao, id_professor) VALUES (5, 26, '2024/2', 5.9, 'aprovado', 3);
INSERT INTO Historico_Aluno (id_aluno, id_disciplina, semestre, nota, situacao, id_professor) VALUES (5, 1, '2024/2', 7.83, 'aprovado', 5);
INSERT INTO Historico_Aluno (id_aluno, id_disciplina, semestre, nota, situacao, id_professor) VALUES (5, 13, '2024/2', 8.42, 'aprovado', 20);
INSERT INTO Historico_Aluno (id_aluno, id_disciplina, semestre, nota, situacao, id_professor) VALUES (5, 6, '2024/2', 6.75, 'aprovado', 4);
INSERT INTO Historico_Aluno (id_aluno, id_disciplina, semestre, nota, situacao, id_professor) VALUES (6, 9, '2022/2', 2.53, 'reprovado', 3);
INSERT INTO Historico_Aluno (id_aluno, id_disciplina, semestre, nota, situacao, id_professor) VALUES (6, 10, '2022/2', 9.31, 'aprovado', 17);
INSERT INTO Historico_Aluno (id_aluno, id_disciplina, semestre, nota, situacao, id_professor) VALUES (6, 5, '2022/2', 3.62, 'reprovado', 17);
INSERT INTO Historico_Aluno (id_aluno, id_disciplina, semestre, nota, situacao, id_professor) VALUES (6, 2, '2022/2', 5.03, 'aprovado', 12);
INSERT INTO Historico_Aluno (id_aluno, id_disciplina, semestre, nota, situacao, id_professor) VALUES (6, 21, '2024/2', 1.52, 'reprovado', 12);
INSERT INTO Historico_Aluno (id_aluno, id_disciplina, semestre, nota, situacao, id_professor) VALUES (6, 30, '2024/2', 6.23, 'aprovado', 18);
INSERT INTO Historico_Aluno (id_aluno, id_disciplina, semestre, nota, situacao, id_professor) VALUES (6, 1, '2024/2', 9.22, 'aprovado', 11);
INSERT INTO Historico_Aluno (id_aluno, id_disciplina, semestre, nota, situacao, id_professor) VALUES (6, 8, '2024/2', 6.17, 'aprovado', 17);
INSERT INTO Historico_Aluno (id_aluno, id_disciplina, semestre, nota, situacao, id_professor) VALUES (6, 9, '2024/2', 8.38, 'aprovado', 7);
INSERT INTO Historico_Aluno (id_aluno, id_disciplina, semestre, nota, situacao, id_professor) VALUES (6, 5, '2024/2', 6.11, 'aprovado', 19);
INSERT INTO Historico_Aluno (id_aluno, id_disciplina, semestre, nota, situacao, id_professor) VALUES (7, 18, '2022/2', 1.01, 'reprovado', 17);
INSERT INTO Historico_Aluno (id_aluno, id_disciplina, semestre, nota, situacao, id_professor) VALUES (7, 29, '2022/2', 2.18, 'reprovado', 12);
INSERT INTO Historico_Aluno (id_aluno, id_disciplina, semestre, nota, situacao, id_professor) VALUES (7, 7, '2022/2', 1.75, 'reprovado', 17);
INSERT INTO Historico_Aluno (id_aluno, id_disciplina, semestre, nota, situacao, id_professor) VALUES (7, 30, '2022/2', 6.06, 'aprovado', 18);
INSERT INTO Historico_Aluno (id_aluno, id_disciplina, semestre, nota, situacao, id_professor) VALUES (7, 27, '2022/2', 1.94, 'reprovado', 20);
INSERT INTO Historico_Aluno (id_aluno, id_disciplina, semestre, nota, situacao, id_professor) VALUES (7, 9, '2024/1', 2.64, 'reprovado', 11);
INSERT INTO Historico_Aluno (id_aluno, id_disciplina, semestre, nota, situacao, id_professor) VALUES (7, 3, '2024/1', 1.98, 'reprovado', 15);
INSERT INTO Historico_Aluno (id_aluno, id_disciplina, semestre, nota, situacao, id_professor) VALUES (7, 14, '2024/1', 5.33, 'aprovado', 17);
INSERT INTO Historico_Aluno (id_aluno, id_disciplina, semestre, nota, situacao, id_professor) VALUES (7, 29, '2024/1', 6.56, 'aprovado', 11);
INSERT INTO Historico_Aluno (id_aluno, id_disciplina, semestre, nota, situacao, id_professor) VALUES (7, 5, '2024/1', 4.24, 'reprovado', 20);
INSERT INTO Historico_Aluno (id_aluno, id_disciplina, semestre, nota, situacao, id_professor) VALUES (7, 6, '2024/1', 1.14, 'reprovado', 12);
INSERT INTO Historico_Aluno (id_aluno, id_disciplina, semestre, nota, situacao, id_professor) VALUES (7, 13, '2025/1', 0.6, 'reprovado', 15);
INSERT INTO Historico_Aluno (id_aluno, id_disciplina, semestre, nota, situacao, id_professor) VALUES (7, 22, '2025/1', 9.17, 'aprovado', 18);
INSERT INTO Historico_Aluno (id_aluno, id_disciplina, semestre, nota, situacao, id_professor) VALUES (7, 20, '2025/1', 9.02, 'aprovado', 3);
INSERT INTO Historico_Aluno (id_aluno, id_disciplina, semestre, nota, situacao, id_professor) VALUES (7, 18, '2025/1', 7.32, 'aprovado', 11);
INSERT INTO Historico_Aluno (id_aluno, id_disciplina, semestre, nota, situacao, id_professor) VALUES (7, 27, '2025/1', 9.53, 'aprovado', 20);
INSERT INTO Historico_Aluno (id_aluno, id_disciplina, semestre, nota, situacao, id_professor) VALUES (7, 19, '2025/2', 1.0, 'reprovado', 18);
INSERT INTO Historico_Aluno (id_aluno, id_disciplina, semestre, nota, situacao, id_professor) VALUES (7, 23, '2025/2', 8.38, 'aprovado', 12);
INSERT INTO Historico_Aluno (id_aluno, id_disciplina, semestre, nota, situacao, id_professor) VALUES (7, 6, '2025/2', 8.35, 'aprovado', 15);
INSERT INTO Historico_Aluno (id_aluno, id_disciplina, semestre, nota, situacao, id_professor) VALUES (7, 12, '2025/2', 2.34, 'reprovado', 3);
INSERT INTO Historico_Aluno (id_aluno, id_disciplina, semestre, nota, situacao, id_professor) VALUES (7, 7, '2025/2', 6.76, 'aprovado', 9);
INSERT INTO Historico_Aluno (id_aluno, id_disciplina, semestre, nota, situacao, id_professor) VALUES (7, 9, '2025/2', 7.04, 'aprovado', 19);
INSERT INTO Historico_Aluno (id_aluno, id_disciplina, semestre, nota, situacao, id_professor) VALUES (7, 3, '2025/2', 9.8, 'aprovado', 17);
INSERT INTO Historico_Aluno (id_aluno, id_disciplina, semestre, nota, situacao, id_professor) VALUES (7, 5, '2025/2', 9.62, 'aprovado', 18);
INSERT INTO Historico_Aluno (id_aluno, id_disciplina, semestre, nota, situacao, id_professor) VALUES (7, 13, '2025/2', 6.42, 'aprovado', 20);
INSERT INTO Historico_Aluno (id_aluno, id_disciplina, semestre, nota, situacao, id_professor) VALUES (8, 22, '2022/2', 5.62, 'aprovado', 9);
INSERT INTO Historico_Aluno (id_aluno, id_disciplina, semestre, nota, situacao, id_professor) VALUES (8, 1, '2022/2', 4.85, 'reprovado', 9);
INSERT INTO Historico_Aluno (id_aluno, id_disciplina, semestre, nota, situacao, id_professor) VALUES (8, 21, '2022/2', 3.74, 'reprovado', 9);
INSERT INTO Historico_Aluno (id_aluno, id_disciplina, semestre, nota, situacao, id_professor) VALUES (8, 2, '2022/2', 7.49, 'aprovado', 9);
INSERT INTO Historico_Aluno (id_aluno, id_disciplina, semestre, nota, situacao, id_professor) VALUES (8, 24, '2022/2', 0.39, 'reprovado', 9);
INSERT INTO Historico_Aluno (id_aluno, id_disciplina, semestre, nota, situacao, id_professor) VALUES (8, 27, '2022/2', 7.62, 'aprovado', 9);
INSERT INTO Historico_Aluno (id_aluno, id_disciplina, semestre, nota, situacao, id_professor) VALUES (8, 1, '2023/1', 8.91, 'aprovado', 9);
INSERT INTO Historico_Aluno (id_aluno, id_disciplina, semestre, nota, situacao, id_professor) VALUES (8, 29, '2023/1', 7.34, 'aprovado', 9);
INSERT INTO Historico_Aluno (id_aluno, id_disciplina, semestre, nota, situacao, id_professor) VALUES (8, 15, '2023/1', 1.4, 'reprovado', 9);
INSERT INTO Historico_Aluno (id_aluno, id_disciplina, semestre, nota, situacao, id_professor) VALUES (8, 20, '2023/1', 2.1, 'reprovado', 9);
INSERT INTO Historico_Aluno (id_aluno, id_disciplina, semestre, nota, situacao, id_professor) VALUES (8, 21, '2023/1', 7.47, 'aprovado', 5);
INSERT INTO Historico_Aluno (id_aluno, id_disciplina, semestre, nota, situacao, id_professor) VALUES (8, 24, '2023/1', 9.91, 'aprovado', 6);
INSERT INTO Historico_Aluno (id_aluno, id_disciplina, semestre, nota, situacao, id_professor) VALUES (9, 2, '2024/1', 0.15, 'reprovado', 17);
INSERT INTO Historico_Aluno (id_aluno, id_disciplina, semestre, nota, situacao, id_professor) VALUES (9, 25, '2024/1', 1.44, 'reprovado', 17);
INSERT INTO Historico_Aluno (id_aluno, id_disciplina, semestre, nota, situacao, id_professor) VALUES (9, 12, '2024/1', 8.96, 'aprovado', 11);
INSERT INTO Historico_Aluno (id_aluno, id_disciplina, semestre, nota, situacao, id_professor) VALUES (9, 28, '2024/1', 1.43, 'reprovado', 15);
INSERT INTO Historico_Aluno (id_aluno, id_disciplina, semestre, nota, situacao, id_professor) VALUES (9, 6, '2024/1', 2.31, 'reprovado', 15);
INSERT INTO Historico_Aluno (id_aluno, id_disciplina, semestre, nota, situacao, id_professor) VALUES (9, 9, '2024/1', 9.57, 'aprovado', 12);
INSERT INTO Historico_Aluno (id_aluno, id_disciplina, semestre, nota, situacao, id_professor) VALUES (9, 5, '2025/1', 9.57, 'aprovado', 15);
INSERT INTO Historico_Aluno (id_aluno, id_disciplina, semestre, nota, situacao, id_professor) VALUES (9, 14, '2025/1', 6.44, 'aprovado', 15);
INSERT INTO Historico_Aluno (id_aluno, id_disciplina, semestre, nota, situacao, id_professor) VALUES (9, 30, '2025/1', 4.95, 'reprovado', 11);
INSERT INTO Historico_Aluno (id_aluno, id_disciplina, semestre, nota, situacao, id_professor) VALUES (9, 21, '2025/1', 4.25, 'reprovado', 20);
INSERT INTO Historico_Aluno (id_aluno, id_disciplina, semestre, nota, situacao, id_professor) VALUES (9, 24, '2025/2', 1.36, 'reprovado', 18);
INSERT INTO Historico_Aluno (id_aluno, id_disciplina, semestre, nota, situacao, id_professor) VALUES (9, 2, '2025/2', 9.25, 'aprovado', 15);
INSERT INTO Historico_Aluno (id_aluno, id_disciplina, semestre, nota, situacao, id_professor) VALUES (9, 1, '2025/2', 3.1, 'reprovado', 17);
INSERT INTO Historico_Aluno (id_aluno, id_disciplina, semestre, nota, situacao, id_professor) VALUES (9, 25, '2025/2', 7.31, 'aprovado', 12);
INSERT INTO Historico_Aluno (id_aluno, id_disciplina, semestre, nota, situacao, id_professor) VALUES (9, 28, '2025/2', 5.47, 'aprovado', 16);
INSERT INTO Historico_Aluno (id_aluno, id_disciplina, semestre, nota, situacao, id_professor) VALUES (9, 6, '2025/2', 9.49, 'aprovado', 18);
INSERT INTO Historico_Aluno (id_aluno, id_disciplina, semestre, nota, situacao, id_professor) VALUES (9, 30, '2025/2', 9.87, 'aprovado', 16);
INSERT INTO Historico_Aluno (id_aluno, id_disciplina, semestre, nota, situacao, id_professor) VALUES (9, 21, '2025/2', 7.46, 'aprovado', 6);
INSERT INTO Historico_Aluno (id_aluno, id_disciplina, semestre, nota, situacao, id_professor) VALUES (10, 26, '2022/2', 4.15, 'reprovado', 14);
INSERT INTO Historico_Aluno (id_aluno, id_disciplina, semestre, nota, situacao, id_professor) VALUES (10, 27, '2022/2', 8.48, 'aprovado', 14);
INSERT INTO Historico_Aluno (id_aluno, id_disciplina, semestre, nota, situacao, id_professor) VALUES (10, 22, '2022/2', 1.07, 'reprovado', 14);
INSERT INTO Historico_Aluno (id_aluno, id_disciplina, semestre, nota, situacao, id_professor) VALUES (10, 18, '2022/2', 8.17, 'aprovado', 10);
INSERT INTO Historico_Aluno (id_aluno, id_disciplina, semestre, nota, situacao, id_professor) VALUES (10, 23, '2023/2', 6.59, 'aprovado', 2);
INSERT INTO Historico_Aluno (id_aluno, id_disciplina, semestre, nota, situacao, id_professor) VALUES (10, 7, '2023/2', 0.45, 'reprovado', 2);
INSERT INTO Historico_Aluno (id_aluno, id_disciplina, semestre, nota, situacao, id_professor) VALUES (10, 21, '2023/2', 1.15, 'reprovado', 14);
INSERT INTO Historico_Aluno (id_aluno, id_disciplina, semestre, nota, situacao, id_professor) VALUES (10, 4, '2023/2', 0.99, 'reprovado', 14);
INSERT INTO Historico_Aluno (id_aluno, id_disciplina, semestre, nota, situacao, id_professor) VALUES (10, 20, '2023/2', 4.94, 'reprovado', 14);
INSERT INTO Historico_Aluno (id_aluno, id_disciplina, semestre, nota, situacao, id_professor) VALUES (10, 16, '2023/2', 6.68, 'aprovado', 13);
INSERT INTO Historico_Aluno (id_aluno, id_disciplina, semestre, nota, situacao, id_professor) VALUES (10, 2, '2025/1', 0.32, 'reprovado', 14);
INSERT INTO Historico_Aluno (id_aluno, id_disciplina, semestre, nota, situacao, id_professor) VALUES (10, 9, '2025/1', 7.9, 'aprovado', 13);
INSERT INTO Historico_Aluno (id_aluno, id_disciplina, semestre, nota, situacao, id_professor) VALUES (10, 12, '2025/1', 7.66, 'aprovado', 13);
INSERT INTO Historico_Aluno (id_aluno, id_disciplina, semestre, nota, situacao, id_professor) VALUES (10, 26, '2025/1', 9.06, 'aprovado', 13);
INSERT INTO Historico_Aluno (id_aluno, id_disciplina, semestre, nota, situacao, id_professor) VALUES (10, 3, '2025/1', 2.32, 'reprovado', 13);
INSERT INTO Historico_Aluno (id_aluno, id_disciplina, semestre, nota, situacao, id_professor) VALUES (10, 13, '2025/2', 6.89, 'aprovado', 10);
INSERT INTO Historico_Aluno (id_aluno, id_disciplina, semestre, nota, situacao, id_professor) VALUES (10, 3, '2025/2', 8.49, 'aprovado', 2);
INSERT INTO Historico_Aluno (id_aluno, id_disciplina, semestre, nota, situacao, id_professor) VALUES (10, 28, '2025/2', 9.83, 'aprovado', 2);
INSERT INTO Historico_Aluno (id_aluno, id_disciplina, semestre, nota, situacao, id_professor) VALUES (10, 17, '2025/2', 4.42, 'reprovado', 2);
INSERT INTO Historico_Aluno (id_aluno, id_disciplina, semestre, nota, situacao, id_professor) VALUES (10, 22, '2025/2', 6.84, 'aprovado', 14);
INSERT INTO Historico_Aluno (id_aluno, id_disciplina, semestre, nota, situacao, id_professor) VALUES (10, 7, '2025/2', 7.76, 'aprovado', 12);
INSERT INTO Historico_Aluno (id_aluno, id_disciplina, semestre, nota, situacao, id_professor) VALUES (10, 21, '2025/2', 8.21, 'aprovado', 19);
INSERT INTO Historico_Aluno (id_aluno, id_disciplina, semestre, nota, situacao, id_professor) VALUES (10, 4, '2025/2', 7.51, 'aprovado', 20);
INSERT INTO Historico_Aluno (id_aluno, id_disciplina, semestre, nota, situacao, id_professor) VALUES (10, 20, '2025/2', 6.06, 'aprovado', 12);
INSERT INTO Historico_Aluno (id_aluno, id_disciplina, semestre, nota, situacao, id_professor) VALUES (10, 2, '2025/2', 9.48, 'aprovado', 12);
INSERT INTO Historico_Aluno (id_aluno, id_disciplina, semestre, nota, situacao, id_professor) VALUES (11, 7, '2022/1', 8.66, 'aprovado', 1);
INSERT INTO Historico_Aluno (id_aluno, id_disciplina, semestre, nota, situacao, id_professor) VALUES (11, 5, '2022/1', 9.64, 'aprovado', 1);
INSERT INTO Historico_Aluno (id_aluno, id_disciplina, semestre, nota, situacao, id_professor) VALUES (11, 3, '2022/1', 4.52, 'reprovado', 4);
INSERT INTO Historico_Aluno (id_aluno, id_disciplina, semestre, nota, situacao, id_professor) VALUES (11, 26, '2022/1', 0.55, 'reprovado', 1);
INSERT INTO Historico_Aluno (id_aluno, id_disciplina, semestre, nota, situacao, id_professor) VALUES (11, 19, '2022/1', 5.92, 'aprovado', 4);
INSERT INTO Historico_Aluno (id_aluno, id_disciplina, semestre, nota, situacao, id_professor) VALUES (11, 22, '2022/1', 7.46, 'aprovado', 7);
INSERT INTO Historico_Aluno (id_aluno, id_disciplina, semestre, nota, situacao, id_professor) VALUES (11, 21, '2022/2', 6.05, 'aprovado', 16);
INSERT INTO Historico_Aluno (id_aluno, id_disciplina, semestre, nota, situacao, id_professor) VALUES (11, 28, '2022/2', 2.85, 'reprovado', 7);
INSERT INTO Historico_Aluno (id_aluno, id_disciplina, semestre, nota, situacao, id_professor) VALUES (11, 18, '2022/2', 9.25, 'aprovado', 7);
INSERT INTO Historico_Aluno (id_aluno, id_disciplina, semestre, nota, situacao, id_professor) VALUES (11, 17, '2022/2', 6.35, 'aprovado', 4);
INSERT INTO Historico_Aluno (id_aluno, id_disciplina, semestre, nota, situacao, id_professor) VALUES (11, 1, '2022/2', 0.35, 'reprovado', 7);
INSERT INTO Historico_Aluno (id_aluno, id_disciplina, semestre, nota, situacao, id_professor) VALUES (11, 10, '2022/2', 4.05, 'reprovado', 16);
INSERT INTO Historico_Aluno (id_aluno, id_disciplina, semestre, nota, situacao, id_professor) VALUES (11, 12, '2023/1', 2.67, 'reprovado', 4);
INSERT INTO Historico_Aluno (id_aluno, id_disciplina, semestre, nota, situacao, id_professor) VALUES (11, 29, '2023/1', 8.86, 'aprovado', 7);
INSERT INTO Historico_Aluno (id_aluno, id_disciplina, semestre, nota, situacao, id_professor) VALUES (11, 11, '2023/1', 3.1, 'reprovado', 1);
INSERT INTO Historico_Aluno (id_aluno, id_disciplina, semestre, nota, situacao, id_professor) VALUES (11, 14, '2023/1', 9.78, 'aprovado', 16);
INSERT INTO Historico_Aluno (id_aluno, id_disciplina, semestre, nota, situacao, id_professor) VALUES (11, 26, '2023/1', 6.98, 'aprovado', 7);
INSERT INTO Historico_Aluno (id_aluno, id_disciplina, semestre, nota, situacao, id_professor) VALUES (11, 11, '2024/1', 8.65, 'aprovado', 4);
INSERT INTO Historico_Aluno (id_aluno, id_disciplina, semestre, nota, situacao, id_professor) VALUES (11, 1, '2024/1', 6.84, 'aprovado', 16);
INSERT INTO Historico_Aluno (id_aluno, id_disciplina, semestre, nota, situacao, id_professor) VALUES (11, 4, '2024/1', 5.8, 'aprovado', 16);
INSERT INTO Historico_Aluno (id_aluno, id_disciplina, semestre, nota, situacao, id_professor) VALUES (11, 23, '2024/1', 8.87, 'aprovado', 7);
INSERT INTO Historico_Aluno (id_aluno, id_disciplina, semestre, nota, situacao, id_professor) VALUES (11, 3, '2024/1', 5.07, 'aprovado', 2);
INSERT INTO Historico_Aluno (id_aluno, id_disciplina, semestre, nota, situacao, id_professor) VALUES (11, 28, '2024/1', 7.04, 'aprovado', 5);
INSERT INTO Historico_Aluno (id_aluno, id_disciplina, semestre, nota, situacao, id_professor) VALUES (11, 10, '2024/1', 6.74, 'aprovado', 10);
INSERT INTO Historico_Aluno (id_aluno, id_disciplina, semestre, nota, situacao, id_professor) VALUES (11, 12, '2024/1', 5.65, 'aprovado', 14);
INSERT INTO Historico_Aluno (id_aluno, id_disciplina, semestre, nota, situacao, id_professor) VALUES (12, 20, '2023/2', 9.41, 'aprovado', 13);
INSERT INTO Historico_Aluno (id_aluno, id_disciplina, semestre, nota, situacao, id_professor) VALUES (12, 28, '2023/2', 9.53, 'aprovado', 10);
INSERT INTO Historico_Aluno (id_aluno, id_disciplina, semestre, nota, situacao, id_professor) VALUES (12, 18, '2023/2', 9.42, 'aprovado', 13);
INSERT INTO Historico_Aluno (id_aluno, id_disciplina, semestre, nota, situacao, id_professor) VALUES (12, 30, '2023/2', 2.45, 'reprovado', 14);
INSERT INTO Historico_Aluno (id_aluno, id_disciplina, semestre, nota, situacao, id_professor) VALUES (12, 12, '2023/2', 0.21, 'reprovado', 13);
INSERT INTO Historico_Aluno (id_aluno, id_disciplina, semestre, nota, situacao, id_professor) VALUES (12, 4, '2024/2', 8.4, 'aprovado', 10);
INSERT INTO Historico_Aluno (id_aluno, id_disciplina, semestre, nota, situacao, id_professor) VALUES (12, 6, '2024/2', 1.54, 'reprovado', 2);
INSERT INTO Historico_Aluno (id_aluno, id_disciplina, semestre, nota, situacao, id_professor) VALUES (12, 23, '2024/2', 3.35, 'reprovado', 13);
INSERT INTO Historico_Aluno (id_aluno, id_disciplina, semestre, nota, situacao, id_professor) VALUES (12, 10, '2024/2', 9.37, 'aprovado', 10);
INSERT INTO Historico_Aluno (id_aluno, id_disciplina, semestre, nota, situacao, id_professor) VALUES (12, 11, '2025/1', 3.35, 'reprovado', 13);
INSERT INTO Historico_Aluno (id_aluno, id_disciplina, semestre, nota, situacao, id_professor) VALUES (12, 12, '2025/1', 8.59, 'aprovado', 14);
INSERT INTO Historico_Aluno (id_aluno, id_disciplina, semestre, nota, situacao, id_professor) VALUES (12, 21, '2025/1', 2.91, 'reprovado', 10);
INSERT INTO Historico_Aluno (id_aluno, id_disciplina, semestre, nota, situacao, id_professor) VALUES (12, 15, '2025/1', 9.96, 'aprovado', 14);
INSERT INTO Historico_Aluno (id_aluno, id_disciplina, semestre, nota, situacao, id_professor) VALUES (12, 8, '2025/1', 3.18, 'reprovado', 2);
INSERT INTO Historico_Aluno (id_aluno, id_disciplina, semestre, nota, situacao, id_professor) VALUES (12, 19, '2025/1', 8.07, 'aprovado', 10);
INSERT INTO Historico_Aluno (id_aluno, id_disciplina, semestre, nota, situacao, id_professor) VALUES (12, 1, '2025/2', 5.31, 'aprovado', 13);
INSERT INTO Historico_Aluno (id_aluno, id_disciplina, semestre, nota, situacao, id_professor) VALUES (12, 14, '2025/2', 4.51, 'reprovado', 13);
INSERT INTO Historico_Aluno (id_aluno, id_disciplina, semestre, nota, situacao, id_professor) VALUES (12, 8, '2025/2', 6.18, 'aprovado', 2);
INSERT INTO Historico_Aluno (id_aluno, id_disciplina, semestre, nota, situacao, id_professor) VALUES (12, 30, '2025/2', 9.89, 'aprovado', 2);
INSERT INTO Historico_Aluno (id_aluno, id_disciplina, semestre, nota, situacao, id_professor) VALUES (12, 3, '2025/2', 9.93, 'aprovado', 2);
INSERT INTO Historico_Aluno (id_aluno, id_disciplina, semestre, nota, situacao, id_professor) VALUES (12, 17, '2025/2', 4.76, 'reprovado', 2);
INSERT INTO Historico_Aluno (id_aluno, id_disciplina, semestre, nota, situacao, id_professor) VALUES (12, 6, '2025/2', 9.4, 'aprovado', 11);
INSERT INTO Historico_Aluno (id_aluno, id_disciplina, semestre, nota, situacao, id_professor) VALUES (12, 23, '2025/2', 8.27, 'aprovado', 18);
INSERT INTO Historico_Aluno (id_aluno, id_disciplina, semestre, nota, situacao, id_professor) VALUES (12, 11, '2025/2', 6.32, 'aprovado', 1);
INSERT INTO Historico_Aluno (id_aluno, id_disciplina, semestre, nota, situacao, id_professor) VALUES (12, 21, '2025/2', 8.54, 'aprovado', 9);
INSERT INTO Historico_Aluno (id_aluno, id_disciplina, semestre, nota, situacao, id_professor) VALUES (13, 20, '2023/2', 0.99, 'reprovado', 6);
INSERT INTO Historico_Aluno (id_aluno, id_disciplina, semestre, nota, situacao, id_professor) VALUES (13, 9, '2023/2', 9.16, 'aprovado', 5);
INSERT INTO Historico_Aluno (id_aluno, id_disciplina, semestre, nota, situacao, id_professor) VALUES (13, 3, '2023/2', 2.88, 'reprovado', 5);
INSERT INTO Historico_Aluno (id_aluno, id_disciplina, semestre, nota, situacao, id_professor) VALUES (13, 29, '2023/2', 9.68, 'aprovado', 6);
INSERT INTO Historico_Aluno (id_aluno, id_disciplina, semestre, nota, situacao, id_professor) VALUES (13, 26, '2023/2', 1.85, 'reprovado', 19);
INSERT INTO Historico_Aluno (id_aluno, id_disciplina, semestre, nota, situacao, id_professor) VALUES (13, 30, '2023/2', 5.94, 'aprovado', 19);
INSERT INTO Historico_Aluno (id_aluno, id_disciplina, semestre, nota, situacao, id_professor) VALUES (13, 13, '2024/2', 5.35, 'aprovado', 8);
INSERT INTO Historico_Aluno (id_aluno, id_disciplina, semestre, nota, situacao, id_professor) VALUES (13, 6, '2024/2', 9.53, 'aprovado', 5);
INSERT INTO Historico_Aluno (id_aluno, id_disciplina, semestre, nota, situacao, id_professor) VALUES (13, 19, '2024/2', 5.41, 'aprovado', 19);
INSERT INTO Historico_Aluno (id_aluno, id_disciplina, semestre, nota, situacao, id_professor) VALUES (13, 7, '2024/2', 6.94, 'aprovado', 19);
INSERT INTO Historico_Aluno (id_aluno, id_disciplina, semestre, nota, situacao, id_professor) VALUES (13, 26, '2025/2', 5.73, 'aprovado', 8);
INSERT INTO Historico_Aluno (id_aluno, id_disciplina, semestre, nota, situacao, id_professor) VALUES (13, 22, '2025/2', 1.72, 'reprovado', 8);
INSERT INTO Historico_Aluno (id_aluno, id_disciplina, semestre, nota, situacao, id_professor) VALUES (13, 18, '2025/2', 1.8, 'reprovado', 6);
INSERT INTO Historico_Aluno (id_aluno, id_disciplina, semestre, nota, situacao, id_professor) VALUES (13, 2, '2025/2', 8.51, 'aprovado', 19);
INSERT INTO Historico_Aluno (id_aluno, id_disciplina, semestre, nota, situacao, id_professor) VALUES (13, 5, '2025/2', 9.67, 'aprovado', 8);
INSERT INTO Historico_Aluno (id_aluno, id_disciplina, semestre, nota, situacao, id_professor) VALUES (13, 12, '2025/2', 5.66, 'aprovado', 8);
INSERT INTO Historico_Aluno (id_aluno, id_disciplina, semestre, nota, situacao, id_professor) VALUES (13, 20, '2025/2', 6.72, 'aprovado', 16);
INSERT INTO Historico_Aluno (id_aluno, id_disciplina, semestre, nota, situacao, id_professor) VALUES (13, 3, '2025/2', 9.15, 'aprovado', 12);
INSERT INTO Historico_Aluno (id_aluno, id_disciplina, semestre, nota, situacao, id_professor) VALUES (14, 15, '2022/2', 8.02, 'aprovado', 19);
INSERT INTO Historico_Aluno (id_aluno, id_disciplina, semestre, nota, situacao, id_professor) VALUES (14, 26, '2022/2', 3.06, 'reprovado', 5);
INSERT INTO Historico_Aluno (id_aluno, id_disciplina, semestre, nota, situacao, id_professor) VALUES (14, 16, '2022/2', 2.68, 'reprovado', 19);
INSERT INTO Historico_Aluno (id_aluno, id_disciplina, semestre, nota, situacao, id_professor) VALUES (14, 1, '2022/2', 5.35, 'aprovado', 6);
INSERT INTO Historico_Aluno (id_aluno, id_disciplina, semestre, nota, situacao, id_professor) VALUES (14, 14, '2022/2', 9.87, 'aprovado', 5);
INSERT INTO Historico_Aluno (id_aluno, id_disciplina, semestre, nota, situacao, id_professor) VALUES (14, 18, '2022/2', 5.89, 'aprovado', 5);
INSERT INTO Historico_Aluno (id_aluno, id_disciplina, semestre, nota, situacao, id_professor) VALUES (14, 2, '2025/1', 9.58, 'aprovado', 5);
INSERT INTO Historico_Aluno (id_aluno, id_disciplina, semestre, nota, situacao, id_professor) VALUES (14, 22, '2025/1', 0.47, 'reprovado', 19);
INSERT INTO Historico_Aluno (id_aluno, id_disciplina, semestre, nota, situacao, id_professor) VALUES (14, 7, '2025/1', 7.67, 'aprovado', 6);
INSERT INTO Historico_Aluno (id_aluno, id_disciplina, semestre, nota, situacao, id_professor) VALUES (14, 10, '2025/1', 1.85, 'reprovado', 19);
INSERT INTO Historico_Aluno (id_aluno, id_disciplina, semestre, nota, situacao, id_professor) VALUES (14, 17, '2025/2', 6.33, 'aprovado', 6);
INSERT INTO Historico_Aluno (id_aluno, id_disciplina, semestre, nota, situacao, id_professor) VALUES (14, 11, '2025/2', 6.09, 'aprovado', 19);
INSERT INTO Historico_Aluno (id_aluno, id_disciplina, semestre, nota, situacao, id_professor) VALUES (14, 21, '2025/2', 9.35, 'aprovado', 8);
INSERT INTO Historico_Aluno (id_aluno, id_disciplina, semestre, nota, situacao, id_professor) VALUES (14, 12, '2025/2', 6.18, 'aprovado', 6);
INSERT INTO Historico_Aluno (id_aluno, id_disciplina, semestre, nota, situacao, id_professor) VALUES (14, 5, '2025/2', 5.55, 'aprovado', 8);
INSERT INTO Historico_Aluno (id_aluno, id_disciplina, semestre, nota, situacao, id_professor) VALUES (14, 13, '2025/2', 1.07, 'reprovado', 8);
INSERT INTO Historico_Aluno (id_aluno, id_disciplina, semestre, nota, situacao, id_professor) VALUES (14, 26, '2025/2', 7.07, 'aprovado', 5);
INSERT INTO Historico_Aluno (id_aluno, id_disciplina, semestre, nota, situacao, id_professor) VALUES (14, 16, '2025/2', 7.85, 'aprovado', 1);
INSERT INTO Historico_Aluno (id_aluno, id_disciplina, semestre, nota, situacao, id_professor) VALUES (14, 22, '2025/2', 5.07, 'aprovado', 12);
INSERT INTO Historico_Aluno (id_aluno, id_disciplina, semestre, nota, situacao, id_professor) VALUES (14, 10, '2025/2', 5.19, 'aprovado', 20);
INSERT INTO Historico_Aluno (id_aluno, id_disciplina, semestre, nota, situacao, id_professor) VALUES (15, 28, '2022/2', 2.85, 'reprovado', 10);
INSERT INTO Historico_Aluno (id_aluno, id_disciplina, semestre, nota, situacao, id_professor) VALUES (15, 12, '2022/2', 1.59, 'reprovado', 14);
INSERT INTO Historico_Aluno (id_aluno, id_disciplina, semestre, nota, situacao, id_professor) VALUES (15, 24, '2022/2', 6.45, 'aprovado', 14);
INSERT INTO Historico_Aluno (id_aluno, id_disciplina, semestre, nota, situacao, id_professor) VALUES (15, 30, '2022/2', 0.52, 'reprovado', 14);
INSERT INTO Historico_Aluno (id_aluno, id_disciplina, semestre, nota, situacao, id_professor) VALUES (15, 13, '2022/2', 5.04, 'aprovado', 14);
INSERT INTO Historico_Aluno (id_aluno, id_disciplina, semestre, nota, situacao, id_professor) VALUES (15, 22, '2022/2', 2.06, 'reprovado', 10);
INSERT INTO Historico_Aluno (id_aluno, id_disciplina, semestre, nota, situacao, id_professor) VALUES (15, 11, '2023/1', 8.43, 'aprovado', 10);
INSERT INTO Historico_Aluno (id_aluno, id_disciplina, semestre, nota, situacao, id_professor) VALUES (15, 19, '2023/1', 2.27, 'reprovado', 14);
INSERT INTO Historico_Aluno (id_aluno, id_disciplina, semestre, nota, situacao, id_professor) VALUES (15, 27, '2023/1', 6.86, 'aprovado', 13);
INSERT INTO Historico_Aluno (id_aluno, id_disciplina, semestre, nota, situacao, id_professor) VALUES (15, 6, '2023/1', 6.49, 'aprovado', 2);
INSERT INTO Historico_Aluno (id_aluno, id_disciplina, semestre, nota, situacao, id_professor) VALUES (15, 17, '2024/2', 6.86, 'aprovado', 10);
INSERT INTO Historico_Aluno (id_aluno, id_disciplina, semestre, nota, situacao, id_professor) VALUES (15, 8, '2024/2', 1.14, 'reprovado', 2);
INSERT INTO Historico_Aluno (id_aluno, id_disciplina, semestre, nota, situacao, id_professor) VALUES (15, 20, '2024/2', 1.24, 'reprovado', 14);
INSERT INTO Historico_Aluno (id_aluno, id_disciplina, semestre, nota, situacao, id_professor) VALUES (15, 19, '2024/2', 9.08, 'aprovado', 13);
INSERT INTO Historico_Aluno (id_aluno, id_disciplina, semestre, nota, situacao, id_professor) VALUES (15, 29, '2024/2', 9.56, 'aprovado', 10);
INSERT INTO Historico_Aluno (id_aluno, id_disciplina, semestre, nota, situacao, id_professor) VALUES (15, 30, '2024/2', 5.35, 'aprovado', 13);
INSERT INTO Historico_Aluno (id_aluno, id_disciplina, semestre, nota, situacao, id_professor) VALUES (15, 10, '2025/1', 8.36, 'aprovado', 10);
INSERT INTO Historico_Aluno (id_aluno, id_disciplina, semestre, nota, situacao, id_professor) VALUES (15, 4, '2025/1', 7.12, 'aprovado', 10);
INSERT INTO Historico_Aluno (id_aluno, id_disciplina, semestre, nota, situacao, id_professor) VALUES (15, 14, '2025/1', 3.59, 'reprovado', 2);
INSERT INTO Historico_Aluno (id_aluno, id_disciplina, semestre, nota, situacao, id_professor) VALUES (15, 12, '2025/1', 6.86, 'aprovado', 13);
INSERT INTO Historico_Aluno (id_aluno, id_disciplina, semestre, nota, situacao, id_professor) VALUES (15, 28, '2025/1', 6.17, 'aprovado', 16);
INSERT INTO Historico_Aluno (id_aluno, id_disciplina, semestre, nota, situacao, id_professor) VALUES (15, 22, '2025/1', 8.49, 'aprovado', 9);
INSERT INTO Historico_Aluno (id_aluno, id_disciplina, semestre, nota, situacao, id_professor) VALUES (15, 8, '2025/1', 7.97, 'aprovado', 14);
INSERT INTO Historico_Aluno (id_aluno, id_disciplina, semestre, nota, situacao, id_professor) VALUES (15, 20, '2025/1', 8.19, 'aprovado', 19);
INSERT INTO Historico_Aluno (id_aluno, id_disciplina, semestre, nota, situacao, id_professor) VALUES (16, 14, '2022/1', 2.16, 'reprovado', 7);
INSERT INTO Historico_Aluno (id_aluno, id_disciplina, semestre, nota, situacao, id_professor) VALUES (16, 8, '2022/1', 6.02, 'aprovado', 1);
INSERT INTO Historico_Aluno (id_aluno, id_disciplina, semestre, nota, situacao, id_professor) VALUES (16, 4, '2022/1', 4.17, 'reprovado', 7);
INSERT INTO Historico_Aluno (id_aluno, id_disciplina, semestre, nota, situacao, id_professor) VALUES (16, 9, '2022/1', 5.71, 'aprovado', 4);
INSERT INTO Historico_Aluno (id_aluno, id_disciplina, semestre, nota, situacao, id_professor) VALUES (16, 13, '2022/2', 9.98, 'aprovado', 7);
INSERT INTO Historico_Aluno (id_aluno, id_disciplina, semestre, nota, situacao, id_professor) VALUES (16, 19, '2022/2', 0.43, 'reprovado', 7);
INSERT INTO Historico_Aluno (id_aluno, id_disciplina, semestre, nota, situacao, id_professor) VALUES (16, 27, '2022/2', 6.87, 'aprovado', 7);
INSERT INTO Historico_Aluno (id_aluno, id_disciplina, semestre, nota, situacao, id_professor) VALUES (16, 23, '2022/2', 9.11, 'aprovado', 7);
INSERT INTO Historico_Aluno (id_aluno, id_disciplina, semestre, nota, situacao, id_professor) VALUES (16, 30, '2022/2', 6.33, 'aprovado', 16);
INSERT INTO Historico_Aluno (id_aluno, id_disciplina, semestre, nota, situacao, id_professor) VALUES (16, 16, '2022/2', 6.33, 'aprovado', 7);
INSERT INTO Historico_Aluno (id_aluno, id_disciplina, semestre, nota, situacao, id_professor) VALUES (16, 14, '2023/1', 9.89, 'aprovado', 4);
INSERT INTO Historico_Aluno (id_aluno, id_disciplina, semestre, nota, situacao, id_professor) VALUES (16, 12, '2023/1', 2.07, 'reprovado', 16);
INSERT INTO Historico_Aluno (id_aluno, id_disciplina, semestre, nota, situacao, id_professor) VALUES (16, 17, '2023/1', 5.65, 'aprovado', 1);
INSERT INTO Historico_Aluno (id_aluno, id_disciplina, semestre, nota, situacao, id_professor) VALUES (16, 10, '2023/1', 1.85, 'reprovado', 7);
INSERT INTO Historico_Aluno (id_aluno, id_disciplina, semestre, nota, situacao, id_professor) VALUES (16, 1, '2023/1', 7.18, 'aprovado', 1);
INSERT INTO Historico_Aluno (id_aluno, id_disciplina, semestre, nota, situacao, id_professor) VALUES (16, 2, '2023/1', 3.6, 'reprovado', 1);
INSERT INTO Historico_Aluno (id_aluno, id_disciplina, semestre, nota, situacao, id_professor) VALUES (16, 15, '2024/1', 5.55, 'aprovado', 1);
INSERT INTO Historico_Aluno (id_aluno, id_disciplina, semestre, nota, situacao, id_professor) VALUES (16, 21, '2024/1', 6.24, 'aprovado', 4);
INSERT INTO Historico_Aluno (id_aluno, id_disciplina, semestre, nota, situacao, id_professor) VALUES (16, 19, '2024/1', 7.38, 'aprovado', 16);
INSERT INTO Historico_Aluno (id_aluno, id_disciplina, semestre, nota, situacao, id_professor) VALUES (16, 10, '2024/1', 8.1, 'aprovado', 16);
INSERT INTO Historico_Aluno (id_aluno, id_disciplina, semestre, nota, situacao, id_professor) VALUES (16, 4, '2024/1', 7.06, 'aprovado', 9);
INSERT INTO Historico_Aluno (id_aluno, id_disciplina, semestre, nota, situacao, id_professor) VALUES (16, 12, '2024/1', 7.4, 'aprovado', 8);
INSERT INTO Historico_Aluno (id_aluno, id_disciplina, semestre, nota, situacao, id_professor) VALUES (16, 2, '2024/1', 8.53, 'aprovado', 1);
INSERT INTO Historico_Aluno (id_aluno, id_disciplina, semestre, nota, situacao, id_professor) VALUES (17, 12, '2024/1', 4.63, 'reprovado', 13);
INSERT INTO Historico_Aluno (id_aluno, id_disciplina, semestre, nota, situacao, id_professor) VALUES (17, 19, '2024/1', 1.03, 'reprovado', 10);
INSERT INTO Historico_Aluno (id_aluno, id_disciplina, semestre, nota, situacao, id_professor) VALUES (17, 2, '2024/1', 6.29, 'aprovado', 13);
INSERT INTO Historico_Aluno (id_aluno, id_disciplina, semestre, nota, situacao, id_professor) VALUES (17, 15, '2024/1', 8.65, 'aprovado', 14);
INSERT INTO Historico_Aluno (id_aluno, id_disciplina, semestre, nota, situacao, id_professor) VALUES (17, 25, '2025/2', 2.3, 'reprovado', 13);
INSERT INTO Historico_Aluno (id_aluno, id_disciplina, semestre, nota, situacao, id_professor) VALUES (17, 8, '2025/2', 5.52, 'aprovado', 13);
INSERT INTO Historico_Aluno (id_aluno, id_disciplina, semestre, nota, situacao, id_professor) VALUES (17, 22, '2025/2', 5.36, 'aprovado', 13);
INSERT INTO Historico_Aluno (id_aluno, id_disciplina, semestre, nota, situacao, id_professor) VALUES (17, 11, '2025/2', 5.85, 'aprovado', 14);
INSERT INTO Historico_Aluno (id_aluno, id_disciplina, semestre, nota, situacao, id_professor) VALUES (17, 7, '2025/2', 2.34, 'reprovado', 13);
INSERT INTO Historico_Aluno (id_aluno, id_disciplina, semestre, nota, situacao, id_professor) VALUES (17, 12, '2025/2', 6.2, 'aprovado', 7);
INSERT INTO Historico_Aluno (id_aluno, id_disciplina, semestre, nota, situacao, id_professor) VALUES (17, 19, '2025/2', 5.22, 'aprovado', 8);
INSERT INTO Historico_Aluno (id_aluno, id_disciplina, semestre, nota, situacao, id_professor) VALUES (18, 4, '2024/2', 0.36, 'reprovado', 9);
INSERT INTO Historico_Aluno (id_aluno, id_disciplina, semestre, nota, situacao, id_professor) VALUES (18, 2, '2024/2', 0.55, 'reprovado', 9);
INSERT INTO Historico_Aluno (id_aluno, id_disciplina, semestre, nota, situacao, id_professor) VALUES (18, 9, '2024/2', 4.4, 'reprovado', 9);
INSERT INTO Historico_Aluno (id_aluno, id_disciplina, semestre, nota, situacao, id_professor) VALUES (18, 18, '2024/2', 6.78, 'aprovado', 9);
INSERT INTO Historico_Aluno (id_aluno, id_disciplina, semestre, nota, situacao, id_professor) VALUES (18, 12, '2025/2', 5.66, 'aprovado', 9);
INSERT INTO Historico_Aluno (id_aluno, id_disciplina, semestre, nota, situacao, id_professor) VALUES (18, 20, '2025/2', 6.36, 'aprovado', 9);
INSERT INTO Historico_Aluno (id_aluno, id_disciplina, semestre, nota, situacao, id_professor) VALUES (18, 19, '2025/2', 8.01, 'aprovado', 9);
INSERT INTO Historico_Aluno (id_aluno, id_disciplina, semestre, nota, situacao, id_professor) VALUES (18, 28, '2025/2', 6.2, 'aprovado', 9);
INSERT INTO Historico_Aluno (id_aluno, id_disciplina, semestre, nota, situacao, id_professor) VALUES (18, 6, '2025/2', 0.71, 'reprovado', 9);
INSERT INTO Historico_Aluno (id_aluno, id_disciplina, semestre, nota, situacao, id_professor) VALUES (18, 4, '2025/2', 5.49, 'aprovado', 13);
INSERT INTO Historico_Aluno (id_aluno, id_disciplina, semestre, nota, situacao, id_professor) VALUES (18, 2, '2025/2', 6.68, 'aprovado', 6);
INSERT INTO Historico_Aluno (id_aluno, id_disciplina, semestre, nota, situacao, id_professor) VALUES (18, 9, '2025/2', 9.0, 'aprovado', 16);
INSERT INTO Historico_Aluno (id_aluno, id_disciplina, semestre, nota, situacao, id_professor) VALUES (19, 21, '2022/2', 7.86, 'aprovado', 13);
INSERT INTO Historico_Aluno (id_aluno, id_disciplina, semestre, nota, situacao, id_professor) VALUES (19, 26, '2022/2', 0.48, 'reprovado', 13);
INSERT INTO Historico_Aluno (id_aluno, id_disciplina, semestre, nota, situacao, id_professor) VALUES (19, 3, '2022/2', 5.55, 'aprovado', 2);
INSERT INTO Historico_Aluno (id_aluno, id_disciplina, semestre, nota, situacao, id_professor) VALUES (19, 7, '2022/2', 5.78, 'aprovado', 13);
INSERT INTO Historico_Aluno (id_aluno, id_disciplina, semestre, nota, situacao, id_professor) VALUES (19, 13, '2023/2', 3.4, 'reprovado', 13);
INSERT INTO Historico_Aluno (id_aluno, id_disciplina, semestre, nota, situacao, id_professor) VALUES (19, 12, '2023/2', 8.7, 'aprovado', 13);
INSERT INTO Historico_Aluno (id_aluno, id_disciplina, semestre, nota, situacao, id_professor) VALUES (19, 27, '2023/2', 2.36, 'reprovado', 14);
INSERT INTO Historico_Aluno (id_aluno, id_disciplina, semestre, nota, situacao, id_professor) VALUES (19, 1, '2023/2', 7.34, 'aprovado', 14);
INSERT INTO Historico_Aluno (id_aluno, id_disciplina, semestre, nota, situacao, id_professor) VALUES (19, 17, '2024/2', 6.35, 'aprovado', 14);
INSERT INTO Historico_Aluno (id_aluno, id_disciplina, semestre, nota, situacao, id_professor) VALUES (19, 2, '2024/2', 9.74, 'aprovado', 2);
INSERT INTO Historico_Aluno (id_aluno, id_disciplina, semestre, nota, situacao, id_professor) VALUES (19, 19, '2024/2', 1.1, 'reprovado', 13);
INSERT INTO Historico_Aluno (id_aluno, id_disciplina, semestre, nota, situacao, id_professor) VALUES (19, 29, '2024/2', 7.72, 'aprovado', 14);
INSERT INTO Historico_Aluno (id_aluno, id_disciplina, semestre, nota, situacao, id_professor) VALUES (19, 14, '2024/2', 3.75, 'reprovado', 14);
INSERT INTO Historico_Aluno (id_aluno, id_disciplina, semestre, nota, situacao, id_professor) VALUES (19, 30, '2025/2', 2.47, 'reprovado', 13);
INSERT INTO Historico_Aluno (id_aluno, id_disciplina, semestre, nota, situacao, id_professor) VALUES (19, 25, '2025/2', 5.43, 'aprovado', 14);
INSERT INTO Historico_Aluno (id_aluno, id_disciplina, semestre, nota, situacao, id_professor) VALUES (19, 28, '2025/2', 9.51, 'aprovado', 14);
INSERT INTO Historico_Aluno (id_aluno, id_disciplina, semestre, nota, situacao, id_professor) VALUES (19, 18, '2025/2', 8.4, 'aprovado', 2);
INSERT INTO Historico_Aluno (id_aluno, id_disciplina, semestre, nota, situacao, id_professor) VALUES (19, 24, '2025/2', 7.38, 'aprovado', 10);
INSERT INTO Historico_Aluno (id_aluno, id_disciplina, semestre, nota, situacao, id_professor) VALUES (19, 26, '2025/2', 7.67, 'aprovado', 3);
INSERT INTO Historico_Aluno (id_aluno, id_disciplina, semestre, nota, situacao, id_professor) VALUES (19, 13, '2025/2', 8.44, 'aprovado', 6);
INSERT INTO Historico_Aluno (id_aluno, id_disciplina, semestre, nota, situacao, id_professor) VALUES (19, 27, '2025/2', 7.4, 'aprovado', 6);
INSERT INTO Historico_Aluno (id_aluno, id_disciplina, semestre, nota, situacao, id_professor) VALUES (19, 19, '2025/2', 6.46, 'aprovado', 17);
INSERT INTO Historico_Aluno (id_aluno, id_disciplina, semestre, nota, situacao, id_professor) VALUES (19, 14, '2025/2', 5.54, 'aprovado', 8);
INSERT INTO Historico_Aluno (id_aluno, id_disciplina, semestre, nota, situacao, id_professor) VALUES (20, 10, '2023/1', 2.94, 'reprovado', 5);
INSERT INTO Historico_Aluno (id_aluno, id_disciplina, semestre, nota, situacao, id_professor) VALUES (20, 14, '2023/1', 0.43, 'reprovado', 8);
INSERT INTO Historico_Aluno (id_aluno, id_disciplina, semestre, nota, situacao, id_professor) VALUES (20, 20, '2023/1', 9.47, 'aprovado', 5);
INSERT INTO Historico_Aluno (id_aluno, id_disciplina, semestre, nota, situacao, id_professor) VALUES (20, 5, '2023/1', 2.67, 'reprovado', 8);
INSERT INTO Historico_Aluno (id_aluno, id_disciplina, semestre, nota, situacao, id_professor) VALUES (20, 1, '2023/1', 1.16, 'reprovado', 6);
INSERT INTO Historico_Aluno (id_aluno, id_disciplina, semestre, nota, situacao, id_professor) VALUES (20, 1, '2025/1', 6.41, 'aprovado', 19);
INSERT INTO Historico_Aluno (id_aluno, id_disciplina, semestre, nota, situacao, id_professor) VALUES (20, 6, '2025/1', 4.17, 'reprovado', 5);
INSERT INTO Historico_Aluno (id_aluno, id_disciplina, semestre, nota, situacao, id_professor) VALUES (20, 3, '2025/1', 6.27, 'aprovado', 5);
INSERT INTO Historico_Aluno (id_aluno, id_disciplina, semestre, nota, situacao, id_professor) VALUES (20, 27, '2025/1', 3.05, 'reprovado', 19);
INSERT INTO Historico_Aluno (id_aluno, id_disciplina, semestre, nota, situacao, id_professor) VALUES (20, 28, '2025/1', 2.0, 'reprovado', 19);
INSERT INTO Historico_Aluno (id_aluno, id_disciplina, semestre, nota, situacao, id_professor) VALUES (20, 28, '2025/2', 5.45, 'aprovado', 19);
INSERT INTO Historico_Aluno (id_aluno, id_disciplina, semestre, nota, situacao, id_professor) VALUES (20, 21, '2025/2', 7.81, 'aprovado', 6);
INSERT INTO Historico_Aluno (id_aluno, id_disciplina, semestre, nota, situacao, id_professor) VALUES (20, 9, '2025/2', 2.09, 'reprovado', 6);
INSERT INTO Historico_Aluno (id_aluno, id_disciplina, semestre, nota, situacao, id_professor) VALUES (20, 13, '2025/2', 9.37, 'aprovado', 6);
INSERT INTO Historico_Aluno (id_aluno, id_disciplina, semestre, nota, situacao, id_professor) VALUES (20, 23, '2025/2', 8.63, 'aprovado', 6);
INSERT INTO Historico_Aluno (id_aluno, id_disciplina, semestre, nota, situacao, id_professor) VALUES (20, 6, '2025/2', 5.07, 'aprovado', 19);
INSERT INTO Historico_Aluno (id_aluno, id_disciplina, semestre, nota, situacao, id_professor) VALUES (20, 10, '2025/2', 7.31, 'aprovado', 14);
INSERT INTO Historico_Aluno (id_aluno, id_disciplina, semestre, nota, situacao, id_professor) VALUES (20, 14, '2025/2', 7.7, 'aprovado', 3);
INSERT INTO Historico_Aluno (id_aluno, id_disciplina, semestre, nota, situacao, id_professor) VALUES (20, 5, '2025/2', 5.45, 'aprovado', 8);
INSERT INTO Historico_Aluno (id_aluno, id_disciplina, semestre, nota, situacao, id_professor) VALUES (20, 27, '2025/2', 5.34, 'aprovado', 18);
INSERT INTO Historico_Aluno (id_aluno, id_disciplina, semestre, nota, situacao, id_professor) VALUES (21, 14, '2023/1', 9.18, 'aprovado', 4);
INSERT INTO Historico_Aluno (id_aluno, id_disciplina, semestre, nota, situacao, id_professor) VALUES (21, 20, '2023/1', 2.91, 'reprovado', 7);
INSERT INTO Historico_Aluno (id_aluno, id_disciplina, semestre, nota, situacao, id_professor) VALUES (21, 18, '2023/1', 5.99, 'aprovado', 4);
INSERT INTO Historico_Aluno (id_aluno, id_disciplina, semestre, nota, situacao, id_professor) VALUES (21, 17, '2023/1', 4.49, 'reprovado', 1);
INSERT INTO Historico_Aluno (id_aluno, id_disciplina, semestre, nota, situacao, id_professor) VALUES (21, 12, '2023/1', 7.18, 'aprovado', 1);
INSERT INTO Historico_Aluno (id_aluno, id_disciplina, semestre, nota, situacao, id_professor) VALUES (21, 10, '2023/1', 4.27, 'reprovado', 1);
INSERT INTO Historico_Aluno (id_aluno, id_disciplina, semestre, nota, situacao, id_professor) VALUES (21, 19, '2024/2', 6.02, 'aprovado', 16);
INSERT INTO Historico_Aluno (id_aluno, id_disciplina, semestre, nota, situacao, id_professor) VALUES (21, 9, '2024/2', 3.54, 'reprovado', 4);
INSERT INTO Historico_Aluno (id_aluno, id_disciplina, semestre, nota, situacao, id_professor) VALUES (21, 26, '2024/2', 9.8, 'aprovado', 16);
INSERT INTO Historico_Aluno (id_aluno, id_disciplina, semestre, nota, situacao, id_professor) VALUES (21, 5, '2024/2', 1.5, 'reprovado', 7);
INSERT INTO Historico_Aluno (id_aluno, id_disciplina, semestre, nota, situacao, id_professor) VALUES (21, 15, '2024/2', 2.03, 'reprovado', 16);
INSERT INTO Historico_Aluno (id_aluno, id_disciplina, semestre, nota, situacao, id_professor) VALUES (21, 1, '2025/1', 3.24, 'reprovado', 1);
INSERT INTO Historico_Aluno (id_aluno, id_disciplina, semestre, nota, situacao, id_professor) VALUES (21, 24, '2025/1', 5.08, 'aprovado', 16);
INSERT INTO Historico_Aluno (id_aluno, id_disciplina, semestre, nota, situacao, id_professor) VALUES (21, 23, '2025/1', 6.16, 'aprovado', 1);
INSERT INTO Historico_Aluno (id_aluno, id_disciplina, semestre, nota, situacao, id_professor) VALUES (21, 8, '2025/1', 3.65, 'reprovado', 1);
INSERT INTO Historico_Aluno (id_aluno, id_disciplina, semestre, nota, situacao, id_professor) VALUES (21, 27, '2025/1', 2.0, 'reprovado', 4);
INSERT INTO Historico_Aluno (id_aluno, id_disciplina, semestre, nota, situacao, id_professor) VALUES (21, 20, '2025/1', 5.4, 'aprovado', 14);
INSERT INTO Historico_Aluno (id_aluno, id_disciplina, semestre, nota, situacao, id_professor) VALUES (21, 17, '2025/1', 6.65, 'aprovado', 18);
INSERT INTO Historico_Aluno (id_aluno, id_disciplina, semestre, nota, situacao, id_professor) VALUES (21, 10, '2025/1', 6.85, 'aprovado', 15);
INSERT INTO Historico_Aluno (id_aluno, id_disciplina, semestre, nota, situacao, id_professor) VALUES (21, 9, '2025/1', 9.07, 'aprovado', 8);
INSERT INTO Historico_Aluno (id_aluno, id_disciplina, semestre, nota, situacao, id_professor) VALUES (21, 5, '2025/1', 9.7, 'aprovado', 7);
INSERT INTO Historico_Aluno (id_aluno, id_disciplina, semestre, nota, situacao, id_professor) VALUES (21, 15, '2025/1', 9.65, 'aprovado', 4);
INSERT INTO Historico_Aluno (id_aluno, id_disciplina, semestre, nota, situacao, id_professor) VALUES (22, 14, '2023/1', 9.4, 'aprovado', 9);
INSERT INTO Historico_Aluno (id_aluno, id_disciplina, semestre, nota, situacao, id_professor) VALUES (22, 2, '2023/1', 6.75, 'aprovado', 9);
INSERT INTO Historico_Aluno (id_aluno, id_disciplina, semestre, nota, situacao, id_professor) VALUES (22, 21, '2023/1', 0.43, 'reprovado', 9);
INSERT INTO Historico_Aluno (id_aluno, id_disciplina, semestre, nota, situacao, id_professor) VALUES (22, 20, '2023/1', 8.3, 'aprovado', 9);
INSERT INTO Historico_Aluno (id_aluno, id_disciplina, semestre, nota, situacao, id_professor) VALUES (22, 9, '2023/2', 0.47, 'reprovado', 9);
INSERT INTO Historico_Aluno (id_aluno, id_disciplina, semestre, nota, situacao, id_professor) VALUES (22, 10, '2023/2', 1.46, 'reprovado', 9);
INSERT INTO Historico_Aluno (id_aluno, id_disciplina, semestre, nota, situacao, id_professor) VALUES (22, 12, '2023/2', 5.55, 'aprovado', 9);
INSERT INTO Historico_Aluno (id_aluno, id_disciplina, semestre, nota, situacao, id_professor) VALUES (22, 21, '2023/2', 5.36, 'aprovado', 9);
INSERT INTO Historico_Aluno (id_aluno, id_disciplina, semestre, nota, situacao, id_professor) VALUES (23, 17, '2022/1', 4.24, 'reprovado', 9);
INSERT INTO Historico_Aluno (id_aluno, id_disciplina, semestre, nota, situacao, id_professor) VALUES (23, 12, '2022/1', 6.48, 'aprovado', 9);
INSERT INTO Historico_Aluno (id_aluno, id_disciplina, semestre, nota, situacao, id_professor) VALUES (23, 5, '2022/1', 2.18, 'reprovado', 9);
INSERT INTO Historico_Aluno (id_aluno, id_disciplina, semestre, nota, situacao, id_professor) VALUES (23, 24, '2022/1', 6.94, 'aprovado', 9);
INSERT INTO Historico_Aluno (id_aluno, id_disciplina, semestre, nota, situacao, id_professor) VALUES (23, 13, '2022/1', 2.59, 'reprovado', 9);
INSERT INTO Historico_Aluno (id_aluno, id_disciplina, semestre, nota, situacao, id_professor) VALUES (23, 13, '2023/1', 9.13, 'aprovado', 9);
INSERT INTO Historico_Aluno (id_aluno, id_disciplina, semestre, nota, situacao, id_professor) VALUES (23, 18, '2023/1', 5.4, 'aprovado', 9);
INSERT INTO Historico_Aluno (id_aluno, id_disciplina, semestre, nota, situacao, id_professor) VALUES (23, 28, '2023/1', 1.62, 'reprovado', 9);
INSERT INTO Historico_Aluno (id_aluno, id_disciplina, semestre, nota, situacao, id_professor) VALUES (23, 17, '2023/1', 5.12, 'aprovado', 9);
INSERT INTO Historico_Aluno (id_aluno, id_disciplina, semestre, nota, situacao, id_professor) VALUES (23, 25, '2024/2', 4.2, 'reprovado', 9);
INSERT INTO Historico_Aluno (id_aluno, id_disciplina, semestre, nota, situacao, id_professor) VALUES (23, 2, '2024/2', 7.94, 'aprovado', 9);
INSERT INTO Historico_Aluno (id_aluno, id_disciplina, semestre, nota, situacao, id_professor) VALUES (23, 16, '2024/2', 7.41, 'aprovado', 9);
INSERT INTO Historico_Aluno (id_aluno, id_disciplina, semestre, nota, situacao, id_professor) VALUES (23, 26, '2024/2', 9.58, 'aprovado', 9);
INSERT INTO Historico_Aluno (id_aluno, id_disciplina, semestre, nota, situacao, id_professor) VALUES (23, 14, '2025/2', 2.78, 'reprovado', 9);
INSERT INTO Historico_Aluno (id_aluno, id_disciplina, semestre, nota, situacao, id_professor) VALUES (23, 20, '2025/2', 0.82, 'reprovado', 9);
INSERT INTO Historico_Aluno (id_aluno, id_disciplina, semestre, nota, situacao, id_professor) VALUES (23, 1, '2025/2', 9.31, 'aprovado', 9);
INSERT INTO Historico_Aluno (id_aluno, id_disciplina, semestre, nota, situacao, id_professor) VALUES (23, 4, '2025/2', 2.66, 'reprovado', 9);
INSERT INTO Historico_Aluno (id_aluno, id_disciplina, semestre, nota, situacao, id_professor) VALUES (23, 11, '2025/2', 4.05, 'reprovado', 9);
INSERT INTO Historico_Aluno (id_aluno, id_disciplina, semestre, nota, situacao, id_professor) VALUES (23, 5, '2025/2', 8.98, 'aprovado', 8);
INSERT INTO Historico_Aluno (id_aluno, id_disciplina, semestre, nota, situacao, id_professor) VALUES (23, 28, '2025/2', 6.12, 'aprovado', 20);
INSERT INTO Historico_Aluno (id_aluno, id_disciplina, semestre, nota, situacao, id_professor) VALUES (23, 25, '2025/2', 8.84, 'aprovado', 6);
INSERT INTO Historico_Aluno (id_aluno, id_disciplina, semestre, nota, situacao, id_professor) VALUES (24, 27, '2023/1', 0.45, 'reprovado', 5);
INSERT INTO Historico_Aluno (id_aluno, id_disciplina, semestre, nota, situacao, id_professor) VALUES (24, 30, '2023/1', 3.09, 'reprovado', 8);
INSERT INTO Historico_Aluno (id_aluno, id_disciplina, semestre, nota, situacao, id_professor) VALUES (24, 8, '2023/1', 1.46, 'reprovado', 5);
INSERT INTO Historico_Aluno (id_aluno, id_disciplina, semestre, nota, situacao, id_professor) VALUES (24, 11, '2023/1', 5.33, 'aprovado', 6);
INSERT INTO Historico_Aluno (id_aluno, id_disciplina, semestre, nota, situacao, id_professor) VALUES (24, 1, '2023/1', 8.55, 'aprovado', 5);
INSERT INTO Historico_Aluno (id_aluno, id_disciplina, semestre, nota, situacao, id_professor) VALUES (24, 7, '2023/2', 1.9, 'reprovado', 8);
INSERT INTO Historico_Aluno (id_aluno, id_disciplina, semestre, nota, situacao, id_professor) VALUES (24, 15, '2023/2', 8.65, 'aprovado', 19);
INSERT INTO Historico_Aluno (id_aluno, id_disciplina, semestre, nota, situacao, id_professor) VALUES (24, 27, '2023/2', 9.07, 'aprovado', 6);
INSERT INTO Historico_Aluno (id_aluno, id_disciplina, semestre, nota, situacao, id_professor) VALUES (24, 14, '2023/2', 6.11, 'aprovado', 8);
INSERT INTO Historico_Aluno (id_aluno, id_disciplina, semestre, nota, situacao, id_professor) VALUES (24, 26, '2023/2', 0.77, 'reprovado', 6);
INSERT INTO Historico_Aluno (id_aluno, id_disciplina, semestre, nota, situacao, id_professor) VALUES (24, 8, '2024/2', 5.57, 'aprovado', 6);
INSERT INTO Historico_Aluno (id_aluno, id_disciplina, semestre, nota, situacao, id_professor) VALUES (24, 17, '2024/2', 6.66, 'aprovado', 8);
INSERT INTO Historico_Aluno (id_aluno, id_disciplina, semestre, nota, situacao, id_professor) VALUES (24, 12, '2024/2', 1.22, 'reprovado', 8);
INSERT INTO Historico_Aluno (id_aluno, id_disciplina, semestre, nota, situacao, id_professor) VALUES (24, 28, '2024/2', 9.64, 'aprovado', 6);
INSERT INTO Historico_Aluno (id_aluno, id_disciplina, semestre, nota, situacao, id_professor) VALUES (24, 2, '2025/1', 8.51, 'aprovado', 5);
INSERT INTO Historico_Aluno (id_aluno, id_disciplina, semestre, nota, situacao, id_professor) VALUES (24, 9, '2025/1', 2.39, 'reprovado', 5);
INSERT INTO Historico_Aluno (id_aluno, id_disciplina, semestre, nota, situacao, id_professor) VALUES (24, 29, '2025/1', 2.73, 'reprovado', 8);
INSERT INTO Historico_Aluno (id_aluno, id_disciplina, semestre, nota, situacao, id_professor) VALUES (24, 18, '2025/1', 3.73, 'reprovado', 5);
INSERT INTO Historico_Aluno (id_aluno, id_disciplina, semestre, nota, situacao, id_professor) VALUES (24, 30, '2025/1', 8.34, 'aprovado', 14);
INSERT INTO Historico_Aluno (id_aluno, id_disciplina, semestre, nota, situacao, id_professor) VALUES (24, 7, '2025/1', 7.1, 'aprovado', 4);
INSERT INTO Historico_Aluno (id_aluno, id_disciplina, semestre, nota, situacao, id_professor) VALUES (24, 26, '2025/1', 7.93, 'aprovado', 16);
INSERT INTO Historico_Aluno (id_aluno, id_disciplina, semestre, nota, situacao, id_professor) VALUES (24, 12, '2025/1', 5.32, 'aprovado', 9);
INSERT INTO Historico_Aluno (id_aluno, id_disciplina, semestre, nota, situacao, id_professor) VALUES (25, 12, '2022/1', 6.68, 'aprovado', 9);
INSERT INTO Historico_Aluno (id_aluno, id_disciplina, semestre, nota, situacao, id_professor) VALUES (25, 11, '2022/1', 0.41, 'reprovado', 9);
INSERT INTO Historico_Aluno (id_aluno, id_disciplina, semestre, nota, situacao, id_professor) VALUES (25, 24, '2022/1', 9.14, 'aprovado', 9);
INSERT INTO Historico_Aluno (id_aluno, id_disciplina, semestre, nota, situacao, id_professor) VALUES (25, 9, '2022/1', 9.19, 'aprovado', 9);
INSERT INTO Historico_Aluno (id_aluno, id_disciplina, semestre, nota, situacao, id_professor) VALUES (25, 2, '2022/1', 6.79, 'aprovado', 9);
INSERT INTO Historico_Aluno (id_aluno, id_disciplina, semestre, nota, situacao, id_professor) VALUES (25, 5, '2022/1', 0.47, 'reprovado', 9);
INSERT INTO Historico_Aluno (id_aluno, id_disciplina, semestre, nota, situacao, id_professor) VALUES (25, 7, '2022/2', 0.44, 'reprovado', 9);
INSERT INTO Historico_Aluno (id_aluno, id_disciplina, semestre, nota, situacao, id_professor) VALUES (25, 10, '2022/2', 1.43, 'reprovado', 9);
INSERT INTO Historico_Aluno (id_aluno, id_disciplina, semestre, nota, situacao, id_professor) VALUES (25, 19, '2022/2', 4.5, 'reprovado', 9);
INSERT INTO Historico_Aluno (id_aluno, id_disciplina, semestre, nota, situacao, id_professor) VALUES (25, 30, '2022/2', 3.15, 'reprovado', 9);
INSERT INTO Historico_Aluno (id_aluno, id_disciplina, semestre, nota, situacao, id_professor) VALUES (25, 7, '2024/2', 5.65, 'aprovado', 9);
INSERT INTO Historico_Aluno (id_aluno, id_disciplina, semestre, nota, situacao, id_professor) VALUES (25, 14, '2024/2', 6.64, 'aprovado', 9);
INSERT INTO Historico_Aluno (id_aluno, id_disciplina, semestre, nota, situacao, id_professor) VALUES (25, 19, '2024/2', 9.46, 'aprovado', 9);
INSERT INTO Historico_Aluno (id_aluno, id_disciplina, semestre, nota, situacao, id_professor) VALUES (25, 8, '2024/2', 0.91, 'reprovado', 9);
INSERT INTO Historico_Aluno (id_aluno, id_disciplina, semestre, nota, situacao, id_professor) VALUES (25, 13, '2025/1', 5.27, 'aprovado', 9);
INSERT INTO Historico_Aluno (id_aluno, id_disciplina, semestre, nota, situacao, id_professor) VALUES (25, 4, '2025/1', 3.9, 'reprovado', 9);
INSERT INTO Historico_Aluno (id_aluno, id_disciplina, semestre, nota, situacao, id_professor) VALUES (25, 18, '2025/1', 6.74, 'aprovado', 9);
INSERT INTO Historico_Aluno (id_aluno, id_disciplina, semestre, nota, situacao, id_professor) VALUES (25, 11, '2025/1', 7.54, 'aprovado', 9);
INSERT INTO Historico_Aluno (id_aluno, id_disciplina, semestre, nota, situacao, id_professor) VALUES (25, 25, '2025/1', 6.01, 'aprovado', 9);
INSERT INTO Historico_Aluno (id_aluno, id_disciplina, semestre, nota, situacao, id_professor) VALUES (25, 5, '2025/1', 5.93, 'aprovado', 4);
INSERT INTO Historico_Aluno (id_aluno, id_disciplina, semestre, nota, situacao, id_professor) VALUES (25, 10, '2025/1', 8.33, 'aprovado', 7);
INSERT INTO Historico_Aluno (id_aluno, id_disciplina, semestre, nota, situacao, id_professor) VALUES (25, 30, '2025/1', 5.43, 'aprovado', 13);
INSERT INTO Historico_Aluno (id_aluno, id_disciplina, semestre, nota, situacao, id_professor) VALUES (25, 8, '2025/1', 5.59, 'aprovado', 13);
INSERT INTO Historico_Aluno (id_aluno, id_disciplina, semestre, nota, situacao, id_professor) VALUES (26, 14, '2022/1', 7.22, 'aprovado', 5);
INSERT INTO Historico_Aluno (id_aluno, id_disciplina, semestre, nota, situacao, id_professor) VALUES (26, 6, '2022/1', 5.1, 'aprovado', 5);
INSERT INTO Historico_Aluno (id_aluno, id_disciplina, semestre, nota, situacao, id_professor) VALUES (26, 3, '2022/1', 5.27, 'aprovado', 8);
INSERT INTO Historico_Aluno (id_aluno, id_disciplina, semestre, nota, situacao, id_professor) VALUES (26, 9, '2022/1', 9.42, 'aprovado', 19);
INSERT INTO Historico_Aluno (id_aluno, id_disciplina, semestre, nota, situacao, id_professor) VALUES (26, 17, '2022/1', 9.33, 'aprovado', 6);
INSERT INTO Historico_Aluno (id_aluno, id_disciplina, semestre, nota, situacao, id_professor) VALUES (26, 11, '2022/1', 6.51, 'aprovado', 5);
INSERT INTO Historico_Aluno (id_aluno, id_disciplina, semestre, nota, situacao, id_professor) VALUES (26, 7, '2023/1', 1.98, 'reprovado', 19);
INSERT INTO Historico_Aluno (id_aluno, id_disciplina, semestre, nota, situacao, id_professor) VALUES (26, 19, '2023/1', 7.48, 'aprovado', 5);
INSERT INTO Historico_Aluno (id_aluno, id_disciplina, semestre, nota, situacao, id_professor) VALUES (26, 8, '2023/1', 7.78, 'aprovado', 5);
INSERT INTO Historico_Aluno (id_aluno, id_disciplina, semestre, nota, situacao, id_professor) VALUES (26, 22, '2023/1', 5.4, 'aprovado', 6);
INSERT INTO Historico_Aluno (id_aluno, id_disciplina, semestre, nota, situacao, id_professor) VALUES (26, 29, '2023/1', 0.58, 'reprovado', 5);
INSERT INTO Historico_Aluno (id_aluno, id_disciplina, semestre, nota, situacao, id_professor) VALUES (26, 21, '2023/1', 3.89, 'reprovado', 6);
INSERT INTO Historico_Aluno (id_aluno, id_disciplina, semestre, nota, situacao, id_professor) VALUES (26, 15, '2025/1', 2.83, 'reprovado', 6);
INSERT INTO Historico_Aluno (id_aluno, id_disciplina, semestre, nota, situacao, id_professor) VALUES (26, 18, '2025/1', 7.06, 'aprovado', 5);
INSERT INTO Historico_Aluno (id_aluno, id_disciplina, semestre, nota, situacao, id_professor) VALUES (26, 21, '2025/1', 9.56, 'aprovado', 6);
INSERT INTO Historico_Aluno (id_aluno, id_disciplina, semestre, nota, situacao, id_professor) VALUES (26, 2, '2025/1', 4.76, 'reprovado', 8);
INSERT INTO Historico_Aluno (id_aluno, id_disciplina, semestre, nota, situacao, id_professor) VALUES (26, 16, '2025/1', 4.96, 'reprovado', 19);
INSERT INTO Historico_Aluno (id_aluno, id_disciplina, semestre, nota, situacao, id_professor) VALUES (26, 15, '2025/2', 7.44, 'aprovado', 5);
INSERT INTO Historico_Aluno (id_aluno, id_disciplina, semestre, nota, situacao, id_professor) VALUES (26, 25, '2025/2', 3.55, 'reprovado', 19);
INSERT INTO Historico_Aluno (id_aluno, id_disciplina, semestre, nota, situacao, id_professor) VALUES (26, 29, '2025/2', 8.44, 'aprovado', 19);
INSERT INTO Historico_Aluno (id_aluno, id_disciplina, semestre, nota, situacao, id_professor) VALUES (26, 30, '2025/2', 3.61, 'reprovado', 19);
INSERT INTO Historico_Aluno (id_aluno, id_disciplina, semestre, nota, situacao, id_professor) VALUES (26, 20, '2025/2', 5.88, 'aprovado', 5);
INSERT INTO Historico_Aluno (id_aluno, id_disciplina, semestre, nota, situacao, id_professor) VALUES (26, 23, '2025/2', 9.16, 'aprovado', 6);
INSERT INTO Historico_Aluno (id_aluno, id_disciplina, semestre, nota, situacao, id_professor) VALUES (26, 7, '2025/2', 6.82, 'aprovado', 2);
INSERT INTO Historico_Aluno (id_aluno, id_disciplina, semestre, nota, situacao, id_professor) VALUES (26, 2, '2025/2', 9.04, 'aprovado', 7);
INSERT INTO Historico_Aluno (id_aluno, id_disciplina, semestre, nota, situacao, id_professor) VALUES (26, 16, '2025/2', 5.34, 'aprovado', 5);
INSERT INTO Historico_Aluno (id_aluno, id_disciplina, semestre, nota, situacao, id_professor) VALUES (27, 5, '2023/2', 7.21, 'aprovado', 3);
INSERT INTO Historico_Aluno (id_aluno, id_disciplina, semestre, nota, situacao, id_professor) VALUES (27, 28, '2023/2', 0.73, 'reprovado', 17);
INSERT INTO Historico_Aluno (id_aluno, id_disciplina, semestre, nota, situacao, id_professor) VALUES (27, 10, '2023/2', 3.88, 'reprovado', 18);
INSERT INTO Historico_Aluno (id_aluno, id_disciplina, semestre, nota, situacao, id_professor) VALUES (27, 16, '2023/2', 1.97, 'reprovado', 20);
INSERT INTO Historico_Aluno (id_aluno, id_disciplina, semestre, nota, situacao, id_professor) VALUES (27, 21, '2024/2', 3.52, 'reprovado', 3);
INSERT INTO Historico_Aluno (id_aluno, id_disciplina, semestre, nota, situacao, id_professor) VALUES (27, 7, '2024/2', 2.57, 'reprovado', 17);
INSERT INTO Historico_Aluno (id_aluno, id_disciplina, semestre, nota, situacao, id_professor) VALUES (27, 14, '2024/2', 0.5, 'reprovado', 3);
INSERT INTO Historico_Aluno (id_aluno, id_disciplina, semestre, nota, situacao, id_professor) VALUES (27, 15, '2024/2', 7.68, 'aprovado', 17);
INSERT INTO Historico_Aluno (id_aluno, id_disciplina, semestre, nota, situacao, id_professor) VALUES (27, 30, '2024/2', 3.16, 'reprovado', 18);
INSERT INTO Historico_Aluno (id_aluno, id_disciplina, semestre, nota, situacao, id_professor) VALUES (27, 6, '2024/2', 4.67, 'reprovado', 12);
INSERT INTO Historico_Aluno (id_aluno, id_disciplina, semestre, nota, situacao, id_professor) VALUES (27, 3, '2025/1', 5.86, 'aprovado', 11);
INSERT INTO Historico_Aluno (id_aluno, id_disciplina, semestre, nota, situacao, id_professor) VALUES (27, 6, '2025/1', 6.2, 'aprovado', 18);
INSERT INTO Historico_Aluno (id_aluno, id_disciplina, semestre, nota, situacao, id_professor) VALUES (27, 20, '2025/1', 0.06, 'reprovado', 3);
INSERT INTO Historico_Aluno (id_aluno, id_disciplina, semestre, nota, situacao, id_professor) VALUES (27, 23, '2025/1', 5.77, 'aprovado', 17);
INSERT INTO Historico_Aluno (id_aluno, id_disciplina, semestre, nota, situacao, id_professor) VALUES (27, 18, '2025/1', 3.66, 'reprovado', 17);
INSERT INTO Historico_Aluno (id_aluno, id_disciplina, semestre, nota, situacao, id_professor) VALUES (27, 14, '2025/1', 7.17, 'aprovado', 11);
INSERT INTO Historico_Aluno (id_aluno, id_disciplina, semestre, nota, situacao, id_professor) VALUES (27, 28, '2025/1', 6.34, 'aprovado', 5);
INSERT INTO Historico_Aluno (id_aluno, id_disciplina, semestre, nota, situacao, id_professor) VALUES (27, 10, '2025/1', 6.4, 'aprovado', 7);
INSERT INTO Historico_Aluno (id_aluno, id_disciplina, semestre, nota, situacao, id_professor) VALUES (27, 16, '2025/1', 8.32, 'aprovado', 10);
INSERT INTO Historico_Aluno (id_aluno, id_disciplina, semestre, nota, situacao, id_professor) VALUES (27, 21, '2025/1', 9.0, 'aprovado', 16);
INSERT INTO Historico_Aluno (id_aluno, id_disciplina, semestre, nota, situacao, id_professor) VALUES (27, 7, '2025/1', 9.26, 'aprovado', 4);
INSERT INTO Historico_Aluno (id_aluno, id_disciplina, semestre, nota, situacao, id_professor) VALUES (27, 30, '2025/1', 5.44, 'aprovado', 20);
INSERT INTO Historico_Aluno (id_aluno, id_disciplina, semestre, nota, situacao, id_professor) VALUES (28, 28, '2022/1', 4.46, 'reprovado', 2);
INSERT INTO Historico_Aluno (id_aluno, id_disciplina, semestre, nota, situacao, id_professor) VALUES (28, 24, '2022/1', 7.18, 'aprovado', 14);
INSERT INTO Historico_Aluno (id_aluno, id_disciplina, semestre, nota, situacao, id_professor) VALUES (28, 14, '2022/1', 8.65, 'aprovado', 13);
INSERT INTO Historico_Aluno (id_aluno, id_disciplina, semestre, nota, situacao, id_professor) VALUES (28, 9, '2022/1', 6.42, 'aprovado', 10);
INSERT INTO Historico_Aluno (id_aluno, id_disciplina, semestre, nota, situacao, id_professor) VALUES (28, 19, '2022/1', 1.22, 'reprovado', 10);
INSERT INTO Historico_Aluno (id_aluno, id_disciplina, semestre, nota, situacao, id_professor) VALUES (28, 10, '2022/1', 0.27, 'reprovado', 2);
INSERT INTO Historico_Aluno (id_aluno, id_disciplina, semestre, nota, situacao, id_professor) VALUES (28, 30, '2025/2', 9.0, 'aprovado', 14);
INSERT INTO Historico_Aluno (id_aluno, id_disciplina, semestre, nota, situacao, id_professor) VALUES (28, 19, '2025/2', 8.04, 'aprovado', 14);
INSERT INTO Historico_Aluno (id_aluno, id_disciplina, semestre, nota, situacao, id_professor) VALUES (28, 15, '2025/2', 7.89, 'aprovado', 13);
INSERT INTO Historico_Aluno (id_aluno, id_disciplina, semestre, nota, situacao, id_professor) VALUES (28, 23, '2025/2', 3.87, 'reprovado', 14);
INSERT INTO Historico_Aluno (id_aluno, id_disciplina, semestre, nota, situacao, id_professor) VALUES (28, 13, '2025/2', 7.22, 'aprovado', 14);
INSERT INTO Historico_Aluno (id_aluno, id_disciplina, semestre, nota, situacao, id_professor) VALUES (28, 28, '2025/2', 9.02, 'aprovado', 14);
INSERT INTO Historico_Aluno (id_aluno, id_disciplina, semestre, nota, situacao, id_professor) VALUES (28, 10, '2025/2', 8.24, 'aprovado', 2);
INSERT INTO Historico_Aluno (id_aluno, id_disciplina, semestre, nota, situacao, id_professor) VALUES (29, 30, '2022/1', 7.41, 'aprovado', 9);
INSERT INTO Historico_Aluno (id_aluno, id_disciplina, semestre, nota, situacao, id_professor) VALUES (29, 7, '2022/1', 3.46, 'reprovado', 9);
INSERT INTO Historico_Aluno (id_aluno, id_disciplina, semestre, nota, situacao, id_professor) VALUES (29, 21, '2022/1', 2.18, 'reprovado', 9);
INSERT INTO Historico_Aluno (id_aluno, id_disciplina, semestre, nota, situacao, id_professor) VALUES (29, 5, '2022/1', 1.71, 'reprovado', 9);
INSERT INTO Historico_Aluno (id_aluno, id_disciplina, semestre, nota, situacao, id_professor) VALUES (29, 14, '2022/1', 1.35, 'reprovado', 9);
INSERT INTO Historico_Aluno (id_aluno, id_disciplina, semestre, nota, situacao, id_professor) VALUES (29, 4, '2022/2', 7.53, 'aprovado', 9);
INSERT INTO Historico_Aluno (id_aluno, id_disciplina, semestre, nota, situacao, id_professor) VALUES (29, 20, '2022/2', 9.07, 'aprovado', 9);
INSERT INTO Historico_Aluno (id_aluno, id_disciplina, semestre, nota, situacao, id_professor) VALUES (29, 6, '2022/2', 6.09, 'aprovado', 9);
INSERT INTO Historico_Aluno (id_aluno, id_disciplina, semestre, nota, situacao, id_professor) VALUES (29, 22, '2022/2', 3.4, 'reprovado', 9);
INSERT INTO Historico_Aluno (id_aluno, id_disciplina, semestre, nota, situacao, id_professor) VALUES (29, 19, '2022/2', 3.34, 'reprovado', 9);
INSERT INTO Historico_Aluno (id_aluno, id_disciplina, semestre, nota, situacao, id_professor) VALUES (29, 18, '2022/2', 3.8, 'reprovado', 9);
INSERT INTO Historico_Aluno (id_aluno, id_disciplina, semestre, nota, situacao, id_professor) VALUES (29, 7, '2022/2', 8.05, 'aprovado', 6);
INSERT INTO Historico_Aluno (id_aluno, id_disciplina, semestre, nota, situacao, id_professor) VALUES (29, 21, '2022/2', 5.16, 'aprovado', 7);
INSERT INTO Historico_Aluno (id_aluno, id_disciplina, semestre, nota, situacao, id_professor) VALUES (29, 5, '2022/2', 8.1, 'aprovado', 9);
INSERT INTO Historico_Aluno (id_aluno, id_disciplina, semestre, nota, situacao, id_professor) VALUES (29, 14, '2022/2', 6.65, 'aprovado', 13);
INSERT INTO Historico_Aluno (id_aluno, id_disciplina, semestre, nota, situacao, id_professor) VALUES (30, 21, '2023/2', 2.26, 'reprovado', 19);
INSERT INTO Historico_Aluno (id_aluno, id_disciplina, semestre, nota, situacao, id_professor) VALUES (30, 23, '2023/2', 4.17, 'reprovado', 19);
INSERT INTO Historico_Aluno (id_aluno, id_disciplina, semestre, nota, situacao, id_professor) VALUES (30, 7, '2023/2', 1.2, 'reprovado', 5);
INSERT INTO Historico_Aluno (id_aluno, id_disciplina, semestre, nota, situacao, id_professor) VALUES (30, 6, '2023/2', 7.67, 'aprovado', 6);
INSERT INTO Historico_Aluno (id_aluno, id_disciplina, semestre, nota, situacao, id_professor) VALUES (30, 19, '2025/2', 7.82, 'aprovado', 19);
INSERT INTO Historico_Aluno (id_aluno, id_disciplina, semestre, nota, situacao, id_professor) VALUES (30, 2, '2025/2', 8.98, 'aprovado', 6);
INSERT INTO Historico_Aluno (id_aluno, id_disciplina, semestre, nota, situacao, id_professor) VALUES (30, 25, '2025/2', 1.31, 'reprovado', 6);
INSERT INTO Historico_Aluno (id_aluno, id_disciplina, semestre, nota, situacao, id_professor) VALUES (30, 30, '2025/2', 0.86, 'reprovado', 8);
INSERT INTO Historico_Aluno (id_aluno, id_disciplina, semestre, nota, situacao, id_professor) VALUES (30, 28, '2025/2', 9.26, 'aprovado', 5);
INSERT INTO Historico_Aluno (id_aluno, id_disciplina, semestre, nota, situacao, id_professor) VALUES (30, 21, '2025/2', 8.05, 'aprovado', 3);
INSERT INTO Historico_Aluno (id_aluno, id_disciplina, semestre, nota, situacao, id_professor) VALUES (30, 23, '2025/2', 7.81, 'aprovado', 10);
INSERT INTO Historico_Aluno (id_aluno, id_disciplina, semestre, nota, situacao, id_professor) VALUES (30, 7, '2025/2', 7.17, 'aprovado', 15);
INSERT INTO Historico_Aluno (id_aluno, id_disciplina, semestre, nota, situacao, id_professor) VALUES (31, 3, '2022/2', 8.36, 'aprovado', 9);
INSERT INTO Historico_Aluno (id_aluno, id_disciplina, semestre, nota, situacao, id_professor) VALUES (31, 30, '2022/2', 3.48, 'reprovado', 9);
INSERT INTO Historico_Aluno (id_aluno, id_disciplina, semestre, nota, situacao, id_professor) VALUES (31, 24, '2022/2', 7.06, 'aprovado', 9);
INSERT INTO Historico_Aluno (id_aluno, id_disciplina, semestre, nota, situacao, id_professor) VALUES (31, 2, '2022/2', 5.76, 'aprovado', 9);
INSERT INTO Historico_Aluno (id_aluno, id_disciplina, semestre, nota, situacao, id_professor) VALUES (31, 12, '2022/2', 7.47, 'aprovado', 9);
INSERT INTO Historico_Aluno (id_aluno, id_disciplina, semestre, nota, situacao, id_professor) VALUES (31, 14, '2024/2', 7.61, 'aprovado', 9);
INSERT INTO Historico_Aluno (id_aluno, id_disciplina, semestre, nota, situacao, id_professor) VALUES (31, 25, '2024/2', 0.46, 'reprovado', 9);
INSERT INTO Historico_Aluno (id_aluno, id_disciplina, semestre, nota, situacao, id_professor) VALUES (31, 18, '2024/2', 0.39, 'reprovado', 9);
INSERT INTO Historico_Aluno (id_aluno, id_disciplina, semestre, nota, situacao, id_professor) VALUES (31, 15, '2024/2', 9.37, 'aprovado', 9);
INSERT INTO Historico_Aluno (id_aluno, id_disciplina, semestre, nota, situacao, id_professor) VALUES (31, 4, '2024/2', 5.64, 'aprovado', 9);
INSERT INTO Historico_Aluno (id_aluno, id_disciplina, semestre, nota, situacao, id_professor) VALUES (31, 18, '2025/1', 9.22, 'aprovado', 9);
INSERT INTO Historico_Aluno (id_aluno, id_disciplina, semestre, nota, situacao, id_professor) VALUES (31, 19, '2025/1', 8.69, 'aprovado', 9);
INSERT INTO Historico_Aluno (id_aluno, id_disciplina, semestre, nota, situacao, id_professor) VALUES (31, 20, '2025/1', 6.33, 'aprovado', 9);
INSERT INTO Historico_Aluno (id_aluno, id_disciplina, semestre, nota, situacao, id_professor) VALUES (31, 29, '2025/1', 8.16, 'aprovado', 9);
INSERT INTO Historico_Aluno (id_aluno, id_disciplina, semestre, nota, situacao, id_professor) VALUES (31, 13, '2025/2', 2.8, 'reprovado', 9);
INSERT INTO Historico_Aluno (id_aluno, id_disciplina, semestre, nota, situacao, id_professor) VALUES (31, 16, '2025/2', 6.88, 'aprovado', 9);
INSERT INTO Historico_Aluno (id_aluno, id_disciplina, semestre, nota, situacao, id_professor) VALUES (31, 17, '2025/2', 9.38, 'aprovado', 9);
INSERT INTO Historico_Aluno (id_aluno, id_disciplina, semestre, nota, situacao, id_professor) VALUES (31, 25, '2025/2', 9.49, 'aprovado', 9);
INSERT INTO Historico_Aluno (id_aluno, id_disciplina, semestre, nota, situacao, id_professor) VALUES (31, 30, '2025/2', 7.81, 'aprovado', 5);
INSERT INTO Historico_Aluno (id_aluno, id_disciplina, semestre, nota, situacao, id_professor) VALUES (32, 6, '2022/2', 6.47, 'aprovado', 17);
INSERT INTO Historico_Aluno (id_aluno, id_disciplina, semestre, nota, situacao, id_professor) VALUES (32, 28, '2022/2', 1.03, 'reprovado', 15);
INSERT INTO Historico_Aluno (id_aluno, id_disciplina, semestre, nota, situacao, id_professor) VALUES (32, 11, '2022/2', 6.98, 'aprovado', 15);
INSERT INTO Historico_Aluno (id_aluno, id_disciplina, semestre, nota, situacao, id_professor) VALUES (32, 26, '2022/2', 2.14, 'reprovado', 3);
INSERT INTO Historico_Aluno (id_aluno, id_disciplina, semestre, nota, situacao, id_professor) VALUES (32, 16, '2022/2', 0.54, 'reprovado', 17);
INSERT INTO Historico_Aluno (id_aluno, id_disciplina, semestre, nota, situacao, id_professor) VALUES (32, 30, '2022/2', 6.18, 'aprovado', 18);
INSERT INTO Historico_Aluno (id_aluno, id_disciplina, semestre, nota, situacao, id_professor) VALUES (32, 14, '2023/2', 7.42, 'aprovado', 20);
INSERT INTO Historico_Aluno (id_aluno, id_disciplina, semestre, nota, situacao, id_professor) VALUES (32, 19, '2023/2', 1.07, 'reprovado', 20);
INSERT INTO Historico_Aluno (id_aluno, id_disciplina, semestre, nota, situacao, id_professor) VALUES (32, 24, '2023/2', 4.37, 'reprovado', 11);
INSERT INTO Historico_Aluno (id_aluno, id_disciplina, semestre, nota, situacao, id_professor) VALUES (32, 9, '2023/2', 6.94, 'aprovado', 15);
INSERT INTO Historico_Aluno (id_aluno, id_disciplina, semestre, nota, situacao, id_professor) VALUES (32, 18, '2023/2', 5.02, 'aprovado', 17);
INSERT INTO Historico_Aluno (id_aluno, id_disciplina, semestre, nota, situacao, id_professor) VALUES (32, 26, '2023/2', 7.38, 'aprovado', 12);
INSERT INTO Historico_Aluno (id_aluno, id_disciplina, semestre, nota, situacao, id_professor) VALUES (32, 28, '2023/2', 5.37, 'aprovado', 12);
INSERT INTO Historico_Aluno (id_aluno, id_disciplina, semestre, nota, situacao, id_professor) VALUES (32, 16, '2023/2', 9.68, 'aprovado', 16);
INSERT INTO Historico_Aluno (id_aluno, id_disciplina, semestre, nota, situacao, id_professor) VALUES (33, 20, '2024/1', 7.78, 'aprovado', 10);
INSERT INTO Historico_Aluno (id_aluno, id_disciplina, semestre, nota, situacao, id_professor) VALUES (33, 22, '2024/1', 3.47, 'reprovado', 14);
INSERT INTO Historico_Aluno (id_aluno, id_disciplina, semestre, nota, situacao, id_professor) VALUES (33, 7, '2024/1', 6.66, 'aprovado', 10);
INSERT INTO Historico_Aluno (id_aluno, id_disciplina, semestre, nota, situacao, id_professor) VALUES (33, 21, '2024/1', 9.61, 'aprovado', 13);
INSERT INTO Historico_Aluno (id_aluno, id_disciplina, semestre, nota, situacao, id_professor) VALUES (33, 13, '2024/1', 2.37, 'reprovado', 2);
INSERT INTO Historico_Aluno (id_aluno, id_disciplina, semestre, nota, situacao, id_professor) VALUES (33, 1, '2024/1', 2.62, 'reprovado', 10);
INSERT INTO Historico_Aluno (id_aluno, id_disciplina, semestre, nota, situacao, id_professor) VALUES (33, 6, '2024/2', 8.11, 'aprovado', 10);
INSERT INTO Historico_Aluno (id_aluno, id_disciplina, semestre, nota, situacao, id_professor) VALUES (33, 9, '2024/2', 7.81, 'aprovado', 14);
INSERT INTO Historico_Aluno (id_aluno, id_disciplina, semestre, nota, situacao, id_professor) VALUES (33, 16, '2024/2', 7.28, 'aprovado', 14);
INSERT INTO Historico_Aluno (id_aluno, id_disciplina, semestre, nota, situacao, id_professor) VALUES (33, 4, '2024/2', 3.71, 'reprovado', 13);
INSERT INTO Historico_Aluno (id_aluno, id_disciplina, semestre, nota, situacao, id_professor) VALUES (33, 22, '2024/2', 5.46, 'aprovado', 8);
INSERT INTO Historico_Aluno (id_aluno, id_disciplina, semestre, nota, situacao, id_professor) VALUES (33, 13, '2024/2', 8.39, 'aprovado', 4);
INSERT INTO Historico_Aluno (id_aluno, id_disciplina, semestre, nota, situacao, id_professor) VALUES (33, 1, '2024/2', 9.99, 'aprovado', 17);
INSERT INTO Historico_Aluno (id_aluno, id_disciplina, semestre, nota, situacao, id_professor) VALUES (34, 14, '2023/2', 5.25, 'aprovado', 7);
INSERT INTO Historico_Aluno (id_aluno, id_disciplina, semestre, nota, situacao, id_professor) VALUES (34, 25, '2023/2', 7.31, 'aprovado', 1);
INSERT INTO Historico_Aluno (id_aluno, id_disciplina, semestre, nota, situacao, id_professor) VALUES (34, 17, '2023/2', 7.76, 'aprovado', 16);
INSERT INTO Historico_Aluno (id_aluno, id_disciplina, semestre, nota, situacao, id_professor) VALUES (34, 16, '2023/2', 1.18, 'reprovado', 7);
INSERT INTO Historico_Aluno (id_aluno, id_disciplina, semestre, nota, situacao, id_professor) VALUES (34, 27, '2023/2', 7.55, 'aprovado', 16);
INSERT INTO Historico_Aluno (id_aluno, id_disciplina, semestre, nota, situacao, id_professor) VALUES (34, 10, '2024/1', 8.0, 'aprovado', 1);
INSERT INTO Historico_Aluno (id_aluno, id_disciplina, semestre, nota, situacao, id_professor) VALUES (34, 16, '2024/1', 7.6, 'aprovado', 4);
INSERT INTO Historico_Aluno (id_aluno, id_disciplina, semestre, nota, situacao, id_professor) VALUES (34, 12, '2024/1', 4.04, 'reprovado', 4);
INSERT INTO Historico_Aluno (id_aluno, id_disciplina, semestre, nota, situacao, id_professor) VALUES (34, 8, '2024/1', 3.6, 'reprovado', 1);
INSERT INTO Historico_Aluno (id_aluno, id_disciplina, semestre, nota, situacao, id_professor) VALUES (34, 9, '2024/1', 9.85, 'aprovado', 7);
INSERT INTO Historico_Aluno (id_aluno, id_disciplina, semestre, nota, situacao, id_professor) VALUES (34, 26, '2024/1', 2.64, 'reprovado', 1);
INSERT INTO Historico_Aluno (id_aluno, id_disciplina, semestre, nota, situacao, id_professor) VALUES (34, 13, '2025/1', 0.98, 'reprovado', 7);
INSERT INTO Historico_Aluno (id_aluno, id_disciplina, semestre, nota, situacao, id_professor) VALUES (34, 8, '2025/1', 9.67, 'aprovado', 16);
INSERT INTO Historico_Aluno (id_aluno, id_disciplina, semestre, nota, situacao, id_professor) VALUES (34, 22, '2025/1', 9.2, 'aprovado', 7);
INSERT INTO Historico_Aluno (id_aluno, id_disciplina, semestre, nota, situacao, id_professor) VALUES (34, 5, '2025/1', 7.07, 'aprovado', 16);
INSERT INTO Historico_Aluno (id_aluno, id_disciplina, semestre, nota, situacao, id_professor) VALUES (34, 12, '2025/1', 5.49, 'aprovado', 17);
INSERT INTO Historico_Aluno (id_aluno, id_disciplina, semestre, nota, situacao, id_professor) VALUES (34, 26, '2025/1', 9.83, 'aprovado', 14);
INSERT INTO Historico_Aluno (id_aluno, id_disciplina, semestre, nota, situacao, id_professor) VALUES (35, 11, '2022/2', 3.78, 'reprovado', 9);
INSERT INTO Historico_Aluno (id_aluno, id_disciplina, semestre, nota, situacao, id_professor) VALUES (35, 5, '2022/2', 7.62, 'aprovado', 9);
INSERT INTO Historico_Aluno (id_aluno, id_disciplina, semestre, nota, situacao, id_professor) VALUES (35, 20, '2022/2', 7.45, 'aprovado', 9);
INSERT INTO Historico_Aluno (id_aluno, id_disciplina, semestre, nota, situacao, id_professor) VALUES (35, 3, '2022/2', 4.66, 'reprovado', 9);
INSERT INTO Historico_Aluno (id_aluno, id_disciplina, semestre, nota, situacao, id_professor) VALUES (35, 4, '2022/2', 1.69, 'reprovado', 9);
INSERT INTO Historico_Aluno (id_aluno, id_disciplina, semestre, nota, situacao, id_professor) VALUES (35, 21, '2022/2', 0.96, 'reprovado', 9);
INSERT INTO Historico_Aluno (id_aluno, id_disciplina, semestre, nota, situacao, id_professor) VALUES (35, 7, '2023/2', 2.25, 'reprovado', 9);
INSERT INTO Historico_Aluno (id_aluno, id_disciplina, semestre, nota, situacao, id_professor) VALUES (35, 18, '2023/2', 8.35, 'aprovado', 9);
INSERT INTO Historico_Aluno (id_aluno, id_disciplina, semestre, nota, situacao, id_professor) VALUES (35, 25, '2023/2', 4.35, 'reprovado', 9);
INSERT INTO Historico_Aluno (id_aluno, id_disciplina, semestre, nota, situacao, id_professor) VALUES (35, 15, '2023/2', 4.58, 'reprovado', 9);
INSERT INTO Historico_Aluno (id_aluno, id_disciplina, semestre, nota, situacao, id_professor) VALUES (35, 28, '2023/2', 9.93, 'aprovado', 9);
INSERT INTO Historico_Aluno (id_aluno, id_disciplina, semestre, nota, situacao, id_professor) VALUES (35, 10, '2024/2', 8.65, 'aprovado', 9);
INSERT INTO Historico_Aluno (id_aluno, id_disciplina, semestre, nota, situacao, id_professor) VALUES (35, 12, '2024/2', 3.82, 'reprovado', 9);
INSERT INTO Historico_Aluno (id_aluno, id_disciplina, semestre, nota, situacao, id_professor) VALUES (35, 26, '2024/2', 4.04, 'reprovado', 9);
INSERT INTO Historico_Aluno (id_aluno, id_disciplina, semestre, nota, situacao, id_professor) VALUES (35, 1, '2024/2', 2.68, 'reprovado', 9);
INSERT INTO Historico_Aluno (id_aluno, id_disciplina, semestre, nota, situacao, id_professor) VALUES (35, 13, '2024/2', 6.35, 'aprovado', 9);
INSERT INTO Historico_Aluno (id_aluno, id_disciplina, semestre, nota, situacao, id_professor) VALUES (35, 15, '2024/2', 6.27, 'aprovado', 9);
INSERT INTO Historico_Aluno (id_aluno, id_disciplina, semestre, nota, situacao, id_professor) VALUES (35, 30, '2025/2', 0.28, 'reprovado', 9);
INSERT INTO Historico_Aluno (id_aluno, id_disciplina, semestre, nota, situacao, id_professor) VALUES (35, 14, '2025/2', 9.53, 'aprovado', 9);
INSERT INTO Historico_Aluno (id_aluno, id_disciplina, semestre, nota, situacao, id_professor) VALUES (35, 25, '2025/2', 6.56, 'aprovado', 9);
INSERT INTO Historico_Aluno (id_aluno, id_disciplina, semestre, nota, situacao, id_professor) VALUES (35, 26, '2025/2', 8.17, 'aprovado', 9);
INSERT INTO Historico_Aluno (id_aluno, id_disciplina, semestre, nota, situacao, id_professor) VALUES (35, 8, '2025/2', 6.14, 'aprovado', 9);
INSERT INTO Historico_Aluno (id_aluno, id_disciplina, semestre, nota, situacao, id_professor) VALUES (35, 2, '2025/2', 6.58, 'aprovado', 9);
INSERT INTO Historico_Aluno (id_aluno, id_disciplina, semestre, nota, situacao, id_professor) VALUES (35, 11, '2025/2', 9.33, 'aprovado', 20);
INSERT INTO Historico_Aluno (id_aluno, id_disciplina, semestre, nota, situacao, id_professor) VALUES (35, 3, '2025/2', 7.86, 'aprovado', 3);
INSERT INTO Historico_Aluno (id_aluno, id_disciplina, semestre, nota, situacao, id_professor) VALUES (35, 4, '2025/2', 8.74, 'aprovado', 20);
INSERT INTO Historico_Aluno (id_aluno, id_disciplina, semestre, nota, situacao, id_professor) VALUES (35, 21, '2025/2', 8.91, 'aprovado', 12);
INSERT INTO Historico_Aluno (id_aluno, id_disciplina, semestre, nota, situacao, id_professor) VALUES (35, 7, '2025/2', 8.04, 'aprovado', 5);
INSERT INTO Historico_Aluno (id_aluno, id_disciplina, semestre, nota, situacao, id_professor) VALUES (35, 12, '2025/2', 7.1, 'aprovado', 6);
INSERT INTO Historico_Aluno (id_aluno, id_disciplina, semestre, nota, situacao, id_professor) VALUES (35, 1, '2025/2', 9.12, 'aprovado', 11);
INSERT INTO Historico_Aluno (id_aluno, id_disciplina, semestre, nota, situacao, id_professor) VALUES (36, 20, '2024/2', 7.63, 'aprovado', 10);
INSERT INTO Historico_Aluno (id_aluno, id_disciplina, semestre, nota, situacao, id_professor) VALUES (36, 23, '2024/2', 5.48, 'aprovado', 10);
INSERT INTO Historico_Aluno (id_aluno, id_disciplina, semestre, nota, situacao, id_professor) VALUES (36, 28, '2024/2', 2.23, 'reprovado', 2);
INSERT INTO Historico_Aluno (id_aluno, id_disciplina, semestre, nota, situacao, id_professor) VALUES (36, 27, '2024/2', 5.87, 'aprovado', 2);
INSERT INTO Historico_Aluno (id_aluno, id_disciplina, semestre, nota, situacao, id_professor) VALUES (36, 21, '2024/2', 0.92, 'reprovado', 10);
INSERT INTO Historico_Aluno (id_aluno, id_disciplina, semestre, nota, situacao, id_professor) VALUES (36, 15, '2025/2', 3.39, 'reprovado', 14);
INSERT INTO Historico_Aluno (id_aluno, id_disciplina, semestre, nota, situacao, id_professor) VALUES (36, 17, '2025/2', 1.55, 'reprovado', 10);
INSERT INTO Historico_Aluno (id_aluno, id_disciplina, semestre, nota, situacao, id_professor) VALUES (36, 7, '2025/2', 0.29, 'reprovado', 14);
INSERT INTO Historico_Aluno (id_aluno, id_disciplina, semestre, nota, situacao, id_professor) VALUES (36, 9, '2025/2', 0.97, 'reprovado', 2);
INSERT INTO Historico_Aluno (id_aluno, id_disciplina, semestre, nota, situacao, id_professor) VALUES (36, 12, '2025/2', 8.98, 'aprovado', 14);
INSERT INTO Historico_Aluno (id_aluno, id_disciplina, semestre, nota, situacao, id_professor) VALUES (36, 22, '2025/2', 8.07, 'aprovado', 2);
INSERT INTO Historico_Aluno (id_aluno, id_disciplina, semestre, nota, situacao, id_professor) VALUES (36, 28, '2025/2', 6.37, 'aprovado', 5);
INSERT INTO Historico_Aluno (id_aluno, id_disciplina, semestre, nota, situacao, id_professor) VALUES (36, 21, '2025/2', 8.5, 'aprovado', 4);
INSERT INTO Historico_Aluno (id_aluno, id_disciplina, semestre, nota, situacao, id_professor) VALUES (37, 24, '2022/1', 2.43, 'reprovado', 9);
INSERT INTO Historico_Aluno (id_aluno, id_disciplina, semestre, nota, situacao, id_professor) VALUES (37, 2, '2022/1', 8.43, 'aprovado', 9);
INSERT INTO Historico_Aluno (id_aluno, id_disciplina, semestre, nota, situacao, id_professor) VALUES (37, 14, '2022/1', 8.34, 'aprovado', 9);
INSERT INTO Historico_Aluno (id_aluno, id_disciplina, semestre, nota, situacao, id_professor) VALUES (37, 13, '2022/1', 9.93, 'aprovado', 9);
INSERT INTO Historico_Aluno (id_aluno, id_disciplina, semestre, nota, situacao, id_professor) VALUES (37, 18, '2022/1', 5.4, 'aprovado', 9);
INSERT INTO Historico_Aluno (id_aluno, id_disciplina, semestre, nota, situacao, id_professor) VALUES (37, 17, '2022/1', 4.53, 'reprovado', 9);
INSERT INTO Historico_Aluno (id_aluno, id_disciplina, semestre, nota, situacao, id_professor) VALUES (37, 10, '2023/1', 6.65, 'aprovado', 9);
INSERT INTO Historico_Aluno (id_aluno, id_disciplina, semestre, nota, situacao, id_professor) VALUES (37, 4, '2023/1', 5.36, 'aprovado', 9);
INSERT INTO Historico_Aluno (id_aluno, id_disciplina, semestre, nota, situacao, id_professor) VALUES (37, 6, '2023/1', 4.98, 'reprovado', 9);
INSERT INTO Historico_Aluno (id_aluno, id_disciplina, semestre, nota, situacao, id_professor) VALUES (37, 16, '2023/1', 0.97, 'reprovado', 9);
INSERT INTO Historico_Aluno (id_aluno, id_disciplina, semestre, nota, situacao, id_professor) VALUES (37, 24, '2023/1', 9.23, 'aprovado', 9);
INSERT INTO Historico_Aluno (id_aluno, id_disciplina, semestre, nota, situacao, id_professor) VALUES (37, 19, '2023/1', 1.09, 'reprovado', 9);
INSERT INTO Historico_Aluno (id_aluno, id_disciplina, semestre, nota, situacao, id_professor) VALUES (37, 17, '2024/1', 8.67, 'aprovado', 9);
INSERT INTO Historico_Aluno (id_aluno, id_disciplina, semestre, nota, situacao, id_professor) VALUES (37, 9, '2024/1', 4.95, 'reprovado', 9);
INSERT INTO Historico_Aluno (id_aluno, id_disciplina, semestre, nota, situacao, id_professor) VALUES (37, 29, '2024/1', 5.94, 'aprovado', 9);
INSERT INTO Historico_Aluno (id_aluno, id_disciplina, semestre, nota, situacao, id_professor) VALUES (37, 25, '2024/1', 8.94, 'aprovado', 9);
INSERT INTO Historico_Aluno (id_aluno, id_disciplina, semestre, nota, situacao, id_professor) VALUES (37, 19, '2024/1', 7.6, 'aprovado', 9);
INSERT INTO Historico_Aluno (id_aluno, id_disciplina, semestre, nota, situacao, id_professor) VALUES (37, 8, '2025/1', 0.99, 'reprovado', 9);
INSERT INTO Historico_Aluno (id_aluno, id_disciplina, semestre, nota, situacao, id_professor) VALUES (37, 28, '2025/1', 4.63, 'reprovado', 9);
INSERT INTO Historico_Aluno (id_aluno, id_disciplina, semestre, nota, situacao, id_professor) VALUES (37, 22, '2025/1', 8.15, 'aprovado', 9);
INSERT INTO Historico_Aluno (id_aluno, id_disciplina, semestre, nota, situacao, id_professor) VALUES (37, 5, '2025/1', 7.88, 'aprovado', 9);
INSERT INTO Historico_Aluno (id_aluno, id_disciplina, semestre, nota, situacao, id_professor) VALUES (37, 6, '2025/1', 7.02, 'aprovado', 9);
INSERT INTO Historico_Aluno (id_aluno, id_disciplina, semestre, nota, situacao, id_professor) VALUES (37, 16, '2025/1', 7.78, 'aprovado', 3);
INSERT INTO Historico_Aluno (id_aluno, id_disciplina, semestre, nota, situacao, id_professor) VALUES (37, 9, '2025/1', 5.29, 'aprovado', 5);
INSERT INTO Historico_Aluno (id_aluno, id_disciplina, semestre, nota, situacao, id_professor) VALUES (38, 15, '2023/1', 1.81, 'reprovado', 9);
INSERT INTO Historico_Aluno (id_aluno, id_disciplina, semestre, nota, situacao, id_professor) VALUES (38, 23, '2023/1', 3.04, 'reprovado', 9);
INSERT INTO Historico_Aluno (id_aluno, id_disciplina, semestre, nota, situacao, id_professor) VALUES (38, 27, '2023/1', 5.89, 'aprovado', 9);
INSERT INTO Historico_Aluno (id_aluno, id_disciplina, semestre, nota, situacao, id_professor) VALUES (38, 7, '2023/1', 5.66, 'aprovado', 9);
INSERT INTO Historico_Aluno (id_aluno, id_disciplina, semestre, nota, situacao, id_professor) VALUES (38, 25, '2023/1', 1.67, 'reprovado', 9);
INSERT INTO Historico_Aluno (id_aluno, id_disciplina, semestre, nota, situacao, id_professor) VALUES (38, 26, '2024/2', 1.77, 'reprovado', 9);
INSERT INTO Historico_Aluno (id_aluno, id_disciplina, semestre, nota, situacao, id_professor) VALUES (38, 9, '2024/2', 1.53, 'reprovado', 9);
INSERT INTO Historico_Aluno (id_aluno, id_disciplina, semestre, nota, situacao, id_professor) VALUES (38, 18, '2024/2', 1.17, 'reprovado', 9);
INSERT INTO Historico_Aluno (id_aluno, id_disciplina, semestre, nota, situacao, id_professor) VALUES (38, 1, '2024/2', 3.04, 'reprovado', 9);
INSERT INTO Historico_Aluno (id_aluno, id_disciplina, semestre, nota, situacao, id_professor) VALUES (38, 30, '2024/2', 7.88, 'aprovado', 9);
INSERT INTO Historico_Aluno (id_aluno, id_disciplina, semestre, nota, situacao, id_professor) VALUES (38, 16, '2024/2', 7.08, 'aprovado', 9);
INSERT INTO Historico_Aluno (id_aluno, id_disciplina, semestre, nota, situacao, id_professor) VALUES (38, 15, '2024/2', 7.09, 'aprovado', 5);
INSERT INTO Historico_Aluno (id_aluno, id_disciplina, semestre, nota, situacao, id_professor) VALUES (38, 23, '2024/2', 9.69, 'aprovado', 5);
INSERT INTO Historico_Aluno (id_aluno, id_disciplina, semestre, nota, situacao, id_professor) VALUES (38, 25, '2024/2', 5.76, 'aprovado', 8);
INSERT INTO Historico_Aluno (id_aluno, id_disciplina, semestre, nota, situacao, id_professor) VALUES (39, 30, '2022/2', 8.79, 'aprovado', 9);
INSERT INTO Historico_Aluno (id_aluno, id_disciplina, semestre, nota, situacao, id_professor) VALUES (39, 13, '2022/2', 6.35, 'aprovado', 9);
INSERT INTO Historico_Aluno (id_aluno, id_disciplina, semestre, nota, situacao, id_professor) VALUES (39, 12, '2022/2', 7.18, 'aprovado', 9);
INSERT INTO Historico_Aluno (id_aluno, id_disciplina, semestre, nota, situacao, id_professor) VALUES (39, 24, '2022/2', 0.68, 'reprovado', 9);
INSERT INTO Historico_Aluno (id_aluno, id_disciplina, semestre, nota, situacao, id_professor) VALUES (39, 28, '2023/1', 9.13, 'aprovado', 9);
INSERT INTO Historico_Aluno (id_aluno, id_disciplina, semestre, nota, situacao, id_professor) VALUES (39, 10, '2023/1', 9.48, 'aprovado', 9);
INSERT INTO Historico_Aluno (id_aluno, id_disciplina, semestre, nota, situacao, id_professor) VALUES (39, 27, '2023/1', 9.12, 'aprovado', 9);
INSERT INTO Historico_Aluno (id_aluno, id_disciplina, semestre, nota, situacao, id_professor) VALUES (39, 4, '2023/1', 2.12, 'reprovado', 9);
INSERT INTO Historico_Aluno (id_aluno, id_disciplina, semestre, nota, situacao, id_professor) VALUES (39, 9, '2023/1', 1.58, 'reprovado', 9);
INSERT INTO Historico_Aluno (id_aluno, id_disciplina, semestre, nota, situacao, id_professor) VALUES (39, 24, '2023/2', 9.86, 'aprovado', 9);
INSERT INTO Historico_Aluno (id_aluno, id_disciplina, semestre, nota, situacao, id_professor) VALUES (39, 17, '2023/2', 4.52, 'reprovado', 9);
INSERT INTO Historico_Aluno (id_aluno, id_disciplina, semestre, nota, situacao, id_professor) VALUES (39, 19, '2023/2', 9.54, 'aprovado', 9);
INSERT INTO Historico_Aluno (id_aluno, id_disciplina, semestre, nota, situacao, id_professor) VALUES (39, 22, '2023/2', 7.42, 'aprovado', 9);
INSERT INTO Historico_Aluno (id_aluno, id_disciplina, semestre, nota, situacao, id_professor) VALUES (39, 3, '2023/2', 6.6, 'aprovado', 9);
INSERT INTO Historico_Aluno (id_aluno, id_disciplina, semestre, nota, situacao, id_professor) VALUES (39, 7, '2023/2', 7.03, 'aprovado', 9);
INSERT INTO Historico_Aluno (id_aluno, id_disciplina, semestre, nota, situacao, id_professor) VALUES (39, 15, '2025/1', 5.25, 'aprovado', 9);
INSERT INTO Historico_Aluno (id_aluno, id_disciplina, semestre, nota, situacao, id_professor) VALUES (39, 2, '2025/1', 1.39, 'reprovado', 9);
INSERT INTO Historico_Aluno (id_aluno, id_disciplina, semestre, nota, situacao, id_professor) VALUES (39, 8, '2025/1', 2.5, 'reprovado', 9);
INSERT INTO Historico_Aluno (id_aluno, id_disciplina, semestre, nota, situacao, id_professor) VALUES (39, 9, '2025/1', 9.26, 'aprovado', 9);
INSERT INTO Historico_Aluno (id_aluno, id_disciplina, semestre, nota, situacao, id_professor) VALUES (39, 4, '2025/1', 9.33, 'aprovado', 7);
INSERT INTO Historico_Aluno (id_aluno, id_disciplina, semestre, nota, situacao, id_professor) VALUES (39, 17, '2025/1', 8.23, 'aprovado', 10);
INSERT INTO Historico_Aluno (id_aluno, id_disciplina, semestre, nota, situacao, id_professor) VALUES (40, 3, '2023/1', 3.1, 'reprovado', 9);
INSERT INTO Historico_Aluno (id_aluno, id_disciplina, semestre, nota, situacao, id_professor) VALUES (40, 9, '2023/1', 8.94, 'aprovado', 9);
INSERT INTO Historico_Aluno (id_aluno, id_disciplina, semestre, nota, situacao, id_professor) VALUES (40, 24, '2023/1', 0.84, 'reprovado', 9);
INSERT INTO Historico_Aluno (id_aluno, id_disciplina, semestre, nota, situacao, id_professor) VALUES (40, 26, '2023/1', 1.94, 'reprovado', 9);
INSERT INTO Historico_Aluno (id_aluno, id_disciplina, semestre, nota, situacao, id_professor) VALUES (40, 11, '2025/2', 1.67, 'reprovado', 9);
INSERT INTO Historico_Aluno (id_aluno, id_disciplina, semestre, nota, situacao, id_professor) VALUES (40, 5, '2025/2', 7.73, 'aprovado', 9);
INSERT INTO Historico_Aluno (id_aluno, id_disciplina, semestre, nota, situacao, id_professor) VALUES (40, 24, '2025/2', 5.14, 'aprovado', 9);
INSERT INTO Historico_Aluno (id_aluno, id_disciplina, semestre, nota, situacao, id_professor) VALUES (40, 26, '2025/2', 6.34, 'aprovado', 9);
INSERT INTO Historico_Aluno (id_aluno, id_disciplina, semestre, nota, situacao, id_professor) VALUES (40, 7, '2025/2', 6.36, 'aprovado', 9);
INSERT INTO Historico_Aluno (id_aluno, id_disciplina, semestre, nota, situacao, id_professor) VALUES (40, 3, '2025/2', 6.93, 'aprovado', 20);
INSERT INTO Historico_Aluno (id_aluno, id_disciplina, semestre, nota, situacao, id_professor) VALUES (41, 19, '2022/2', 7.13, 'aprovado', 9);
INSERT INTO Historico_Aluno (id_aluno, id_disciplina, semestre, nota, situacao, id_professor) VALUES (41, 8, '2022/2', 7.38, 'aprovado', 9);
INSERT INTO Historico_Aluno (id_aluno, id_disciplina, semestre, nota, situacao, id_professor) VALUES (41, 29, '2022/2', 1.48, 'reprovado', 9);
INSERT INTO Historico_Aluno (id_aluno, id_disciplina, semestre, nota, situacao, id_professor) VALUES (41, 20, '2022/2', 2.89, 'reprovado', 9);
INSERT INTO Historico_Aluno (id_aluno, id_disciplina, semestre, nota, situacao, id_professor) VALUES (41, 12, '2022/2', 2.56, 'reprovado', 9);
INSERT INTO Historico_Aluno (id_aluno, id_disciplina, semestre, nota, situacao, id_professor) VALUES (41, 6, '2022/2', 9.52, 'aprovado', 9);
INSERT INTO Historico_Aluno (id_aluno, id_disciplina, semestre, nota, situacao, id_professor) VALUES (41, 14, '2023/2', 0.53, 'reprovado', 9);
INSERT INTO Historico_Aluno (id_aluno, id_disciplina, semestre, nota, situacao, id_professor) VALUES (41, 5, '2023/2', 6.07, 'aprovado', 9);
INSERT INTO Historico_Aluno (id_aluno, id_disciplina, semestre, nota, situacao, id_professor) VALUES (41, 10, '2023/2', 0.98, 'reprovado', 9);
INSERT INTO Historico_Aluno (id_aluno, id_disciplina, semestre, nota, situacao, id_professor) VALUES (41, 26, '2023/2', 5.64, 'aprovado', 9);
INSERT INTO Historico_Aluno (id_aluno, id_disciplina, semestre, nota, situacao, id_professor) VALUES (41, 24, '2024/1', 3.89, 'reprovado', 9);
INSERT INTO Historico_Aluno (id_aluno, id_disciplina, semestre, nota, situacao, id_professor) VALUES (41, 4, '2024/1', 9.93, 'aprovado', 9);
INSERT INTO Historico_Aluno (id_aluno, id_disciplina, semestre, nota, situacao, id_professor) VALUES (41, 16, '2024/1', 5.84, 'aprovado', 9);
INSERT INTO Historico_Aluno (id_aluno, id_disciplina, semestre, nota, situacao, id_professor) VALUES (41, 27, '2024/1', 9.08, 'aprovado', 9);
INSERT INTO Historico_Aluno (id_aluno, id_disciplina, semestre, nota, situacao, id_professor) VALUES (41, 23, '2024/1', 9.07, 'aprovado', 9);
INSERT INTO Historico_Aluno (id_aluno, id_disciplina, semestre, nota, situacao, id_professor) VALUES (41, 13, '2024/1', 3.25, 'reprovado', 9);
INSERT INTO Historico_Aluno (id_aluno, id_disciplina, semestre, nota, situacao, id_professor) VALUES (41, 11, '2025/1', 5.14, 'aprovado', 9);
INSERT INTO Historico_Aluno (id_aluno, id_disciplina, semestre, nota, situacao, id_professor) VALUES (41, 24, '2025/1', 8.94, 'aprovado', 9);
INSERT INTO Historico_Aluno (id_aluno, id_disciplina, semestre, nota, situacao, id_professor) VALUES (41, 10, '2025/1', 6.06, 'aprovado', 9);
INSERT INTO Historico_Aluno (id_aluno, id_disciplina, semestre, nota, situacao, id_professor) VALUES (41, 22, '2025/1', 7.3, 'aprovado', 9);
INSERT INTO Historico_Aluno (id_aluno, id_disciplina, semestre, nota, situacao, id_professor) VALUES (41, 3, '2025/1', 5.28, 'aprovado', 9);
INSERT INTO Historico_Aluno (id_aluno, id_disciplina, semestre, nota, situacao, id_professor) VALUES (41, 18, '2025/1', 6.53, 'aprovado', 9);
INSERT INTO Historico_Aluno (id_aluno, id_disciplina, semestre, nota, situacao, id_professor) VALUES (41, 29, '2025/1', 5.55, 'aprovado', 12);
INSERT INTO Historico_Aluno (id_aluno, id_disciplina, semestre, nota, situacao, id_professor) VALUES (41, 20, '2025/1', 8.41, 'aprovado', 5);
INSERT INTO Historico_Aluno (id_aluno, id_disciplina, semestre, nota, situacao, id_professor) VALUES (41, 12, '2025/1', 9.22, 'aprovado', 14);
INSERT INTO Historico_Aluno (id_aluno, id_disciplina, semestre, nota, situacao, id_professor) VALUES (41, 14, '2025/1', 6.89, 'aprovado', 3);
INSERT INTO Historico_Aluno (id_aluno, id_disciplina, semestre, nota, situacao, id_professor) VALUES (41, 13, '2025/1', 5.1, 'aprovado', 20);
INSERT INTO Historico_Aluno (id_aluno, id_disciplina, semestre, nota, situacao, id_professor) VALUES (42, 2, '2022/1', 9.04, 'aprovado', 9);
INSERT INTO Historico_Aluno (id_aluno, id_disciplina, semestre, nota, situacao, id_professor) VALUES (42, 13, '2022/1', 1.94, 'reprovado', 9);
INSERT INTO Historico_Aluno (id_aluno, id_disciplina, semestre, nota, situacao, id_professor) VALUES (42, 18, '2022/1', 4.18, 'reprovado', 9);
INSERT INTO Historico_Aluno (id_aluno, id_disciplina, semestre, nota, situacao, id_professor) VALUES (42, 19, '2022/1', 2.19, 'reprovado', 9);
INSERT INTO Historico_Aluno (id_aluno, id_disciplina, semestre, nota, situacao, id_professor) VALUES (42, 14, '2022/1', 1.68, 'reprovado', 9);
INSERT INTO Historico_Aluno (id_aluno, id_disciplina, semestre, nota, situacao, id_professor) VALUES (42, 11, '2022/1', 9.38, 'aprovado', 9);
INSERT INTO Historico_Aluno (id_aluno, id_disciplina, semestre, nota, situacao, id_professor) VALUES (42, 23, '2023/1', 6.85, 'aprovado', 9);
INSERT INTO Historico_Aluno (id_aluno, id_disciplina, semestre, nota, situacao, id_professor) VALUES (42, 8, '2023/1', 1.62, 'reprovado', 9);
INSERT INTO Historico_Aluno (id_aluno, id_disciplina, semestre, nota, situacao, id_professor) VALUES (42, 12, '2023/1', 6.17, 'aprovado', 9);
INSERT INTO Historico_Aluno (id_aluno, id_disciplina, semestre, nota, situacao, id_professor) VALUES (42, 4, '2023/1', 2.73, 'reprovado', 9);
INSERT INTO Historico_Aluno (id_aluno, id_disciplina, semestre, nota, situacao, id_professor) VALUES (42, 1, '2023/1', 4.38, 'reprovado', 9);
INSERT INTO Historico_Aluno (id_aluno, id_disciplina, semestre, nota, situacao, id_professor) VALUES (42, 5, '2024/1', 3.21, 'reprovado', 9);
INSERT INTO Historico_Aluno (id_aluno, id_disciplina, semestre, nota, situacao, id_professor) VALUES (42, 27, '2024/1', 9.24, 'aprovado', 9);
INSERT INTO Historico_Aluno (id_aluno, id_disciplina, semestre, nota, situacao, id_professor) VALUES (42, 1, '2024/1', 6.88, 'aprovado', 9);
INSERT INTO Historico_Aluno (id_aluno, id_disciplina, semestre, nota, situacao, id_professor) VALUES (42, 18, '2024/1', 6.37, 'aprovado', 9);
INSERT INTO Historico_Aluno (id_aluno, id_disciplina, semestre, nota, situacao, id_professor) VALUES (42, 26, '2024/1', 9.92, 'aprovado', 9);
INSERT INTO Historico_Aluno (id_aluno, id_disciplina, semestre, nota, situacao, id_professor) VALUES (42, 16, '2024/1', 3.3, 'reprovado', 9);
INSERT INTO Historico_Aluno (id_aluno, id_disciplina, semestre, nota, situacao, id_professor) VALUES (42, 16, '2025/2', 6.37, 'aprovado', 9);
INSERT INTO Historico_Aluno (id_aluno, id_disciplina, semestre, nota, situacao, id_professor) VALUES (42, 28, '2025/2', 8.34, 'aprovado', 9);
INSERT INTO Historico_Aluno (id_aluno, id_disciplina, semestre, nota, situacao, id_professor) VALUES (42, 9, '2025/2', 7.0, 'aprovado', 9);
INSERT INTO Historico_Aluno (id_aluno, id_disciplina, semestre, nota, situacao, id_professor) VALUES (42, 22, '2025/2', 1.49, 'reprovado', 9);
INSERT INTO Historico_Aluno (id_aluno, id_disciplina, semestre, nota, situacao, id_professor) VALUES (42, 13, '2025/2', 6.82, 'aprovado', 7);
INSERT INTO Historico_Aluno (id_aluno, id_disciplina, semestre, nota, situacao, id_professor) VALUES (42, 19, '2025/2', 5.36, 'aprovado', 20);
INSERT INTO Historico_Aluno (id_aluno, id_disciplina, semestre, nota, situacao, id_professor) VALUES (42, 14, '2025/2', 7.6, 'aprovado', 15);
INSERT INTO Historico_Aluno (id_aluno, id_disciplina, semestre, nota, situacao, id_professor) VALUES (42, 8, '2025/2', 6.49, 'aprovado', 20);
INSERT INTO Historico_Aluno (id_aluno, id_disciplina, semestre, nota, situacao, id_professor) VALUES (42, 4, '2025/2', 7.48, 'aprovado', 7);
INSERT INTO Historico_Aluno (id_aluno, id_disciplina, semestre, nota, situacao, id_professor) VALUES (42, 5, '2025/2', 8.91, 'aprovado', 3);
INSERT INTO Historico_Aluno (id_aluno, id_disciplina, semestre, nota, situacao, id_professor) VALUES (43, 18, '2022/1', 9.53, 'aprovado', 19);
INSERT INTO Historico_Aluno (id_aluno, id_disciplina, semestre, nota, situacao, id_professor) VALUES (43, 10, '2022/1', 5.1, 'aprovado', 6);
INSERT INTO Historico_Aluno (id_aluno, id_disciplina, semestre, nota, situacao, id_professor) VALUES (43, 25, '2022/1', 5.73, 'aprovado', 6);
INSERT INTO Historico_Aluno (id_aluno, id_disciplina, semestre, nota, situacao, id_professor) VALUES (43, 16, '2022/1', 0.66, 'reprovado', 19);
INSERT INTO Historico_Aluno (id_aluno, id_disciplina, semestre, nota, situacao, id_professor) VALUES (43, 22, '2022/1', 9.34, 'aprovado', 8);
INSERT INTO Historico_Aluno (id_aluno, id_disciplina, semestre, nota, situacao, id_professor) VALUES (43, 2, '2022/2', 7.91, 'aprovado', 19);
INSERT INTO Historico_Aluno (id_aluno, id_disciplina, semestre, nota, situacao, id_professor) VALUES (43, 17, '2022/2', 2.87, 'reprovado', 5);
INSERT INTO Historico_Aluno (id_aluno, id_disciplina, semestre, nota, situacao, id_professor) VALUES (43, 1, '2022/2', 7.31, 'aprovado', 19);
INSERT INTO Historico_Aluno (id_aluno, id_disciplina, semestre, nota, situacao, id_professor) VALUES (43, 13, '2022/2', 9.35, 'aprovado', 19);
INSERT INTO Historico_Aluno (id_aluno, id_disciplina, semestre, nota, situacao, id_professor) VALUES (43, 4, '2024/1', 7.56, 'aprovado', 8);
INSERT INTO Historico_Aluno (id_aluno, id_disciplina, semestre, nota, situacao, id_professor) VALUES (43, 9, '2024/1', 0.59, 'reprovado', 19);
INSERT INTO Historico_Aluno (id_aluno, id_disciplina, semestre, nota, situacao, id_professor) VALUES (43, 12, '2024/1', 1.61, 'reprovado', 8);
INSERT INTO Historico_Aluno (id_aluno, id_disciplina, semestre, nota, situacao, id_professor) VALUES (43, 30, '2024/1', 3.41, 'reprovado', 6);
INSERT INTO Historico_Aluno (id_aluno, id_disciplina, semestre, nota, situacao, id_professor) VALUES (43, 16, '2024/1', 9.29, 'aprovado', 15);
INSERT INTO Historico_Aluno (id_aluno, id_disciplina, semestre, nota, situacao, id_professor) VALUES (43, 17, '2024/1', 8.97, 'aprovado', 10);
INSERT INTO Historico_Aluno (id_aluno, id_disciplina, semestre, nota, situacao, id_professor) VALUES (44, 22, '2022/2', 4.85, 'reprovado', 9);
INSERT INTO Historico_Aluno (id_aluno, id_disciplina, semestre, nota, situacao, id_professor) VALUES (44, 2, '2022/2', 4.04, 'reprovado', 9);
INSERT INTO Historico_Aluno (id_aluno, id_disciplina, semestre, nota, situacao, id_professor) VALUES (44, 19, '2022/2', 3.14, 'reprovado', 9);
INSERT INTO Historico_Aluno (id_aluno, id_disciplina, semestre, nota, situacao, id_professor) VALUES (44, 27, '2022/2', 1.02, 'reprovado', 9);
INSERT INTO Historico_Aluno (id_aluno, id_disciplina, semestre, nota, situacao, id_professor) VALUES (44, 11, '2022/2', 3.85, 'reprovado', 9);
INSERT INTO Historico_Aluno (id_aluno, id_disciplina, semestre, nota, situacao, id_professor) VALUES (44, 21, '2022/2', 9.71, 'aprovado', 9);
INSERT INTO Historico_Aluno (id_aluno, id_disciplina, semestre, nota, situacao, id_professor) VALUES (44, 24, '2023/2', 4.43, 'reprovado', 9);
INSERT INTO Historico_Aluno (id_aluno, id_disciplina, semestre, nota, situacao, id_professor) VALUES (44, 2, '2023/2', 7.86, 'aprovado', 9);
INSERT INTO Historico_Aluno (id_aluno, id_disciplina, semestre, nota, situacao, id_professor) VALUES (44, 11, '2023/2', 7.47, 'aprovado', 9);
INSERT INTO Historico_Aluno (id_aluno, id_disciplina, semestre, nota, situacao, id_professor) VALUES (44, 17, '2023/2', 4.26, 'reprovado', 9);
INSERT INTO Historico_Aluno (id_aluno, id_disciplina, semestre, nota, situacao, id_professor) VALUES (44, 20, '2024/1', 3.65, 'reprovado', 9);
INSERT INTO Historico_Aluno (id_aluno, id_disciplina, semestre, nota, situacao, id_professor) VALUES (44, 7, '2024/1', 0.0, 'reprovado', 9);
INSERT INTO Historico_Aluno (id_aluno, id_disciplina, semestre, nota, situacao, id_professor) VALUES (44, 24, '2024/1', 8.24, 'aprovado', 9);
INSERT INTO Historico_Aluno (id_aluno, id_disciplina, semestre, nota, situacao, id_professor) VALUES (44, 1, '2024/1', 8.63, 'aprovado', 9);
INSERT INTO Historico_Aluno (id_aluno, id_disciplina, semestre, nota, situacao, id_professor) VALUES (44, 19, '2024/1', 9.02, 'aprovado', 9);
INSERT INTO Historico_Aluno (id_aluno, id_disciplina, semestre, nota, situacao, id_professor) VALUES (44, 14, '2024/1', 9.78, 'aprovado', 9);
INSERT INTO Historico_Aluno (id_aluno, id_disciplina, semestre, nota, situacao, id_professor) VALUES (44, 6, '2025/2', 6.43, 'aprovado', 9);
INSERT INTO Historico_Aluno (id_aluno, id_disciplina, semestre, nota, situacao, id_professor) VALUES (44, 17, '2025/2', 6.06, 'aprovado', 9);
INSERT INTO Historico_Aluno (id_aluno, id_disciplina, semestre, nota, situacao, id_professor) VALUES (44, 10, '2025/2', 1.86, 'reprovado', 9);
INSERT INTO Historico_Aluno (id_aluno, id_disciplina, semestre, nota, situacao, id_professor) VALUES (44, 29, '2025/2', 8.4, 'aprovado', 9);
INSERT INTO Historico_Aluno (id_aluno, id_disciplina, semestre, nota, situacao, id_professor) VALUES (44, 3, '2025/2', 6.75, 'aprovado', 9);
INSERT INTO Historico_Aluno (id_aluno, id_disciplina, semestre, nota, situacao, id_professor) VALUES (44, 22, '2025/2', 9.82, 'aprovado', 18);
INSERT INTO Historico_Aluno (id_aluno, id_disciplina, semestre, nota, situacao, id_professor) VALUES (44, 27, '2025/2', 7.35, 'aprovado', 10);
INSERT INTO Historico_Aluno (id_aluno, id_disciplina, semestre, nota, situacao, id_professor) VALUES (44, 20, '2025/2', 9.65, 'aprovado', 11);
INSERT INTO Historico_Aluno (id_aluno, id_disciplina, semestre, nota, situacao, id_professor) VALUES (44, 7, '2025/2', 8.75, 'aprovado', 2);
INSERT INTO Historico_Aluno (id_aluno, id_disciplina, semestre, nota, situacao, id_professor) VALUES (45, 15, '2022/1', 4.65, 'reprovado', 5);
INSERT INTO Historico_Aluno (id_aluno, id_disciplina, semestre, nota, situacao, id_professor) VALUES (45, 4, '2022/1', 1.9, 'reprovado', 6);
INSERT INTO Historico_Aluno (id_aluno, id_disciplina, semestre, nota, situacao, id_professor) VALUES (45, 18, '2022/1', 2.04, 'reprovado', 8);
INSERT INTO Historico_Aluno (id_aluno, id_disciplina, semestre, nota, situacao, id_professor) VALUES (45, 13, '2022/1', 8.37, 'aprovado', 6);
INSERT INTO Historico_Aluno (id_aluno, id_disciplina, semestre, nota, situacao, id_professor) VALUES (45, 5, '2023/2', 9.82, 'aprovado', 5);
INSERT INTO Historico_Aluno (id_aluno, id_disciplina, semestre, nota, situacao, id_professor) VALUES (45, 25, '2023/2', 1.12, 'reprovado', 5);
INSERT INTO Historico_Aluno (id_aluno, id_disciplina, semestre, nota, situacao, id_professor) VALUES (45, 12, '2023/2', 3.32, 'reprovado', 8);
INSERT INTO Historico_Aluno (id_aluno, id_disciplina, semestre, nota, situacao, id_professor) VALUES (45, 30, '2023/2', 7.31, 'aprovado', 19);
INSERT INTO Historico_Aluno (id_aluno, id_disciplina, semestre, nota, situacao, id_professor) VALUES (45, 29, '2023/2', 9.83, 'aprovado', 5);
INSERT INTO Historico_Aluno (id_aluno, id_disciplina, semestre, nota, situacao, id_professor) VALUES (45, 19, '2023/2', 8.83, 'aprovado', 5);
INSERT INTO Historico_Aluno (id_aluno, id_disciplina, semestre, nota, situacao, id_professor) VALUES (45, 20, '2024/1', 8.46, 'aprovado', 8);
INSERT INTO Historico_Aluno (id_aluno, id_disciplina, semestre, nota, situacao, id_professor) VALUES (45, 11, '2024/1', 6.59, 'aprovado', 19);
INSERT INTO Historico_Aluno (id_aluno, id_disciplina, semestre, nota, situacao, id_professor) VALUES (45, 10, '2024/1', 9.13, 'aprovado', 5);
INSERT INTO Historico_Aluno (id_aluno, id_disciplina, semestre, nota, situacao, id_professor) VALUES (45, 2, '2024/1', 2.37, 'reprovado', 6);
INSERT INTO Historico_Aluno (id_aluno, id_disciplina, semestre, nota, situacao, id_professor) VALUES (45, 28, '2024/1', 0.45, 'reprovado', 8);
INSERT INTO Historico_Aluno (id_aluno, id_disciplina, semestre, nota, situacao, id_professor) VALUES (45, 17, '2024/1', 2.54, 'reprovado', 6);
INSERT INTO Historico_Aluno (id_aluno, id_disciplina, semestre, nota, situacao, id_professor) VALUES (45, 9, '2025/2', 4.12, 'reprovado', 6);
INSERT INTO Historico_Aluno (id_aluno, id_disciplina, semestre, nota, situacao, id_professor) VALUES (45, 17, '2025/2', 8.72, 'aprovado', 8);
INSERT INTO Historico_Aluno (id_aluno, id_disciplina, semestre, nota, situacao, id_professor) VALUES (45, 21, '2025/2', 6.98, 'aprovado', 5);
INSERT INTO Historico_Aluno (id_aluno, id_disciplina, semestre, nota, situacao, id_professor) VALUES (45, 22, '2025/2', 0.54, 'reprovado', 19);
INSERT INTO Historico_Aluno (id_aluno, id_disciplina, semestre, nota, situacao, id_professor) VALUES (45, 16, '2025/2', 5.51, 'aprovado', 5);
INSERT INTO Historico_Aluno (id_aluno, id_disciplina, semestre, nota, situacao, id_professor) VALUES (45, 27, '2025/2', 4.66, 'reprovado', 5);
INSERT INTO Historico_Aluno (id_aluno, id_disciplina, semestre, nota, situacao, id_professor) VALUES (45, 15, '2025/2', 8.79, 'aprovado', 4);
INSERT INTO Historico_Aluno (id_aluno, id_disciplina, semestre, nota, situacao, id_professor) VALUES (45, 4, '2025/2', 6.74, 'aprovado', 14);
INSERT INTO Historico_Aluno (id_aluno, id_disciplina, semestre, nota, situacao, id_professor) VALUES (45, 18, '2025/2', 9.18, 'aprovado', 17);
INSERT INTO Historico_Aluno (id_aluno, id_disciplina, semestre, nota, situacao, id_professor) VALUES (45, 25, '2025/2', 7.91, 'aprovado', 18);
INSERT INTO Historico_Aluno (id_aluno, id_disciplina, semestre, nota, situacao, id_professor) VALUES (45, 12, '2025/2', 7.97, 'aprovado', 20);
INSERT INTO Historico_Aluno (id_aluno, id_disciplina, semestre, nota, situacao, id_professor) VALUES (45, 2, '2025/2', 7.56, 'aprovado', 4);
INSERT INTO Historico_Aluno (id_aluno, id_disciplina, semestre, nota, situacao, id_professor) VALUES (45, 28, '2025/2', 5.55, 'aprovado', 2);
INSERT INTO Historico_Aluno (id_aluno, id_disciplina, semestre, nota, situacao, id_professor) VALUES (46, 22, '2022/1', 1.55, 'reprovado', 9);
INSERT INTO Historico_Aluno (id_aluno, id_disciplina, semestre, nota, situacao, id_professor) VALUES (46, 18, '2022/1', 2.33, 'reprovado', 9);
INSERT INTO Historico_Aluno (id_aluno, id_disciplina, semestre, nota, situacao, id_professor) VALUES (46, 13, '2022/1', 7.43, 'aprovado', 9);
INSERT INTO Historico_Aluno (id_aluno, id_disciplina, semestre, nota, situacao, id_professor) VALUES (46, 30, '2022/1', 4.0, 'reprovado', 9);
INSERT INTO Historico_Aluno (id_aluno, id_disciplina, semestre, nota, situacao, id_professor) VALUES (46, 11, '2022/1', 5.05, 'aprovado', 9);
INSERT INTO Historico_Aluno (id_aluno, id_disciplina, semestre, nota, situacao, id_professor) VALUES (46, 1, '2022/1', 7.64, 'aprovado', 9);
INSERT INTO Historico_Aluno (id_aluno, id_disciplina, semestre, nota, situacao, id_professor) VALUES (46, 6, '2023/2', 8.43, 'aprovado', 9);
INSERT INTO Historico_Aluno (id_aluno, id_disciplina, semestre, nota, situacao, id_professor) VALUES (46, 12, '2023/2', 5.1, 'aprovado', 9);
INSERT INTO Historico_Aluno (id_aluno, id_disciplina, semestre, nota, situacao, id_professor) VALUES (46, 22, '2023/2', 6.7, 'aprovado', 9);
INSERT INTO Historico_Aluno (id_aluno, id_disciplina, semestre, nota, situacao, id_professor) VALUES (46, 14, '2023/2', 1.64, 'reprovado', 9);
INSERT INTO Historico_Aluno (id_aluno, id_disciplina, semestre, nota, situacao, id_professor) VALUES (46, 10, '2024/2', 2.55, 'reprovado', 9);
INSERT INTO Historico_Aluno (id_aluno, id_disciplina, semestre, nota, situacao, id_professor) VALUES (46, 9, '2024/2', 8.14, 'aprovado', 9);
INSERT INTO Historico_Aluno (id_aluno, id_disciplina, semestre, nota, situacao, id_professor) VALUES (46, 17, '2024/2', 5.59, 'aprovado', 9);
INSERT INTO Historico_Aluno (id_aluno, id_disciplina, semestre, nota, situacao, id_professor) VALUES (46, 14, '2024/2', 9.59, 'aprovado', 9);
INSERT INTO Historico_Aluno (id_aluno, id_disciplina, semestre, nota, situacao, id_professor) VALUES (46, 18, '2024/2', 9.88, 'aprovado', 13);
INSERT INTO Historico_Aluno (id_aluno, id_disciplina, semestre, nota, situacao, id_professor) VALUES (46, 30, '2024/2', 8.97, 'aprovado', 2);
INSERT INTO Historico_Aluno (id_aluno, id_disciplina, semestre, nota, situacao, id_professor) VALUES (47, 28, '2022/1', 8.89, 'aprovado', 9);
INSERT INTO Historico_Aluno (id_aluno, id_disciplina, semestre, nota, situacao, id_professor) VALUES (47, 25, '2022/1', 1.97, 'reprovado', 9);
INSERT INTO Historico_Aluno (id_aluno, id_disciplina, semestre, nota, situacao, id_professor) VALUES (47, 7, '2022/1', 2.9, 'reprovado', 9);
INSERT INTO Historico_Aluno (id_aluno, id_disciplina, semestre, nota, situacao, id_professor) VALUES (47, 24, '2022/1', 7.18, 'aprovado', 9);
INSERT INTO Historico_Aluno (id_aluno, id_disciplina, semestre, nota, situacao, id_professor) VALUES (47, 6, '2022/1', 4.0, 'reprovado', 9);
INSERT INTO Historico_Aluno (id_aluno, id_disciplina, semestre, nota, situacao, id_professor) VALUES (47, 19, '2022/1', 0.7, 'reprovado', 9);
INSERT INTO Historico_Aluno (id_aluno, id_disciplina, semestre, nota, situacao, id_professor) VALUES (47, 27, '2023/2', 2.8, 'reprovado', 9);
INSERT INTO Historico_Aluno (id_aluno, id_disciplina, semestre, nota, situacao, id_professor) VALUES (47, 16, '2023/2', 4.1, 'reprovado', 9);
INSERT INTO Historico_Aluno (id_aluno, id_disciplina, semestre, nota, situacao, id_professor) VALUES (47, 1, '2023/2', 1.94, 'reprovado', 9);
INSERT INTO Historico_Aluno (id_aluno, id_disciplina, semestre, nota, situacao, id_professor) VALUES (47, 3, '2023/2', 0.52, 'reprovado', 9);
INSERT INTO Historico_Aluno (id_aluno, id_disciplina, semestre, nota, situacao, id_professor) VALUES (47, 11, '2023/2', 4.35, 'reprovado', 9);
INSERT INTO Historico_Aluno (id_aluno, id_disciplina, semestre, nota, situacao, id_professor) VALUES (47, 25, '2023/2', 9.24, 'aprovado', 13);
INSERT INTO Historico_Aluno (id_aluno, id_disciplina, semestre, nota, situacao, id_professor) VALUES (47, 7, '2023/2', 5.28, 'aprovado', 4);
INSERT INTO Historico_Aluno (id_aluno, id_disciplina, semestre, nota, situacao, id_professor) VALUES (47, 6, '2023/2', 6.22, 'aprovado', 17);
INSERT INTO Historico_Aluno (id_aluno, id_disciplina, semestre, nota, situacao, id_professor) VALUES (47, 19, '2023/2', 8.64, 'aprovado', 6);
INSERT INTO Historico_Aluno (id_aluno, id_disciplina, semestre, nota, situacao, id_professor) VALUES (48, 18, '2022/1', 8.56, 'aprovado', 8);
INSERT INTO Historico_Aluno (id_aluno, id_disciplina, semestre, nota, situacao, id_professor) VALUES (48, 4, '2022/1', 6.14, 'aprovado', 19);
INSERT INTO Historico_Aluno (id_aluno, id_disciplina, semestre, nota, situacao, id_professor) VALUES (48, 22, '2022/1', 6.46, 'aprovado', 8);
INSERT INTO Historico_Aluno (id_aluno, id_disciplina, semestre, nota, situacao, id_professor) VALUES (48, 24, '2022/1', 9.43, 'aprovado', 8);
INSERT INTO Historico_Aluno (id_aluno, id_disciplina, semestre, nota, situacao, id_professor) VALUES (48, 20, '2022/1', 6.61, 'aprovado', 6);
INSERT INTO Historico_Aluno (id_aluno, id_disciplina, semestre, nota, situacao, id_professor) VALUES (48, 6, '2025/1', 8.13, 'aprovado', 6);
INSERT INTO Historico_Aluno (id_aluno, id_disciplina, semestre, nota, situacao, id_professor) VALUES (48, 30, '2025/1', 2.89, 'reprovado', 19);
INSERT INTO Historico_Aluno (id_aluno, id_disciplina, semestre, nota, situacao, id_professor) VALUES (48, 5, '2025/1', 0.37, 'reprovado', 6);
INSERT INTO Historico_Aluno (id_aluno, id_disciplina, semestre, nota, situacao, id_professor) VALUES (48, 8, '2025/1', 7.11, 'aprovado', 19);
INSERT INTO Historico_Aluno (id_aluno, id_disciplina, semestre, nota, situacao, id_professor) VALUES (48, 13, '2025/1', 6.64, 'aprovado', 6);
INSERT INTO Historico_Aluno (id_aluno, id_disciplina, semestre, nota, situacao, id_professor) VALUES (48, 19, '2025/1', 5.28, 'aprovado', 5);
INSERT INTO Historico_Aluno (id_aluno, id_disciplina, semestre, nota, situacao, id_professor) VALUES (48, 30, '2025/2', 5.18, 'aprovado', 6);
INSERT INTO Historico_Aluno (id_aluno, id_disciplina, semestre, nota, situacao, id_professor) VALUES (48, 9, '2025/2', 8.75, 'aprovado', 8);
INSERT INTO Historico_Aluno (id_aluno, id_disciplina, semestre, nota, situacao, id_professor) VALUES (48, 27, '2025/2', 6.73, 'aprovado', 8);
INSERT INTO Historico_Aluno (id_aluno, id_disciplina, semestre, nota, situacao, id_professor) VALUES (48, 11, '2025/2', 8.28, 'aprovado', 5);
INSERT INTO Historico_Aluno (id_aluno, id_disciplina, semestre, nota, situacao, id_professor) VALUES (48, 5, '2025/2', 6.52, 'aprovado', 13);
INSERT INTO Historico_Aluno (id_aluno, id_disciplina, semestre, nota, situacao, id_professor) VALUES (49, 29, '2022/2', 1.53, 'reprovado', 12);
INSERT INTO Historico_Aluno (id_aluno, id_disciplina, semestre, nota, situacao, id_professor) VALUES (49, 28, '2022/2', 6.22, 'aprovado', 3);
INSERT INTO Historico_Aluno (id_aluno, id_disciplina, semestre, nota, situacao, id_professor) VALUES (49, 9, '2022/2', 3.89, 'reprovado', 20);
INSERT INTO Historico_Aluno (id_aluno, id_disciplina, semestre, nota, situacao, id_professor) VALUES (49, 8, '2022/2', 5.63, 'aprovado', 17);
INSERT INTO Historico_Aluno (id_aluno, id_disciplina, semestre, nota, situacao, id_professor) VALUES (49, 6, '2024/2', 1.79, 'reprovado', 11);
INSERT INTO Historico_Aluno (id_aluno, id_disciplina, semestre, nota, situacao, id_professor) VALUES (49, 15, '2024/2', 7.44, 'aprovado', 15);
INSERT INTO Historico_Aluno (id_aluno, id_disciplina, semestre, nota, situacao, id_professor) VALUES (49, 10, '2024/2', 8.5, 'aprovado', 20);
INSERT INTO Historico_Aluno (id_aluno, id_disciplina, semestre, nota, situacao, id_professor) VALUES (49, 21, '2024/2', 5.93, 'aprovado', 18);
INSERT INTO Historico_Aluno (id_aluno, id_disciplina, semestre, nota, situacao, id_professor) VALUES (49, 7, '2024/2', 2.32, 'reprovado', 3);
INSERT INTO Historico_Aluno (id_aluno, id_disciplina, semestre, nota, situacao, id_professor) VALUES (49, 12, '2025/2', 6.27, 'aprovado', 20);
INSERT INTO Historico_Aluno (id_aluno, id_disciplina, semestre, nota, situacao, id_professor) VALUES (49, 18, '2025/2', 3.39, 'reprovado', 11);
INSERT INTO Historico_Aluno (id_aluno, id_disciplina, semestre, nota, situacao, id_professor) VALUES (49, 24, '2025/2', 5.94, 'aprovado', 20);
INSERT INTO Historico_Aluno (id_aluno, id_disciplina, semestre, nota, situacao, id_professor) VALUES (49, 7, '2025/2', 5.62, 'aprovado', 15);
INSERT INTO Historico_Aluno (id_aluno, id_disciplina, semestre, nota, situacao, id_professor) VALUES (49, 22, '2025/2', 9.29, 'aprovado', 11);
INSERT INTO Historico_Aluno (id_aluno, id_disciplina, semestre, nota, situacao, id_professor) VALUES (49, 29, '2025/2', 5.51, 'aprovado', 11);
INSERT INTO Historico_Aluno (id_aluno, id_disciplina, semestre, nota, situacao, id_professor) VALUES (49, 9, '2025/2', 6.95, 'aprovado', 20);
INSERT INTO Historico_Aluno (id_aluno, id_disciplina, semestre, nota, situacao, id_professor) VALUES (49, 6, '2025/2', 6.7, 'aprovado', 10);
INSERT INTO Historico_Aluno (id_aluno, id_disciplina, semestre, nota, situacao, id_professor) VALUES (50, 24, '2022/1', 7.7, 'aprovado', 1);
INSERT INTO Historico_Aluno (id_aluno, id_disciplina, semestre, nota, situacao, id_professor) VALUES (50, 1, '2022/1', 2.89, 'reprovado', 16);
INSERT INTO Historico_Aluno (id_aluno, id_disciplina, semestre, nota, situacao, id_professor) VALUES (50, 4, '2022/1', 8.4, 'aprovado', 16);
INSERT INTO Historico_Aluno (id_aluno, id_disciplina, semestre, nota, situacao, id_professor) VALUES (50, 2, '2022/1', 7.15, 'aprovado', 7);
INSERT INTO Historico_Aluno (id_aluno, id_disciplina, semestre, nota, situacao, id_professor) VALUES (50, 1, '2022/2', 6.21, 'aprovado', 1);
INSERT INTO Historico_Aluno (id_aluno, id_disciplina, semestre, nota, situacao, id_professor) VALUES (50, 22, '2022/2', 4.48, 'reprovado', 4);
INSERT INTO Historico_Aluno (id_aluno, id_disciplina, semestre, nota, situacao, id_professor) VALUES (50, 30, '2022/2', 6.61, 'aprovado', 1);
INSERT INTO Historico_Aluno (id_aluno, id_disciplina, semestre, nota, situacao, id_professor) VALUES (50, 8, '2022/2', 0.39, 'reprovado', 7);
INSERT INTO Historico_Aluno (id_aluno, id_disciplina, semestre, nota, situacao, id_professor) VALUES (50, 17, '2022/2', 7.05, 'aprovado', 4);
INSERT INTO Historico_Aluno (id_aluno, id_disciplina, semestre, nota, situacao, id_professor) VALUES (50, 19, '2022/2', 0.2, 'reprovado', 4);
INSERT INTO Historico_Aluno (id_aluno, id_disciplina, semestre, nota, situacao, id_professor) VALUES (50, 27, '2024/1', 7.25, 'aprovado', 16);
INSERT INTO Historico_Aluno (id_aluno, id_disciplina, semestre, nota, situacao, id_professor) VALUES (50, 22, '2024/1', 6.85, 'aprovado', 1);
INSERT INTO Historico_Aluno (id_aluno, id_disciplina, semestre, nota, situacao, id_professor) VALUES (50, 12, '2024/1', 0.1, 'reprovado', 16);
INSERT INTO Historico_Aluno (id_aluno, id_disciplina, semestre, nota, situacao, id_professor) VALUES (50, 26, '2024/1', 5.12, 'aprovado', 16);
INSERT INTO Historico_Aluno (id_aluno, id_disciplina, semestre, nota, situacao, id_professor) VALUES (50, 3, '2024/1', 8.04, 'aprovado', 16);
INSERT INTO Historico_Aluno (id_aluno, id_disciplina, semestre, nota, situacao, id_professor) VALUES (50, 19, '2025/1', 7.47, 'aprovado', 16);
INSERT INTO Historico_Aluno (id_aluno, id_disciplina, semestre, nota, situacao, id_professor) VALUES (50, 25, '2025/1', 9.54, 'aprovado', 7);
INSERT INTO Historico_Aluno (id_aluno, id_disciplina, semestre, nota, situacao, id_professor) VALUES (50, 20, '2025/1', 2.81, 'reprovado', 16);
INSERT INTO Historico_Aluno (id_aluno, id_disciplina, semestre, nota, situacao, id_professor) VALUES (50, 10, '2025/1', 2.26, 'reprovado', 16);
INSERT INTO Historico_Aluno (id_aluno, id_disciplina, semestre, nota, situacao, id_professor) VALUES (50, 23, '2025/1', 5.93, 'aprovado', 4);
INSERT INTO Historico_Aluno (id_aluno, id_disciplina, semestre, nota, situacao, id_professor) VALUES (50, 6, '2025/1', 3.43, 'reprovado', 7);
INSERT INTO Historico_Aluno (id_aluno, id_disciplina, semestre, nota, situacao, id_professor) VALUES (50, 8, '2025/1', 8.61, 'aprovado', 20);
INSERT INTO Historico_Aluno (id_aluno, id_disciplina, semestre, nota, situacao, id_professor) VALUES (50, 12, '2025/1', 9.93, 'aprovado', 12);
INSERT INTO Historico_Aluno (id_aluno, id_disciplina, semestre, nota, situacao, id_professor) VALUES (51, 1, '2023/1', 5.0, 'aprovado', 14);
INSERT INTO Historico_Aluno (id_aluno, id_disciplina, semestre, nota, situacao, id_professor) VALUES (51, 3, '2023/1', 3.88, 'reprovado', 2);
INSERT INTO Historico_Aluno (id_aluno, id_disciplina, semestre, nota, situacao, id_professor) VALUES (51, 8, '2023/1', 3.38, 'reprovado', 10);
INSERT INTO Historico_Aluno (id_aluno, id_disciplina, semestre, nota, situacao, id_professor) VALUES (51, 7, '2023/1', 7.73, 'aprovado', 13);
INSERT INTO Historico_Aluno (id_aluno, id_disciplina, semestre, nota, situacao, id_professor) VALUES (51, 14, '2023/2', 6.25, 'aprovado', 2);
INSERT INTO Historico_Aluno (id_aluno, id_disciplina, semestre, nota, situacao, id_professor) VALUES (51, 28, '2023/2', 4.43, 'reprovado', 13);
INSERT INTO Historico_Aluno (id_aluno, id_disciplina, semestre, nota, situacao, id_professor) VALUES (51, 19, '2023/2', 0.66, 'reprovado', 10);
INSERT INTO Historico_Aluno (id_aluno, id_disciplina, semestre, nota, situacao, id_professor) VALUES (51, 18, '2023/2', 2.46, 'reprovado', 14);
INSERT INTO Historico_Aluno (id_aluno, id_disciplina, semestre, nota, situacao, id_professor) VALUES (51, 5, '2024/1', 9.69, 'aprovado', 10);
INSERT INTO Historico_Aluno (id_aluno, id_disciplina, semestre, nota, situacao, id_professor) VALUES (51, 28, '2024/1', 8.99, 'aprovado', 10);
INSERT INTO Historico_Aluno (id_aluno, id_disciplina, semestre, nota, situacao, id_professor) VALUES (51, 29, '2024/1', 6.56, 'aprovado', 14);
INSERT INTO Historico_Aluno (id_aluno, id_disciplina, semestre, nota, situacao, id_professor) VALUES (51, 27, '2024/1', 1.65, 'reprovado', 14);
INSERT INTO Historico_Aluno (id_aluno, id_disciplina, semestre, nota, situacao, id_professor) VALUES (51, 6, '2024/1', 5.63, 'aprovado', 14);
INSERT INTO Historico_Aluno (id_aluno, id_disciplina, semestre, nota, situacao, id_professor) VALUES (51, 11, '2024/1', 4.88, 'reprovado', 14);
INSERT INTO Historico_Aluno (id_aluno, id_disciplina, semestre, nota, situacao, id_professor) VALUES (51, 2, '2024/2', 9.4, 'aprovado', 2);
INSERT INTO Historico_Aluno (id_aluno, id_disciplina, semestre, nota, situacao, id_professor) VALUES (51, 16, '2024/2', 1.89, 'reprovado', 13);
INSERT INTO Historico_Aluno (id_aluno, id_disciplina, semestre, nota, situacao, id_professor) VALUES (51, 3, '2024/2', 6.3, 'aprovado', 10);
INSERT INTO Historico_Aluno (id_aluno, id_disciplina, semestre, nota, situacao, id_professor) VALUES (51, 9, '2024/2', 7.28, 'aprovado', 13);
INSERT INTO Historico_Aluno (id_aluno, id_disciplina, semestre, nota, situacao, id_professor) VALUES (51, 24, '2024/2', 8.14, 'aprovado', 2);
INSERT INTO Historico_Aluno (id_aluno, id_disciplina, semestre, nota, situacao, id_professor) VALUES (51, 8, '2024/2', 6.28, 'aprovado', 9);
INSERT INTO Historico_Aluno (id_aluno, id_disciplina, semestre, nota, situacao, id_professor) VALUES (51, 19, '2024/2', 7.62, 'aprovado', 15);
INSERT INTO Historico_Aluno (id_aluno, id_disciplina, semestre, nota, situacao, id_professor) VALUES (51, 18, '2024/2', 7.61, 'aprovado', 16);
INSERT INTO Historico_Aluno (id_aluno, id_disciplina, semestre, nota, situacao, id_professor) VALUES (51, 27, '2024/2', 8.9, 'aprovado', 19);
INSERT INTO Historico_Aluno (id_aluno, id_disciplina, semestre, nota, situacao, id_professor) VALUES (51, 11, '2024/2', 7.03, 'aprovado', 7);
INSERT INTO Historico_Aluno (id_aluno, id_disciplina, semestre, nota, situacao, id_professor) VALUES (52, 19, '2022/1', 3.21, 'reprovado', 16);
INSERT INTO Historico_Aluno (id_aluno, id_disciplina, semestre, nota, situacao, id_professor) VALUES (52, 22, '2022/1', 1.14, 'reprovado', 4);
INSERT INTO Historico_Aluno (id_aluno, id_disciplina, semestre, nota, situacao, id_professor) VALUES (52, 28, '2022/1', 6.74, 'aprovado', 16);
INSERT INTO Historico_Aluno (id_aluno, id_disciplina, semestre, nota, situacao, id_professor) VALUES (52, 27, '2022/1', 1.42, 'reprovado', 4);
INSERT INTO Historico_Aluno (id_aluno, id_disciplina, semestre, nota, situacao, id_professor) VALUES (52, 23, '2022/1', 0.84, 'reprovado', 16);
INSERT INTO Historico_Aluno (id_aluno, id_disciplina, semestre, nota, situacao, id_professor) VALUES (52, 13, '2022/1', 9.12, 'aprovado', 7);
INSERT INTO Historico_Aluno (id_aluno, id_disciplina, semestre, nota, situacao, id_professor) VALUES (52, 24, '2022/2', 0.88, 'reprovado', 7);
INSERT INTO Historico_Aluno (id_aluno, id_disciplina, semestre, nota, situacao, id_professor) VALUES (52, 17, '2022/2', 8.68, 'aprovado', 16);
INSERT INTO Historico_Aluno (id_aluno, id_disciplina, semestre, nota, situacao, id_professor) VALUES (52, 25, '2022/2', 7.74, 'aprovado', 16);
INSERT INTO Historico_Aluno (id_aluno, id_disciplina, semestre, nota, situacao, id_professor) VALUES (52, 3, '2022/2', 0.59, 'reprovado', 1);
INSERT INTO Historico_Aluno (id_aluno, id_disciplina, semestre, nota, situacao, id_professor) VALUES (52, 29, '2022/2', 6.3, 'aprovado', 16);
INSERT INTO Historico_Aluno (id_aluno, id_disciplina, semestre, nota, situacao, id_professor) VALUES (52, 27, '2024/2', 5.62, 'aprovado', 7);
INSERT INTO Historico_Aluno (id_aluno, id_disciplina, semestre, nota, situacao, id_professor) VALUES (52, 30, '2024/2', 6.93, 'aprovado', 1);
INSERT INTO Historico_Aluno (id_aluno, id_disciplina, semestre, nota, situacao, id_professor) VALUES (52, 26, '2024/2', 1.1, 'reprovado', 4);
INSERT INTO Historico_Aluno (id_aluno, id_disciplina, semestre, nota, situacao, id_professor) VALUES (52, 12, '2024/2', 0.1, 'reprovado', 16);
INSERT INTO Historico_Aluno (id_aluno, id_disciplina, semestre, nota, situacao, id_professor) VALUES (52, 24, '2024/2', 7.04, 'aprovado', 1);
INSERT INTO Historico_Aluno (id_aluno, id_disciplina, semestre, nota, situacao, id_professor) VALUES (52, 2, '2024/2', 9.47, 'aprovado', 7);
INSERT INTO Historico_Aluno (id_aluno, id_disciplina, semestre, nota, situacao, id_professor) VALUES (52, 8, '2025/2', 5.18, 'aprovado', 4);
INSERT INTO Historico_Aluno (id_aluno, id_disciplina, semestre, nota, situacao, id_professor) VALUES (52, 18, '2025/2', 7.97, 'aprovado', 16);
INSERT INTO Historico_Aluno (id_aluno, id_disciplina, semestre, nota, situacao, id_professor) VALUES (52, 4, '2025/2', 1.8, 'reprovado', 16);
INSERT INTO Historico_Aluno (id_aluno, id_disciplina, semestre, nota, situacao, id_professor) VALUES (52, 7, '2025/2', 8.6, 'aprovado', 16);
INSERT INTO Historico_Aluno (id_aluno, id_disciplina, semestre, nota, situacao, id_professor) VALUES (52, 19, '2025/2', 9.49, 'aprovado', 18);
INSERT INTO Historico_Aluno (id_aluno, id_disciplina, semestre, nota, situacao, id_professor) VALUES (52, 22, '2025/2', 5.86, 'aprovado', 20);
INSERT INTO Historico_Aluno (id_aluno, id_disciplina, semestre, nota, situacao, id_professor) VALUES (52, 23, '2025/2', 7.8, 'aprovado', 9);
INSERT INTO Historico_Aluno (id_aluno, id_disciplina, semestre, nota, situacao, id_professor) VALUES (52, 3, '2025/2', 6.19, 'aprovado', 6);
INSERT INTO Historico_Aluno (id_aluno, id_disciplina, semestre, nota, situacao, id_professor) VALUES (52, 26, '2025/2', 6.15, 'aprovado', 7);
INSERT INTO Historico_Aluno (id_aluno, id_disciplina, semestre, nota, situacao, id_professor) VALUES (52, 12, '2025/2', 8.56, 'aprovado', 17);
INSERT INTO Historico_Aluno (id_aluno, id_disciplina, semestre, nota, situacao, id_professor) VALUES (53, 18, '2022/2', 7.31, 'aprovado', 5);
INSERT INTO Historico_Aluno (id_aluno, id_disciplina, semestre, nota, situacao, id_professor) VALUES (53, 23, '2022/2', 9.72, 'aprovado', 19);
INSERT INTO Historico_Aluno (id_aluno, id_disciplina, semestre, nota, situacao, id_professor) VALUES (53, 3, '2022/2', 3.25, 'reprovado', 5);
INSERT INTO Historico_Aluno (id_aluno, id_disciplina, semestre, nota, situacao, id_professor) VALUES (53, 5, '2022/2', 7.12, 'aprovado', 8);
INSERT INTO Historico_Aluno (id_aluno, id_disciplina, semestre, nota, situacao, id_professor) VALUES (53, 1, '2023/1', 1.43, 'reprovado', 6);
INSERT INTO Historico_Aluno (id_aluno, id_disciplina, semestre, nota, situacao, id_professor) VALUES (53, 25, '2023/1', 7.95, 'aprovado', 5);
INSERT INTO Historico_Aluno (id_aluno, id_disciplina, semestre, nota, situacao, id_professor) VALUES (53, 13, '2023/1', 4.93, 'reprovado', 6);
INSERT INTO Historico_Aluno (id_aluno, id_disciplina, semestre, nota, situacao, id_professor) VALUES (53, 30, '2023/1', 8.21, 'aprovado', 6);
INSERT INTO Historico_Aluno (id_aluno, id_disciplina, semestre, nota, situacao, id_professor) VALUES (53, 8, '2023/1', 2.59, 'reprovado', 8);
INSERT INTO Historico_Aluno (id_aluno, id_disciplina, semestre, nota, situacao, id_professor) VALUES (53, 13, '2024/2', 5.15, 'aprovado', 19);
INSERT INTO Historico_Aluno (id_aluno, id_disciplina, semestre, nota, situacao, id_professor) VALUES (53, 29, '2024/2', 5.48, 'aprovado', 19);
INSERT INTO Historico_Aluno (id_aluno, id_disciplina, semestre, nota, situacao, id_professor) VALUES (53, 12, '2024/2', 2.54, 'reprovado', 19);
INSERT INTO Historico_Aluno (id_aluno, id_disciplina, semestre, nota, situacao, id_professor) VALUES (53, 27, '2024/2', 4.48, 'reprovado', 8);
INSERT INTO Historico_Aluno (id_aluno, id_disciplina, semestre, nota, situacao, id_professor) VALUES (53, 1, '2025/1', 9.71, 'aprovado', 6);
INSERT INTO Historico_Aluno (id_aluno, id_disciplina, semestre, nota, situacao, id_professor) VALUES (53, 16, '2025/1', 6.47, 'aprovado', 8);
INSERT INTO Historico_Aluno (id_aluno, id_disciplina, semestre, nota, situacao, id_professor) VALUES (53, 8, '2025/1', 9.35, 'aprovado', 19);
INSERT INTO Historico_Aluno (id_aluno, id_disciplina, semestre, nota, situacao, id_professor) VALUES (53, 17, '2025/1', 7.08, 'aprovado', 6);
INSERT INTO Historico_Aluno (id_aluno, id_disciplina, semestre, nota, situacao, id_professor) VALUES (53, 4, '2025/1', 2.21, 'reprovado', 8);
INSERT INTO Historico_Aluno (id_aluno, id_disciplina, semestre, nota, situacao, id_professor) VALUES (53, 21, '2025/1', 1.18, 'reprovado', 5);
INSERT INTO Historico_Aluno (id_aluno, id_disciplina, semestre, nota, situacao, id_professor) VALUES (53, 3, '2025/1', 5.54, 'aprovado', 11);
INSERT INTO Historico_Aluno (id_aluno, id_disciplina, semestre, nota, situacao, id_professor) VALUES (53, 12, '2025/1', 9.8, 'aprovado', 11);
INSERT INTO Historico_Aluno (id_aluno, id_disciplina, semestre, nota, situacao, id_professor) VALUES (53, 27, '2025/1', 7.29, 'aprovado', 10);
INSERT INTO Historico_Aluno (id_aluno, id_disciplina, semestre, nota, situacao, id_professor) VALUES (54, 7, '2022/1', 7.74, 'aprovado', 10);
INSERT INTO Historico_Aluno (id_aluno, id_disciplina, semestre, nota, situacao, id_professor) VALUES (54, 10, '2022/1', 2.56, 'reprovado', 14);
INSERT INTO Historico_Aluno (id_aluno, id_disciplina, semestre, nota, situacao, id_professor) VALUES (54, 18, '2022/1', 2.37, 'reprovado', 2);
INSERT INTO Historico_Aluno (id_aluno, id_disciplina, semestre, nota, situacao, id_professor) VALUES (54, 5, '2022/1', 2.7, 'reprovado', 2);
INSERT INTO Historico_Aluno (id_aluno, id_disciplina, semestre, nota, situacao, id_professor) VALUES (54, 6, '2025/2', 7.65, 'aprovado', 14);
INSERT INTO Historico_Aluno (id_aluno, id_disciplina, semestre, nota, situacao, id_professor) VALUES (54, 4, '2025/2', 7.98, 'aprovado', 13);
INSERT INTO Historico_Aluno (id_aluno, id_disciplina, semestre, nota, situacao, id_professor) VALUES (54, 21, '2025/2', 5.1, 'aprovado', 13);
INSERT INTO Historico_Aluno (id_aluno, id_disciplina, semestre, nota, situacao, id_professor) VALUES (54, 26, '2025/2', 5.34, 'aprovado', 14);
INSERT INTO Historico_Aluno (id_aluno, id_disciplina, semestre, nota, situacao, id_professor) VALUES (54, 10, '2025/2', 7.96, 'aprovado', 5);
INSERT INTO Historico_Aluno (id_aluno, id_disciplina, semestre, nota, situacao, id_professor) VALUES (54, 18, '2025/2', 6.26, 'aprovado', 19);
INSERT INTO Historico_Aluno (id_aluno, id_disciplina, semestre, nota, situacao, id_professor) VALUES (54, 5, '2025/2', 6.79, 'aprovado', 12);
INSERT INTO Historico_Aluno (id_aluno, id_disciplina, semestre, nota, situacao, id_professor) VALUES (55, 3, '2024/1', 6.98, 'aprovado', 9);
INSERT INTO Historico_Aluno (id_aluno, id_disciplina, semestre, nota, situacao, id_professor) VALUES (55, 18, '2024/1', 2.33, 'reprovado', 9);
INSERT INTO Historico_Aluno (id_aluno, id_disciplina, semestre, nota, situacao, id_professor) VALUES (55, 11, '2024/1', 1.97, 'reprovado', 9);
INSERT INTO Historico_Aluno (id_aluno, id_disciplina, semestre, nota, situacao, id_professor) VALUES (55, 28, '2024/1', 5.93, 'aprovado', 9);
INSERT INTO Historico_Aluno (id_aluno, id_disciplina, semestre, nota, situacao, id_professor) VALUES (55, 22, '2024/1', 8.59, 'aprovado', 9);
INSERT INTO Historico_Aluno (id_aluno, id_disciplina, semestre, nota, situacao, id_professor) VALUES (55, 10, '2024/1', 8.24, 'aprovado', 9);
INSERT INTO Historico_Aluno (id_aluno, id_disciplina, semestre, nota, situacao, id_professor) VALUES (55, 21, '2025/1', 9.17, 'aprovado', 9);
INSERT INTO Historico_Aluno (id_aluno, id_disciplina, semestre, nota, situacao, id_professor) VALUES (55, 12, '2025/1', 4.39, 'reprovado', 9);
INSERT INTO Historico_Aluno (id_aluno, id_disciplina, semestre, nota, situacao, id_professor) VALUES (55, 17, '2025/1', 5.68, 'aprovado', 9);
INSERT INTO Historico_Aluno (id_aluno, id_disciplina, semestre, nota, situacao, id_professor) VALUES (55, 9, '2025/1', 5.08, 'aprovado', 9);
INSERT INTO Historico_Aluno (id_aluno, id_disciplina, semestre, nota, situacao, id_professor) VALUES (55, 8, '2025/1', 9.97, 'aprovado', 9);
INSERT INTO Historico_Aluno (id_aluno, id_disciplina, semestre, nota, situacao, id_professor) VALUES (55, 25, '2025/1', 5.84, 'aprovado', 9);
INSERT INTO Historico_Aluno (id_aluno, id_disciplina, semestre, nota, situacao, id_professor) VALUES (55, 5, '2025/2', 6.69, 'aprovado', 9);
INSERT INTO Historico_Aluno (id_aluno, id_disciplina, semestre, nota, situacao, id_professor) VALUES (55, 18, '2025/2', 8.07, 'aprovado', 9);
INSERT INTO Historico_Aluno (id_aluno, id_disciplina, semestre, nota, situacao, id_professor) VALUES (55, 20, '2025/2', 0.84, 'reprovado', 9);
INSERT INTO Historico_Aluno (id_aluno, id_disciplina, semestre, nota, situacao, id_professor) VALUES (55, 19, '2025/2', 0.78, 'reprovado', 9);
INSERT INTO Historico_Aluno (id_aluno, id_disciplina, semestre, nota, situacao, id_professor) VALUES (55, 11, '2025/2', 6.63, 'aprovado', 4);
INSERT INTO Historico_Aluno (id_aluno, id_disciplina, semestre, nota, situacao, id_professor) VALUES (55, 12, '2025/2', 7.43, 'aprovado', 10);
INSERT INTO Historico_Aluno (id_aluno, id_disciplina, semestre, nota, situacao, id_professor) VALUES (56, 21, '2022/1', 0.72, 'reprovado', 5);
INSERT INTO Historico_Aluno (id_aluno, id_disciplina, semestre, nota, situacao, id_professor) VALUES (56, 7, '2022/1', 6.09, 'aprovado', 19);
INSERT INTO Historico_Aluno (id_aluno, id_disciplina, semestre, nota, situacao, id_professor) VALUES (56, 14, '2022/1', 2.73, 'reprovado', 5);
INSERT INTO Historico_Aluno (id_aluno, id_disciplina, semestre, nota, situacao, id_professor) VALUES (56, 11, '2022/1', 7.45, 'aprovado', 5);
INSERT INTO Historico_Aluno (id_aluno, id_disciplina, semestre, nota, situacao, id_professor) VALUES (56, 12, '2024/1', 3.47, 'reprovado', 8);
INSERT INTO Historico_Aluno (id_aluno, id_disciplina, semestre, nota, situacao, id_professor) VALUES (56, 5, '2024/1', 9.42, 'aprovado', 19);
INSERT INTO Historico_Aluno (id_aluno, id_disciplina, semestre, nota, situacao, id_professor) VALUES (56, 9, '2024/1', 0.18, 'reprovado', 6);
INSERT INTO Historico_Aluno (id_aluno, id_disciplina, semestre, nota, situacao, id_professor) VALUES (56, 10, '2024/1', 5.51, 'aprovado', 8);
INSERT INTO Historico_Aluno (id_aluno, id_disciplina, semestre, nota, situacao, id_professor) VALUES (56, 21, '2024/1', 6.0, 'aprovado', 11);
INSERT INTO Historico_Aluno (id_aluno, id_disciplina, semestre, nota, situacao, id_professor) VALUES (56, 14, '2024/1', 5.25, 'aprovado', 13);
INSERT INTO Historico_Aluno (id_aluno, id_disciplina, semestre, nota, situacao, id_professor) VALUES (57, 8, '2022/2', 8.54, 'aprovado', 15);
INSERT INTO Historico_Aluno (id_aluno, id_disciplina, semestre, nota, situacao, id_professor) VALUES (57, 24, '2022/2', 5.24, 'aprovado', 15);
INSERT INTO Historico_Aluno (id_aluno, id_disciplina, semestre, nota, situacao, id_professor) VALUES (57, 30, '2022/2', 2.27, 'reprovado', 18);
INSERT INTO Historico_Aluno (id_aluno, id_disciplina, semestre, nota, situacao, id_professor) VALUES (57, 22, '2022/2', 8.03, 'aprovado', 11);
INSERT INTO Historico_Aluno (id_aluno, id_disciplina, semestre, nota, situacao, id_professor) VALUES (57, 20, '2024/2', 9.26, 'aprovado', 15);
INSERT INTO Historico_Aluno (id_aluno, id_disciplina, semestre, nota, situacao, id_professor) VALUES (57, 23, '2024/2', 4.66, 'reprovado', 20);
INSERT INTO Historico_Aluno (id_aluno, id_disciplina, semestre, nota, situacao, id_professor) VALUES (57, 2, '2024/2', 9.27, 'aprovado', 11);
INSERT INTO Historico_Aluno (id_aluno, id_disciplina, semestre, nota, situacao, id_professor) VALUES (57, 16, '2024/2', 7.3, 'aprovado', 17);
INSERT INTO Historico_Aluno (id_aluno, id_disciplina, semestre, nota, situacao, id_professor) VALUES (57, 30, '2024/2', 8.47, 'aprovado', 8);
INSERT INTO Historico_Aluno (id_aluno, id_disciplina, semestre, nota, situacao, id_professor) VALUES (58, 19, '2023/1', 6.24, 'aprovado', 18);
INSERT INTO Historico_Aluno (id_aluno, id_disciplina, semestre, nota, situacao, id_professor) VALUES (58, 28, '2023/1', 3.65, 'reprovado', 3);
INSERT INTO Historico_Aluno (id_aluno, id_disciplina, semestre, nota, situacao, id_professor) VALUES (58, 20, '2023/1', 4.5, 'reprovado', 17);
INSERT INTO Historico_Aluno (id_aluno, id_disciplina, semestre, nota, situacao, id_professor) VALUES (58, 6, '2023/1', 4.98, 'reprovado', 17);
INSERT INTO Historico_Aluno (id_aluno, id_disciplina, semestre, nota, situacao, id_professor) VALUES (58, 4, '2024/1', 5.08, 'aprovado', 18);
INSERT INTO Historico_Aluno (id_aluno, id_disciplina, semestre, nota, situacao, id_professor) VALUES (58, 14, '2024/1', 8.64, 'aprovado', 3);
INSERT INTO Historico_Aluno (id_aluno, id_disciplina, semestre, nota, situacao, id_professor) VALUES (58, 20, '2024/1', 9.3, 'aprovado', 3);
INSERT INTO Historico_Aluno (id_aluno, id_disciplina, semestre, nota, situacao, id_professor) VALUES (58, 1, '2024/1', 9.74, 'aprovado', 18);
INSERT INTO Historico_Aluno (id_aluno, id_disciplina, semestre, nota, situacao, id_professor) VALUES (58, 29, '2024/1', 4.59, 'reprovado', 11);
INSERT INTO Historico_Aluno (id_aluno, id_disciplina, semestre, nota, situacao, id_professor) VALUES (58, 28, '2024/1', 8.7, 'aprovado', 10);
INSERT INTO Historico_Aluno (id_aluno, id_disciplina, semestre, nota, situacao, id_professor) VALUES (58, 6, '2024/1', 6.11, 'aprovado', 17);
INSERT INTO Historico_Aluno (id_aluno, id_disciplina, semestre, nota, situacao, id_professor) VALUES (59, 21, '2023/2', 8.18, 'aprovado', 8);
INSERT INTO Historico_Aluno (id_aluno, id_disciplina, semestre, nota, situacao, id_professor) VALUES (59, 18, '2023/2', 3.11, 'reprovado', 8);
INSERT INTO Historico_Aluno (id_aluno, id_disciplina, semestre, nota, situacao, id_professor) VALUES (59, 26, '2023/2', 8.96, 'aprovado', 8);
INSERT INTO Historico_Aluno (id_aluno, id_disciplina, semestre, nota, situacao, id_professor) VALUES (59, 7, '2023/2', 1.0, 'reprovado', 19);
INSERT INTO Historico_Aluno (id_aluno, id_disciplina, semestre, nota, situacao, id_professor) VALUES (59, 29, '2023/2', 8.46, 'aprovado', 8);
INSERT INTO Historico_Aluno (id_aluno, id_disciplina, semestre, nota, situacao, id_professor) VALUES (59, 25, '2025/1', 4.53, 'reprovado', 5);
INSERT INTO Historico_Aluno (id_aluno, id_disciplina, semestre, nota, situacao, id_professor) VALUES (59, 30, '2025/1', 9.33, 'aprovado', 6);
INSERT INTO Historico_Aluno (id_aluno, id_disciplina, semestre, nota, situacao, id_professor) VALUES (59, 1, '2025/1', 2.38, 'reprovado', 6);
INSERT INTO Historico_Aluno (id_aluno, id_disciplina, semestre, nota, situacao, id_professor) VALUES (59, 13, '2025/1', 2.65, 'reprovado', 6);
INSERT INTO Historico_Aluno (id_aluno, id_disciplina, semestre, nota, situacao, id_professor) VALUES (59, 4, '2025/1', 8.16, 'aprovado', 19);
INSERT INTO Historico_Aluno (id_aluno, id_disciplina, semestre, nota, situacao, id_professor) VALUES (59, 28, '2025/1', 6.4, 'aprovado', 5);
INSERT INTO Historico_Aluno (id_aluno, id_disciplina, semestre, nota, situacao, id_professor) VALUES (59, 18, '2025/1', 7.34, 'aprovado', 14);
INSERT INTO Historico_Aluno (id_aluno, id_disciplina, semestre, nota, situacao, id_professor) VALUES (59, 7, '2025/1', 9.77, 'aprovado', 19);
INSERT INTO Historico_Aluno (id_aluno, id_disciplina, semestre, nota, situacao, id_professor) VALUES (60, 10, '2024/2', 8.79, 'aprovado', 8);
INSERT INTO Historico_Aluno (id_aluno, id_disciplina, semestre, nota, situacao, id_professor) VALUES (60, 19, '2024/2', 0.51, 'reprovado', 6);
INSERT INTO Historico_Aluno (id_aluno, id_disciplina, semestre, nota, situacao, id_professor) VALUES (60, 22, '2024/2', 8.42, 'aprovado', 6);
INSERT INTO Historico_Aluno (id_aluno, id_disciplina, semestre, nota, situacao, id_professor) VALUES (60, 2, '2024/2', 4.27, 'reprovado', 19);
INSERT INTO Historico_Aluno (id_aluno, id_disciplina, semestre, nota, situacao, id_professor) VALUES (60, 20, '2024/2', 6.53, 'aprovado', 8);
INSERT INTO Historico_Aluno (id_aluno, id_disciplina, semestre, nota, situacao, id_professor) VALUES (60, 4, '2024/2', 5.45, 'aprovado', 6);
INSERT INTO Historico_Aluno (id_aluno, id_disciplina, semestre, nota, situacao, id_professor) VALUES (60, 5, '2025/1', 3.72, 'reprovado', 5);
INSERT INTO Historico_Aluno (id_aluno, id_disciplina, semestre, nota, situacao, id_professor) VALUES (60, 26, '2025/1', 8.15, 'aprovado', 8);
INSERT INTO Historico_Aluno (id_aluno, id_disciplina, semestre, nota, situacao, id_professor) VALUES (60, 8, '2025/1', 3.88, 'reprovado', 5);
INSERT INTO Historico_Aluno (id_aluno, id_disciplina, semestre, nota, situacao, id_professor) VALUES (60, 9, '2025/1', 4.7, 'reprovado', 19);
INSERT INTO Historico_Aluno (id_aluno, id_disciplina, semestre, nota, situacao, id_professor) VALUES (60, 14, '2025/1', 3.99, 'reprovado', 19);
INSERT INTO Historico_Aluno (id_aluno, id_disciplina, semestre, nota, situacao, id_professor) VALUES (60, 19, '2025/1', 8.27, 'aprovado', 11);
INSERT INTO Historico_Aluno (id_aluno, id_disciplina, semestre, nota, situacao, id_professor) VALUES (60, 2, '2025/1', 9.08, 'aprovado', 4);
INSERT INTO Historico_Aluno (id_aluno, id_disciplina, semestre, nota, situacao, id_professor) VALUES (61, 26, '2022/2', 1.91, 'reprovado', 12);
INSERT INTO Historico_Aluno (id_aluno, id_disciplina, semestre, nota, situacao, id_professor) VALUES (61, 17, '2022/2', 0.88, 'reprovado', 3);
INSERT INTO Historico_Aluno (id_aluno, id_disciplina, semestre, nota, situacao, id_professor) VALUES (61, 22, '2022/2', 3.12, 'reprovado', 17);
INSERT INTO Historico_Aluno (id_aluno, id_disciplina, semestre, nota, situacao, id_professor) VALUES (61, 6, '2022/2', 2.53, 'reprovado', 11);
INSERT INTO Historico_Aluno (id_aluno, id_disciplina, semestre, nota, situacao, id_professor) VALUES (61, 10, '2022/2', 5.99, 'aprovado', 15);
INSERT INTO Historico_Aluno (id_aluno, id_disciplina, semestre, nota, situacao, id_professor) VALUES (61, 19, '2022/2', 5.26, 'aprovado', 3);
INSERT INTO Historico_Aluno (id_aluno, id_disciplina, semestre, nota, situacao, id_professor) VALUES (61, 5, '2023/1', 7.29, 'aprovado', 20);
INSERT INTO Historico_Aluno (id_aluno, id_disciplina, semestre, nota, situacao, id_professor) VALUES (61, 7, '2023/1', 0.76, 'reprovado', 12);
INSERT INTO Historico_Aluno (id_aluno, id_disciplina, semestre, nota, situacao, id_professor) VALUES (61, 20, '2023/1', 4.67, 'reprovado', 11);
INSERT INTO Historico_Aluno (id_aluno, id_disciplina, semestre, nota, situacao, id_professor) VALUES (61, 28, '2023/1', 8.18, 'aprovado', 12);
INSERT INTO Historico_Aluno (id_aluno, id_disciplina, semestre, nota, situacao, id_professor) VALUES (61, 29, '2023/1', 5.41, 'aprovado', 3);
INSERT INTO Historico_Aluno (id_aluno, id_disciplina, semestre, nota, situacao, id_professor) VALUES (61, 7, '2024/1', 5.01, 'aprovado', 3);
INSERT INTO Historico_Aluno (id_aluno, id_disciplina, semestre, nota, situacao, id_professor) VALUES (61, 11, '2024/1', 4.14, 'reprovado', 15);
INSERT INTO Historico_Aluno (id_aluno, id_disciplina, semestre, nota, situacao, id_professor) VALUES (61, 6, '2024/1', 9.55, 'aprovado', 18);
INSERT INTO Historico_Aluno (id_aluno, id_disciplina, semestre, nota, situacao, id_professor) VALUES (61, 14, '2024/1', 0.29, 'reprovado', 20);
INSERT INTO Historico_Aluno (id_aluno, id_disciplina, semestre, nota, situacao, id_professor) VALUES (61, 16, '2024/1', 9.23, 'aprovado', 11);
INSERT INTO Historico_Aluno (id_aluno, id_disciplina, semestre, nota, situacao, id_professor) VALUES (61, 17, '2024/1', 9.54, 'aprovado', 3);
INSERT INTO Historico_Aluno (id_aluno, id_disciplina, semestre, nota, situacao, id_professor) VALUES (61, 20, '2025/2', 7.0, 'aprovado', 20);
INSERT INTO Historico_Aluno (id_aluno, id_disciplina, semestre, nota, situacao, id_professor) VALUES (61, 23, '2025/2', 4.84, 'reprovado', 20);
INSERT INTO Historico_Aluno (id_aluno, id_disciplina, semestre, nota, situacao, id_professor) VALUES (61, 8, '2025/2', 5.32, 'aprovado', 3);
INSERT INTO Historico_Aluno (id_aluno, id_disciplina, semestre, nota, situacao, id_professor) VALUES (61, 30, '2025/2', 3.82, 'reprovado', 11);
INSERT INTO Historico_Aluno (id_aluno, id_disciplina, semestre, nota, situacao, id_professor) VALUES (61, 18, '2025/2', 9.27, 'aprovado', 15);
INSERT INTO Historico_Aluno (id_aluno, id_disciplina, semestre, nota, situacao, id_professor) VALUES (61, 26, '2025/2', 5.09, 'aprovado', 10);
INSERT INTO Historico_Aluno (id_aluno, id_disciplina, semestre, nota, situacao, id_professor) VALUES (61, 22, '2025/2', 7.78, 'aprovado', 13);
INSERT INTO Historico_Aluno (id_aluno, id_disciplina, semestre, nota, situacao, id_professor) VALUES (61, 11, '2025/2', 6.85, 'aprovado', 1);
INSERT INTO Historico_Aluno (id_aluno, id_disciplina, semestre, nota, situacao, id_professor) VALUES (61, 14, '2025/2', 9.31, 'aprovado', 16);
INSERT INTO Historico_Aluno (id_aluno, id_disciplina, semestre, nota, situacao, id_professor) VALUES (62, 9, '2024/1', 2.23, 'reprovado', 19);
INSERT INTO Historico_Aluno (id_aluno, id_disciplina, semestre, nota, situacao, id_professor) VALUES (62, 19, '2024/1', 0.69, 'reprovado', 6);
INSERT INTO Historico_Aluno (id_aluno, id_disciplina, semestre, nota, situacao, id_professor) VALUES (62, 23, '2024/1', 6.34, 'aprovado', 6);
INSERT INTO Historico_Aluno (id_aluno, id_disciplina, semestre, nota, situacao, id_professor) VALUES (62, 20, '2024/1', 0.32, 'reprovado', 19);
INSERT INTO Historico_Aluno (id_aluno, id_disciplina, semestre, nota, situacao, id_professor) VALUES (62, 11, '2024/1', 6.41, 'aprovado', 19);
INSERT INTO Historico_Aluno (id_aluno, id_disciplina, semestre, nota, situacao, id_professor) VALUES (62, 26, '2025/1', 1.98, 'reprovado', 8);
INSERT INTO Historico_Aluno (id_aluno, id_disciplina, semestre, nota, situacao, id_professor) VALUES (62, 6, '2025/1', 7.16, 'aprovado', 8);
INSERT INTO Historico_Aluno (id_aluno, id_disciplina, semestre, nota, situacao, id_professor) VALUES (62, 13, '2025/1', 7.73, 'aprovado', 5);
INSERT INTO Historico_Aluno (id_aluno, id_disciplina, semestre, nota, situacao, id_professor) VALUES (62, 24, '2025/1', 0.5, 'reprovado', 5);
INSERT INTO Historico_Aluno (id_aluno, id_disciplina, semestre, nota, situacao, id_professor) VALUES (62, 16, '2025/1', 4.33, 'reprovado', 5);
INSERT INTO Historico_Aluno (id_aluno, id_disciplina, semestre, nota, situacao, id_professor) VALUES (62, 9, '2025/1', 7.24, 'aprovado', 8);
INSERT INTO Historico_Aluno (id_aluno, id_disciplina, semestre, nota, situacao, id_professor) VALUES (62, 19, '2025/1', 9.62, 'aprovado', 5);
INSERT INTO Historico_Aluno (id_aluno, id_disciplina, semestre, nota, situacao, id_professor) VALUES (62, 20, '2025/1', 9.28, 'aprovado', 18);
INSERT INTO Historico_Aluno (id_aluno, id_disciplina, semestre, nota, situacao, id_professor) VALUES (63, 28, '2022/2', 5.38, 'aprovado', 16);
INSERT INTO Historico_Aluno (id_aluno, id_disciplina, semestre, nota, situacao, id_professor) VALUES (63, 8, '2022/2', 4.49, 'reprovado', 7);
INSERT INTO Historico_Aluno (id_aluno, id_disciplina, semestre, nota, situacao, id_professor) VALUES (63, 10, '2022/2', 4.85, 'reprovado', 16);
INSERT INTO Historico_Aluno (id_aluno, id_disciplina, semestre, nota, situacao, id_professor) VALUES (63, 12, '2022/2', 0.39, 'reprovado', 16);
INSERT INTO Historico_Aluno (id_aluno, id_disciplina, semestre, nota, situacao, id_professor) VALUES (63, 3, '2022/2', 7.32, 'aprovado', 7);
INSERT INTO Historico_Aluno (id_aluno, id_disciplina, semestre, nota, situacao, id_professor) VALUES (63, 18, '2022/2', 9.78, 'aprovado', 7);
INSERT INTO Historico_Aluno (id_aluno, id_disciplina, semestre, nota, situacao, id_professor) VALUES (63, 14, '2023/1', 7.19, 'aprovado', 4);
INSERT INTO Historico_Aluno (id_aluno, id_disciplina, semestre, nota, situacao, id_professor) VALUES (63, 2, '2023/1', 0.23, 'reprovado', 16);
INSERT INTO Historico_Aluno (id_aluno, id_disciplina, semestre, nota, situacao, id_professor) VALUES (63, 10, '2023/1', 7.71, 'aprovado', 7);
INSERT INTO Historico_Aluno (id_aluno, id_disciplina, semestre, nota, situacao, id_professor) VALUES (63, 7, '2023/1', 6.91, 'aprovado', 1);
INSERT INTO Historico_Aluno (id_aluno, id_disciplina, semestre, nota, situacao, id_professor) VALUES (63, 17, '2024/1', 6.99, 'aprovado', 1);
INSERT INTO Historico_Aluno (id_aluno, id_disciplina, semestre, nota, situacao, id_professor) VALUES (63, 27, '2024/1', 6.18, 'aprovado', 1);
INSERT INTO Historico_Aluno (id_aluno, id_disciplina, semestre, nota, situacao, id_professor) VALUES (63, 11, '2024/1', 8.24, 'aprovado', 1);
INSERT INTO Historico_Aluno (id_aluno, id_disciplina, semestre, nota, situacao, id_professor) VALUES (63, 30, '2024/1', 3.88, 'reprovado', 16);
INSERT INTO Historico_Aluno (id_aluno, id_disciplina, semestre, nota, situacao, id_professor) VALUES (63, 4, '2024/1', 0.33, 'reprovado', 16);
INSERT INTO Historico_Aluno (id_aluno, id_disciplina, semestre, nota, situacao, id_professor) VALUES (63, 26, '2024/1', 8.3, 'aprovado', 7);
INSERT INTO Historico_Aluno (id_aluno, id_disciplina, semestre, nota, situacao, id_professor) VALUES (63, 23, '2024/2', 6.92, 'aprovado', 4);
INSERT INTO Historico_Aluno (id_aluno, id_disciplina, semestre, nota, situacao, id_professor) VALUES (63, 12, '2024/2', 6.12, 'aprovado', 4);
INSERT INTO Historico_Aluno (id_aluno, id_disciplina, semestre, nota, situacao, id_professor) VALUES (63, 25, '2024/2', 9.67, 'aprovado', 1);
INSERT INTO Historico_Aluno (id_aluno, id_disciplina, semestre, nota, situacao, id_professor) VALUES (63, 9, '2024/2', 2.08, 'reprovado', 1);
INSERT INTO Historico_Aluno (id_aluno, id_disciplina, semestre, nota, situacao, id_professor) VALUES (63, 8, '2024/2', 5.27, 'aprovado', 6);
INSERT INTO Historico_Aluno (id_aluno, id_disciplina, semestre, nota, situacao, id_professor) VALUES (63, 2, '2024/2', 9.02, 'aprovado', 6);
INSERT INTO Historico_Aluno (id_aluno, id_disciplina, semestre, nota, situacao, id_professor) VALUES (63, 30, '2024/2', 7.34, 'aprovado', 5);
INSERT INTO Historico_Aluno (id_aluno, id_disciplina, semestre, nota, situacao, id_professor) VALUES (63, 4, '2024/2', 6.91, 'aprovado', 13);
INSERT INTO Historico_Aluno (id_aluno, id_disciplina, semestre, nota, situacao, id_professor) VALUES (64, 26, '2022/1', 0.68, 'reprovado', 11);
INSERT INTO Historico_Aluno (id_aluno, id_disciplina, semestre, nota, situacao, id_professor) VALUES (64, 20, '2022/1', 9.27, 'aprovado', 20);
INSERT INTO Historico_Aluno (id_aluno, id_disciplina, semestre, nota, situacao, id_professor) VALUES (64, 27, '2022/1', 0.73, 'reprovado', 15);
INSERT INTO Historico_Aluno (id_aluno, id_disciplina, semestre, nota, situacao, id_professor) VALUES (64, 5, '2022/1', 5.92, 'aprovado', 20);
INSERT INTO Historico_Aluno (id_aluno, id_disciplina, semestre, nota, situacao, id_professor) VALUES (64, 12, '2022/1', 2.21, 'reprovado', 11);
INSERT INTO Historico_Aluno (id_aluno, id_disciplina, semestre, nota, situacao, id_professor) VALUES (64, 6, '2022/1', 7.79, 'aprovado', 20);
INSERT INTO Historico_Aluno (id_aluno, id_disciplina, semestre, nota, situacao, id_professor) VALUES (64, 26, '2022/2', 6.77, 'aprovado', 15);
INSERT INTO Historico_Aluno (id_aluno, id_disciplina, semestre, nota, situacao, id_professor) VALUES (64, 11, '2022/2', 4.54, 'reprovado', 17);
INSERT INTO Historico_Aluno (id_aluno, id_disciplina, semestre, nota, situacao, id_professor) VALUES (64, 15, '2022/2', 3.41, 'reprovado', 17);
INSERT INTO Historico_Aluno (id_aluno, id_disciplina, semestre, nota, situacao, id_professor) VALUES (64, 10, '2022/2', 7.27, 'aprovado', 18);
INSERT INTO Historico_Aluno (id_aluno, id_disciplina, semestre, nota, situacao, id_professor) VALUES (64, 8, '2022/2', 2.02, 'reprovado', 12);
INSERT INTO Historico_Aluno (id_aluno, id_disciplina, semestre, nota, situacao, id_professor) VALUES (64, 23, '2022/2', 4.82, 'reprovado', 3);
INSERT INTO Historico_Aluno (id_aluno, id_disciplina, semestre, nota, situacao, id_professor) VALUES (64, 17, '2025/2', 0.3, 'reprovado', 20);
INSERT INTO Historico_Aluno (id_aluno, id_disciplina, semestre, nota, situacao, id_professor) VALUES (64, 2, '2025/2', 3.37, 'reprovado', 11);
INSERT INTO Historico_Aluno (id_aluno, id_disciplina, semestre, nota, situacao, id_professor) VALUES (64, 11, '2025/2', 8.16, 'aprovado', 20);
INSERT INTO Historico_Aluno (id_aluno, id_disciplina, semestre, nota, situacao, id_professor) VALUES (64, 22, '2025/2', 9.21, 'aprovado', 3);
INSERT INTO Historico_Aluno (id_aluno, id_disciplina, semestre, nota, situacao, id_professor) VALUES (64, 27, '2025/2', 6.49, 'aprovado', 3);
INSERT INTO Historico_Aluno (id_aluno, id_disciplina, semestre, nota, situacao, id_professor) VALUES (64, 12, '2025/2', 8.7, 'aprovado', 20);
INSERT INTO Historico_Aluno (id_aluno, id_disciplina, semestre, nota, situacao, id_professor) VALUES (64, 15, '2025/2', 5.37, 'aprovado', 1);
INSERT INTO Historico_Aluno (id_aluno, id_disciplina, semestre, nota, situacao, id_professor) VALUES (64, 8, '2025/2', 6.68, 'aprovado', 18);
INSERT INTO Historico_Aluno (id_aluno, id_disciplina, semestre, nota, situacao, id_professor) VALUES (64, 23, '2025/2', 7.15, 'aprovado', 10);
INSERT INTO Historico_Aluno (id_aluno, id_disciplina, semestre, nota, situacao, id_professor) VALUES (65, 4, '2022/2', 8.92, 'aprovado', 9);
INSERT INTO Historico_Aluno (id_aluno, id_disciplina, semestre, nota, situacao, id_professor) VALUES (65, 9, '2022/2', 6.07, 'aprovado', 9);
INSERT INTO Historico_Aluno (id_aluno, id_disciplina, semestre, nota, situacao, id_professor) VALUES (65, 25, '2022/2', 2.41, 'reprovado', 9);
INSERT INTO Historico_Aluno (id_aluno, id_disciplina, semestre, nota, situacao, id_professor) VALUES (65, 16, '2022/2', 7.83, 'aprovado', 9);
INSERT INTO Historico_Aluno (id_aluno, id_disciplina, semestre, nota, situacao, id_professor) VALUES (65, 27, '2022/2', 3.29, 'reprovado', 9);
INSERT INTO Historico_Aluno (id_aluno, id_disciplina, semestre, nota, situacao, id_professor) VALUES (65, 2, '2022/2', 1.77, 'reprovado', 9);
INSERT INTO Historico_Aluno (id_aluno, id_disciplina, semestre, nota, situacao, id_professor) VALUES (65, 17, '2023/2', 7.41, 'aprovado', 9);
INSERT INTO Historico_Aluno (id_aluno, id_disciplina, semestre, nota, situacao, id_professor) VALUES (65, 24, '2023/2', 4.0, 'reprovado', 9);
INSERT INTO Historico_Aluno (id_aluno, id_disciplina, semestre, nota, situacao, id_professor) VALUES (65, 11, '2023/2', 9.54, 'aprovado', 9);
INSERT INTO Historico_Aluno (id_aluno, id_disciplina, semestre, nota, situacao, id_professor) VALUES (65, 13, '2023/2', 2.87, 'reprovado', 9);
INSERT INTO Historico_Aluno (id_aluno, id_disciplina, semestre, nota, situacao, id_professor) VALUES (65, 25, '2023/2', 9.7, 'aprovado', 9);
INSERT INTO Historico_Aluno (id_aluno, id_disciplina, semestre, nota, situacao, id_professor) VALUES (65, 21, '2023/2', 7.96, 'aprovado', 9);
INSERT INTO Historico_Aluno (id_aluno, id_disciplina, semestre, nota, situacao, id_professor) VALUES (65, 8, '2024/1', 9.35, 'aprovado', 9);
INSERT INTO Historico_Aluno (id_aluno, id_disciplina, semestre, nota, situacao, id_professor) VALUES (65, 15, '2024/1', 8.07, 'aprovado', 9);
INSERT INTO Historico_Aluno (id_aluno, id_disciplina, semestre, nota, situacao, id_professor) VALUES (65, 12, '2024/1', 4.58, 'reprovado', 9);
INSERT INTO Historico_Aluno (id_aluno, id_disciplina, semestre, nota, situacao, id_professor) VALUES (65, 26, '2024/1', 7.67, 'aprovado', 9);
INSERT INTO Historico_Aluno (id_aluno, id_disciplina, semestre, nota, situacao, id_professor) VALUES (65, 30, '2024/2', 2.26, 'reprovado', 9);
INSERT INTO Historico_Aluno (id_aluno, id_disciplina, semestre, nota, situacao, id_professor) VALUES (65, 23, '2024/2', 4.58, 'reprovado', 9);
INSERT INTO Historico_Aluno (id_aluno, id_disciplina, semestre, nota, situacao, id_professor) VALUES (65, 13, '2024/2', 7.9, 'aprovado', 9);
INSERT INTO Historico_Aluno (id_aluno, id_disciplina, semestre, nota, situacao, id_professor) VALUES (65, 19, '2024/2', 0.93, 'reprovado', 9);
INSERT INTO Historico_Aluno (id_aluno, id_disciplina, semestre, nota, situacao, id_professor) VALUES (65, 7, '2024/2', 8.22, 'aprovado', 9);
INSERT INTO Historico_Aluno (id_aluno, id_disciplina, semestre, nota, situacao, id_professor) VALUES (65, 5, '2024/2', 2.7, 'reprovado', 9);
INSERT INTO Historico_Aluno (id_aluno, id_disciplina, semestre, nota, situacao, id_professor) VALUES (65, 27, '2024/2', 8.43, 'aprovado', 17);
INSERT INTO Historico_Aluno (id_aluno, id_disciplina, semestre, nota, situacao, id_professor) VALUES (65, 2, '2024/2', 6.56, 'aprovado', 13);
INSERT INTO Historico_Aluno (id_aluno, id_disciplina, semestre, nota, situacao, id_professor) VALUES (65, 24, '2024/2', 9.32, 'aprovado', 6);
INSERT INTO Historico_Aluno (id_aluno, id_disciplina, semestre, nota, situacao, id_professor) VALUES (65, 12, '2024/2', 9.91, 'aprovado', 6);
INSERT INTO Historico_Aluno (id_aluno, id_disciplina, semestre, nota, situacao, id_professor) VALUES (66, 6, '2023/2', 7.07, 'aprovado', 14);
INSERT INTO Historico_Aluno (id_aluno, id_disciplina, semestre, nota, situacao, id_professor) VALUES (66, 12, '2023/2', 1.9, 'reprovado', 2);
INSERT INTO Historico_Aluno (id_aluno, id_disciplina, semestre, nota, situacao, id_professor) VALUES (66, 28, '2023/2', 8.68, 'aprovado', 10);
INSERT INTO Historico_Aluno (id_aluno, id_disciplina, semestre, nota, situacao, id_professor) VALUES (66, 27, '2023/2', 5.93, 'aprovado', 13);
INSERT INTO Historico_Aluno (id_aluno, id_disciplina, semestre, nota, situacao, id_professor) VALUES (66, 10, '2023/2', 9.25, 'aprovado', 14);
INSERT INTO Historico_Aluno (id_aluno, id_disciplina, semestre, nota, situacao, id_professor) VALUES (66, 14, '2024/1', 8.12, 'aprovado', 13);
INSERT INTO Historico_Aluno (id_aluno, id_disciplina, semestre, nota, situacao, id_professor) VALUES (66, 8, '2024/1', 6.47, 'aprovado', 13);
INSERT INTO Historico_Aluno (id_aluno, id_disciplina, semestre, nota, situacao, id_professor) VALUES (66, 9, '2024/1', 7.24, 'aprovado', 2);
INSERT INTO Historico_Aluno (id_aluno, id_disciplina, semestre, nota, situacao, id_professor) VALUES (66, 16, '2024/1', 7.45, 'aprovado', 10);
INSERT INTO Historico_Aluno (id_aluno, id_disciplina, semestre, nota, situacao, id_professor) VALUES (66, 17, '2024/1', 6.67, 'aprovado', 14);
INSERT INTO Historico_Aluno (id_aluno, id_disciplina, semestre, nota, situacao, id_professor) VALUES (66, 18, '2025/1', 0.3, 'reprovado', 14);
INSERT INTO Historico_Aluno (id_aluno, id_disciplina, semestre, nota, situacao, id_professor) VALUES (66, 7, '2025/1', 5.98, 'aprovado', 14);
INSERT INTO Historico_Aluno (id_aluno, id_disciplina, semestre, nota, situacao, id_professor) VALUES (66, 3, '2025/1', 2.09, 'reprovado', 13);
INSERT INTO Historico_Aluno (id_aluno, id_disciplina, semestre, nota, situacao, id_professor) VALUES (66, 26, '2025/1', 1.68, 'reprovado', 14);
INSERT INTO Historico_Aluno (id_aluno, id_disciplina, semestre, nota, situacao, id_professor) VALUES (66, 1, '2025/1', 6.62, 'aprovado', 2);
INSERT INTO Historico_Aluno (id_aluno, id_disciplina, semestre, nota, situacao, id_professor) VALUES (66, 23, '2025/2', 6.29, 'aprovado', 14);
INSERT INTO Historico_Aluno (id_aluno, id_disciplina, semestre, nota, situacao, id_professor) VALUES (66, 12, '2025/2', 5.14, 'aprovado', 10);
INSERT INTO Historico_Aluno (id_aluno, id_disciplina, semestre, nota, situacao, id_professor) VALUES (66, 3, '2025/2', 6.95, 'aprovado', 2);
INSERT INTO Historico_Aluno (id_aluno, id_disciplina, semestre, nota, situacao, id_professor) VALUES (66, 24, '2025/2', 6.29, 'aprovado', 13);
INSERT INTO Historico_Aluno (id_aluno, id_disciplina, semestre, nota, situacao, id_professor) VALUES (66, 22, '2025/2', 1.54, 'reprovado', 10);
INSERT INTO Historico_Aluno (id_aluno, id_disciplina, semestre, nota, situacao, id_professor) VALUES (66, 26, '2025/2', 8.66, 'aprovado', 13);
INSERT INTO Historico_Aluno (id_aluno, id_disciplina, semestre, nota, situacao, id_professor) VALUES (66, 18, '2025/2', 8.5, 'aprovado', 18);
INSERT INTO Historico_Aluno (id_aluno, id_disciplina, semestre, nota, situacao, id_professor) VALUES (67, 8, '2022/1', 1.25, 'reprovado', 13);
INSERT INTO Historico_Aluno (id_aluno, id_disciplina, semestre, nota, situacao, id_professor) VALUES (67, 2, '2022/1', 5.14, 'aprovado', 10);
INSERT INTO Historico_Aluno (id_aluno, id_disciplina, semestre, nota, situacao, id_professor) VALUES (67, 19, '2022/1', 9.27, 'aprovado', 2);
INSERT INTO Historico_Aluno (id_aluno, id_disciplina, semestre, nota, situacao, id_professor) VALUES (67, 12, '2022/1', 5.33, 'aprovado', 14);
INSERT INTO Historico_Aluno (id_aluno, id_disciplina, semestre, nota, situacao, id_professor) VALUES (67, 18, '2022/2', 2.05, 'reprovado', 10);
INSERT INTO Historico_Aluno (id_aluno, id_disciplina, semestre, nota, situacao, id_professor) VALUES (67, 4, '2022/2', 3.31, 'reprovado', 2);
INSERT INTO Historico_Aluno (id_aluno, id_disciplina, semestre, nota, situacao, id_professor) VALUES (67, 17, '2022/2', 3.38, 'reprovado', 10);
INSERT INTO Historico_Aluno (id_aluno, id_disciplina, semestre, nota, situacao, id_professor) VALUES (67, 16, '2022/2', 6.92, 'aprovado', 14);
INSERT INTO Historico_Aluno (id_aluno, id_disciplina, semestre, nota, situacao, id_professor) VALUES (67, 24, '2022/2', 6.49, 'aprovado', 13);
INSERT INTO Historico_Aluno (id_aluno, id_disciplina, semestre, nota, situacao, id_professor) VALUES (67, 29, '2023/2', 9.44, 'aprovado', 10);
INSERT INTO Historico_Aluno (id_aluno, id_disciplina, semestre, nota, situacao, id_professor) VALUES (67, 3, '2023/2', 4.76, 'reprovado', 13);
INSERT INTO Historico_Aluno (id_aluno, id_disciplina, semestre, nota, situacao, id_professor) VALUES (67, 23, '2023/2', 2.46, 'reprovado', 10);
INSERT INTO Historico_Aluno (id_aluno, id_disciplina, semestre, nota, situacao, id_professor) VALUES (67, 27, '2023/2', 4.79, 'reprovado', 2);
INSERT INTO Historico_Aluno (id_aluno, id_disciplina, semestre, nota, situacao, id_professor) VALUES (67, 6, '2025/2', 2.07, 'reprovado', 13);
INSERT INTO Historico_Aluno (id_aluno, id_disciplina, semestre, nota, situacao, id_professor) VALUES (67, 15, '2025/2', 9.81, 'aprovado', 10);
INSERT INTO Historico_Aluno (id_aluno, id_disciplina, semestre, nota, situacao, id_professor) VALUES (67, 10, '2025/2', 4.89, 'reprovado', 10);
INSERT INTO Historico_Aluno (id_aluno, id_disciplina, semestre, nota, situacao, id_professor) VALUES (67, 9, '2025/2', 1.43, 'reprovado', 10);
INSERT INTO Historico_Aluno (id_aluno, id_disciplina, semestre, nota, situacao, id_professor) VALUES (67, 14, '2025/2', 2.49, 'reprovado', 2);
INSERT INTO Historico_Aluno (id_aluno, id_disciplina, semestre, nota, situacao, id_professor) VALUES (67, 8, '2025/2', 8.31, 'aprovado', 4);
INSERT INTO Historico_Aluno (id_aluno, id_disciplina, semestre, nota, situacao, id_professor) VALUES (67, 18, '2025/2', 9.1, 'aprovado', 17);
INSERT INTO Historico_Aluno (id_aluno, id_disciplina, semestre, nota, situacao, id_professor) VALUES (67, 4, '2025/2', 9.6, 'aprovado', 3);
INSERT INTO Historico_Aluno (id_aluno, id_disciplina, semestre, nota, situacao, id_professor) VALUES (67, 17, '2025/2', 6.73, 'aprovado', 13);
INSERT INTO Historico_Aluno (id_aluno, id_disciplina, semestre, nota, situacao, id_professor) VALUES (67, 3, '2025/2', 5.38, 'aprovado', 18);
INSERT INTO Historico_Aluno (id_aluno, id_disciplina, semestre, nota, situacao, id_professor) VALUES (67, 23, '2025/2', 8.08, 'aprovado', 10);
INSERT INTO Historico_Aluno (id_aluno, id_disciplina, semestre, nota, situacao, id_professor) VALUES (67, 27, '2025/2', 7.67, 'aprovado', 16);
INSERT INTO Historico_Aluno (id_aluno, id_disciplina, semestre, nota, situacao, id_professor) VALUES (68, 10, '2023/1', 5.17, 'aprovado', 9);
INSERT INTO Historico_Aluno (id_aluno, id_disciplina, semestre, nota, situacao, id_professor) VALUES (68, 22, '2023/1', 9.38, 'aprovado', 9);
INSERT INTO Historico_Aluno (id_aluno, id_disciplina, semestre, nota, situacao, id_professor) VALUES (68, 18, '2023/1', 3.55, 'reprovado', 9);
INSERT INTO Historico_Aluno (id_aluno, id_disciplina, semestre, nota, situacao, id_professor) VALUES (68, 25, '2023/1', 2.02, 'reprovado', 9);
INSERT INTO Historico_Aluno (id_aluno, id_disciplina, semestre, nota, situacao, id_professor) VALUES (68, 2, '2023/2', 3.08, 'reprovado', 9);
INSERT INTO Historico_Aluno (id_aluno, id_disciplina, semestre, nota, situacao, id_professor) VALUES (68, 7, '2023/2', 6.89, 'aprovado', 9);
INSERT INTO Historico_Aluno (id_aluno, id_disciplina, semestre, nota, situacao, id_professor) VALUES (68, 11, '2023/2', 0.5, 'reprovado', 9);
INSERT INTO Historico_Aluno (id_aluno, id_disciplina, semestre, nota, situacao, id_professor) VALUES (68, 28, '2023/2', 8.47, 'aprovado', 9);
INSERT INTO Historico_Aluno (id_aluno, id_disciplina, semestre, nota, situacao, id_professor) VALUES (68, 21, '2024/1', 5.82, 'aprovado', 9);
INSERT INTO Historico_Aluno (id_aluno, id_disciplina, semestre, nota, situacao, id_professor) VALUES (68, 25, '2024/1', 6.96, 'aprovado', 9);
INSERT INTO Historico_Aluno (id_aluno, id_disciplina, semestre, nota, situacao, id_professor) VALUES (68, 29, '2024/1', 4.67, 'reprovado', 9);
INSERT INTO Historico_Aluno (id_aluno, id_disciplina, semestre, nota, situacao, id_professor) VALUES (68, 17, '2024/1', 1.36, 'reprovado', 9);
INSERT INTO Historico_Aluno (id_aluno, id_disciplina, semestre, nota, situacao, id_professor) VALUES (68, 16, '2024/1', 1.75, 'reprovado', 9);
INSERT INTO Historico_Aluno (id_aluno, id_disciplina, semestre, nota, situacao, id_professor) VALUES (68, 4, '2025/2', 5.88, 'aprovado', 9);
INSERT INTO Historico_Aluno (id_aluno, id_disciplina, semestre, nota, situacao, id_professor) VALUES (68, 16, '2025/2', 8.69, 'aprovado', 9);
INSERT INTO Historico_Aluno (id_aluno, id_disciplina, semestre, nota, situacao, id_professor) VALUES (68, 2, '2025/2', 6.53, 'aprovado', 9);
INSERT INTO Historico_Aluno (id_aluno, id_disciplina, semestre, nota, situacao, id_professor) VALUES (68, 8, '2025/2', 9.83, 'aprovado', 9);
INSERT INTO Historico_Aluno (id_aluno, id_disciplina, semestre, nota, situacao, id_professor) VALUES (68, 30, '2025/2', 3.71, 'reprovado', 9);
INSERT INTO Historico_Aluno (id_aluno, id_disciplina, semestre, nota, situacao, id_professor) VALUES (68, 5, '2025/2', 1.64, 'reprovado', 9);
INSERT INTO Historico_Aluno (id_aluno, id_disciplina, semestre, nota, situacao, id_professor) VALUES (68, 18, '2025/2', 5.09, 'aprovado', 7);
INSERT INTO Historico_Aluno (id_aluno, id_disciplina, semestre, nota, situacao, id_professor) VALUES (68, 11, '2025/2', 8.01, 'aprovado', 2);
INSERT INTO Historico_Aluno (id_aluno, id_disciplina, semestre, nota, situacao, id_professor) VALUES (68, 29, '2025/2', 6.88, 'aprovado', 11);
INSERT INTO Historico_Aluno (id_aluno, id_disciplina, semestre, nota, situacao, id_professor) VALUES (68, 17, '2025/2', 6.29, 'aprovado', 17);
INSERT INTO Historico_Aluno (id_aluno, id_disciplina, semestre, nota, situacao, id_professor) VALUES (69, 5, '2023/2', 2.2, 'reprovado', 8);
INSERT INTO Historico_Aluno (id_aluno, id_disciplina, semestre, nota, situacao, id_professor) VALUES (69, 26, '2023/2', 3.75, 'reprovado', 8);
INSERT INTO Historico_Aluno (id_aluno, id_disciplina, semestre, nota, situacao, id_professor) VALUES (69, 7, '2023/2', 7.66, 'aprovado', 8);
INSERT INTO Historico_Aluno (id_aluno, id_disciplina, semestre, nota, situacao, id_professor) VALUES (69, 9, '2023/2', 3.49, 'reprovado', 19);
INSERT INTO Historico_Aluno (id_aluno, id_disciplina, semestre, nota, situacao, id_professor) VALUES (69, 17, '2023/2', 9.31, 'aprovado', 6);
INSERT INTO Historico_Aluno (id_aluno, id_disciplina, semestre, nota, situacao, id_professor) VALUES (69, 28, '2023/2', 7.37, 'aprovado', 5);
INSERT INTO Historico_Aluno (id_aluno, id_disciplina, semestre, nota, situacao, id_professor) VALUES (69, 20, '2025/2', 5.18, 'aprovado', 6);
INSERT INTO Historico_Aluno (id_aluno, id_disciplina, semestre, nota, situacao, id_professor) VALUES (69, 27, '2025/2', 4.78, 'reprovado', 5);
INSERT INTO Historico_Aluno (id_aluno, id_disciplina, semestre, nota, situacao, id_professor) VALUES (69, 16, '2025/2', 1.79, 'reprovado', 6);
INSERT INTO Historico_Aluno (id_aluno, id_disciplina, semestre, nota, situacao, id_professor) VALUES (69, 1, '2025/2', 3.45, 'reprovado', 8);
INSERT INTO Historico_Aluno (id_aluno, id_disciplina, semestre, nota, situacao, id_professor) VALUES (69, 5, '2025/2', 9.58, 'aprovado', 20);
INSERT INTO Historico_Aluno (id_aluno, id_disciplina, semestre, nota, situacao, id_professor) VALUES (69, 26, '2025/2', 6.09, 'aprovado', 13);
INSERT INTO Historico_Aluno (id_aluno, id_disciplina, semestre, nota, situacao, id_professor) VALUES (69, 9, '2025/2', 5.61, 'aprovado', 7);
INSERT INTO Historico_Aluno (id_aluno, id_disciplina, semestre, nota, situacao, id_professor) VALUES (70, 26, '2022/1', 4.19, 'reprovado', 12);
INSERT INTO Historico_Aluno (id_aluno, id_disciplina, semestre, nota, situacao, id_professor) VALUES (70, 15, '2022/1', 0.78, 'reprovado', 11);
INSERT INTO Historico_Aluno (id_aluno, id_disciplina, semestre, nota, situacao, id_professor) VALUES (70, 8, '2022/1', 0.39, 'reprovado', 12);
INSERT INTO Historico_Aluno (id_aluno, id_disciplina, semestre, nota, situacao, id_professor) VALUES (70, 19, '2022/1', 0.65, 'reprovado', 12);
INSERT INTO Historico_Aluno (id_aluno, id_disciplina, semestre, nota, situacao, id_professor) VALUES (70, 1, '2022/1', 8.4, 'aprovado', 15);
INSERT INTO Historico_Aluno (id_aluno, id_disciplina, semestre, nota, situacao, id_professor) VALUES (70, 22, '2023/1', 3.14, 'reprovado', 12);
INSERT INTO Historico_Aluno (id_aluno, id_disciplina, semestre, nota, situacao, id_professor) VALUES (70, 16, '2023/1', 3.54, 'reprovado', 18);
INSERT INTO Historico_Aluno (id_aluno, id_disciplina, semestre, nota, situacao, id_professor) VALUES (70, 12, '2023/1', 5.77, 'aprovado', 11);
INSERT INTO Historico_Aluno (id_aluno, id_disciplina, semestre, nota, situacao, id_professor) VALUES (70, 28, '2023/1', 1.43, 'reprovado', 18);
INSERT INTO Historico_Aluno (id_aluno, id_disciplina, semestre, nota, situacao, id_professor) VALUES (70, 30, '2023/1', 5.61, 'aprovado', 12);
INSERT INTO Historico_Aluno (id_aluno, id_disciplina, semestre, nota, situacao, id_professor) VALUES (70, 8, '2023/2', 8.42, 'aprovado', 3);
INSERT INTO Historico_Aluno (id_aluno, id_disciplina, semestre, nota, situacao, id_professor) VALUES (70, 19, '2023/2', 7.42, 'aprovado', 18);
INSERT INTO Historico_Aluno (id_aluno, id_disciplina, semestre, nota, situacao, id_professor) VALUES (70, 16, '2023/2', 6.13, 'aprovado', 15);
INSERT INTO Historico_Aluno (id_aluno, id_disciplina, semestre, nota, situacao, id_professor) VALUES (70, 9, '2023/2', 7.82, 'aprovado', 15);
INSERT INTO Historico_Aluno (id_aluno, id_disciplina, semestre, nota, situacao, id_professor) VALUES (70, 27, '2023/2', 4.59, 'reprovado', 17);
INSERT INTO Historico_Aluno (id_aluno, id_disciplina, semestre, nota, situacao, id_professor) VALUES (70, 4, '2023/2', 2.36, 'reprovado', 17);
INSERT INTO Historico_Aluno (id_aluno, id_disciplina, semestre, nota, situacao, id_professor) VALUES (70, 26, '2023/2', 7.27, 'aprovado', 6);
INSERT INTO Historico_Aluno (id_aluno, id_disciplina, semestre, nota, situacao, id_professor) VALUES (70, 15, '2023/2', 6.46, 'aprovado', 17);
INSERT INTO Historico_Aluno (id_aluno, id_disciplina, semestre, nota, situacao, id_professor) VALUES (70, 22, '2023/2', 5.23, 'aprovado', 7);
INSERT INTO Historico_Aluno (id_aluno, id_disciplina, semestre, nota, situacao, id_professor) VALUES (70, 28, '2023/2', 6.42, 'aprovado', 18);
INSERT INTO Historico_Aluno (id_aluno, id_disciplina, semestre, nota, situacao, id_professor) VALUES (71, 4, '2022/1', 3.29, 'reprovado', 16);
INSERT INTO Historico_Aluno (id_aluno, id_disciplina, semestre, nota, situacao, id_professor) VALUES (71, 10, '2022/1', 1.67, 'reprovado', 16);
INSERT INTO Historico_Aluno (id_aluno, id_disciplina, semestre, nota, situacao, id_professor) VALUES (71, 20, '2022/1', 4.71, 'reprovado', 7);
INSERT INTO Historico_Aluno (id_aluno, id_disciplina, semestre, nota, situacao, id_professor) VALUES (71, 6, '2022/1', 8.7, 'aprovado', 16);
INSERT INTO Historico_Aluno (id_aluno, id_disciplina, semestre, nota, situacao, id_professor) VALUES (71, 23, '2022/1', 8.1, 'aprovado', 7);
INSERT INTO Historico_Aluno (id_aluno, id_disciplina, semestre, nota, situacao, id_professor) VALUES (71, 20, '2024/2', 6.46, 'aprovado', 4);
INSERT INTO Historico_Aluno (id_aluno, id_disciplina, semestre, nota, situacao, id_professor) VALUES (71, 28, '2024/2', 2.61, 'reprovado', 7);
INSERT INTO Historico_Aluno (id_aluno, id_disciplina, semestre, nota, situacao, id_professor) VALUES (71, 14, '2024/2', 2.55, 'reprovado', 1);
INSERT INTO Historico_Aluno (id_aluno, id_disciplina, semestre, nota, situacao, id_professor) VALUES (71, 7, '2024/2', 2.51, 'reprovado', 7);
INSERT INTO Historico_Aluno (id_aluno, id_disciplina, semestre, nota, situacao, id_professor) VALUES (71, 27, '2024/2', 5.49, 'aprovado', 1);
INSERT INTO Historico_Aluno (id_aluno, id_disciplina, semestre, nota, situacao, id_professor) VALUES (71, 22, '2024/2', 8.57, 'aprovado', 4);
INSERT INTO Historico_Aluno (id_aluno, id_disciplina, semestre, nota, situacao, id_professor) VALUES (71, 4, '2024/2', 6.13, 'aprovado', 1);
INSERT INTO Historico_Aluno (id_aluno, id_disciplina, semestre, nota, situacao, id_professor) VALUES (71, 10, '2024/2', 7.07, 'aprovado', 1);
INSERT INTO Historico_Aluno (id_aluno, id_disciplina, semestre, nota, situacao, id_professor) VALUES (72, 9, '2022/1', 8.0, 'aprovado', 4);
INSERT INTO Historico_Aluno (id_aluno, id_disciplina, semestre, nota, situacao, id_professor) VALUES (72, 11, '2022/1', 5.5, 'aprovado', 4);
INSERT INTO Historico_Aluno (id_aluno, id_disciplina, semestre, nota, situacao, id_professor) VALUES (72, 8, '2022/1', 0.33, 'reprovado', 7);
INSERT INTO Historico_Aluno (id_aluno, id_disciplina, semestre, nota, situacao, id_professor) VALUES (72, 7, '2022/1', 9.67, 'aprovado', 1);
INSERT INTO Historico_Aluno (id_aluno, id_disciplina, semestre, nota, situacao, id_professor) VALUES (72, 25, '2024/1', 6.86, 'aprovado', 7);
INSERT INTO Historico_Aluno (id_aluno, id_disciplina, semestre, nota, situacao, id_professor) VALUES (72, 28, '2024/1', 2.55, 'reprovado', 16);
INSERT INTO Historico_Aluno (id_aluno, id_disciplina, semestre, nota, situacao, id_professor) VALUES (72, 15, '2024/1', 1.82, 'reprovado', 1);
INSERT INTO Historico_Aluno (id_aluno, id_disciplina, semestre, nota, situacao, id_professor) VALUES (72, 22, '2024/1', 9.82, 'aprovado', 7);
INSERT INTO Historico_Aluno (id_aluno, id_disciplina, semestre, nota, situacao, id_professor) VALUES (72, 26, '2024/1', 7.95, 'aprovado', 7);
INSERT INTO Historico_Aluno (id_aluno, id_disciplina, semestre, nota, situacao, id_professor) VALUES (72, 10, '2024/2', 1.85, 'reprovado', 1);
INSERT INTO Historico_Aluno (id_aluno, id_disciplina, semestre, nota, situacao, id_professor) VALUES (72, 30, '2024/2', 8.7, 'aprovado', 16);
INSERT INTO Historico_Aluno (id_aluno, id_disciplina, semestre, nota, situacao, id_professor) VALUES (72, 15, '2024/2', 8.89, 'aprovado', 1);
INSERT INTO Historico_Aluno (id_aluno, id_disciplina, semestre, nota, situacao, id_professor) VALUES (72, 23, '2024/2', 6.86, 'aprovado', 16);
INSERT INTO Historico_Aluno (id_aluno, id_disciplina, semestre, nota, situacao, id_professor) VALUES (72, 3, '2025/1', 5.99, 'aprovado', 7);
INSERT INTO Historico_Aluno (id_aluno, id_disciplina, semestre, nota, situacao, id_professor) VALUES (72, 5, '2025/1', 8.2, 'aprovado', 1);
INSERT INTO Historico_Aluno (id_aluno, id_disciplina, semestre, nota, situacao, id_professor) VALUES (72, 2, '2025/1', 3.79, 'reprovado', 16);
INSERT INTO Historico_Aluno (id_aluno, id_disciplina, semestre, nota, situacao, id_professor) VALUES (72, 8, '2025/1', 7.5, 'aprovado', 7);
INSERT INTO Historico_Aluno (id_aluno, id_disciplina, semestre, nota, situacao, id_professor) VALUES (72, 28, '2025/1', 5.83, 'aprovado', 16);
INSERT INTO Historico_Aluno (id_aluno, id_disciplina, semestre, nota, situacao, id_professor) VALUES (72, 10, '2025/1', 8.44, 'aprovado', 17);
INSERT INTO Historico_Aluno (id_aluno, id_disciplina, semestre, nota, situacao, id_professor) VALUES (73, 29, '2022/2', 9.36, 'aprovado', 19);
INSERT INTO Historico_Aluno (id_aluno, id_disciplina, semestre, nota, situacao, id_professor) VALUES (73, 5, '2022/2', 8.64, 'aprovado', 8);
INSERT INTO Historico_Aluno (id_aluno, id_disciplina, semestre, nota, situacao, id_professor) VALUES (73, 3, '2022/2', 2.52, 'reprovado', 6);
INSERT INTO Historico_Aluno (id_aluno, id_disciplina, semestre, nota, situacao, id_professor) VALUES (73, 1, '2022/2', 4.43, 'reprovado', 5);
INSERT INTO Historico_Aluno (id_aluno, id_disciplina, semestre, nota, situacao, id_professor) VALUES (73, 25, '2022/2', 5.96, 'aprovado', 8);
INSERT INTO Historico_Aluno (id_aluno, id_disciplina, semestre, nota, situacao, id_professor) VALUES (73, 8, '2022/2', 1.79, 'reprovado', 8);
INSERT INTO Historico_Aluno (id_aluno, id_disciplina, semestre, nota, situacao, id_professor) VALUES (73, 28, '2023/2', 8.49, 'aprovado', 5);
INSERT INTO Historico_Aluno (id_aluno, id_disciplina, semestre, nota, situacao, id_professor) VALUES (73, 20, '2023/2', 0.99, 'reprovado', 6);
INSERT INTO Historico_Aluno (id_aluno, id_disciplina, semestre, nota, situacao, id_professor) VALUES (73, 6, '2023/2', 0.99, 'reprovado', 8);
INSERT INTO Historico_Aluno (id_aluno, id_disciplina, semestre, nota, situacao, id_professor) VALUES (73, 13, '2023/2', 2.22, 'reprovado', 8);
INSERT INTO Historico_Aluno (id_aluno, id_disciplina, semestre, nota, situacao, id_professor) VALUES (73, 12, '2023/2', 8.37, 'aprovado', 19);
INSERT INTO Historico_Aluno (id_aluno, id_disciplina, semestre, nota, situacao, id_professor) VALUES (73, 22, '2024/1', 9.82, 'aprovado', 8);
INSERT INTO Historico_Aluno (id_aluno, id_disciplina, semestre, nota, situacao, id_professor) VALUES (73, 30, '2024/1', 0.29, 'reprovado', 5);
INSERT INTO Historico_Aluno (id_aluno, id_disciplina, semestre, nota, situacao, id_professor) VALUES (73, 23, '2024/1', 9.72, 'aprovado', 6);
INSERT INTO Historico_Aluno (id_aluno, id_disciplina, semestre, nota, situacao, id_professor) VALUES (73, 3, '2024/1', 6.01, 'aprovado', 5);
INSERT INTO Historico_Aluno (id_aluno, id_disciplina, semestre, nota, situacao, id_professor) VALUES (73, 11, '2024/1', 2.97, 'reprovado', 8);
INSERT INTO Historico_Aluno (id_aluno, id_disciplina, semestre, nota, situacao, id_professor) VALUES (73, 17, '2024/1', 6.73, 'aprovado', 19);
INSERT INTO Historico_Aluno (id_aluno, id_disciplina, semestre, nota, situacao, id_professor) VALUES (73, 1, '2024/1', 6.27, 'aprovado', 17);
INSERT INTO Historico_Aluno (id_aluno, id_disciplina, semestre, nota, situacao, id_professor) VALUES (73, 8, '2024/1', 9.59, 'aprovado', 4);
INSERT INTO Historico_Aluno (id_aluno, id_disciplina, semestre, nota, situacao, id_professor) VALUES (73, 20, '2024/1', 8.41, 'aprovado', 2);
INSERT INTO Historico_Aluno (id_aluno, id_disciplina, semestre, nota, situacao, id_professor) VALUES (73, 6, '2024/1', 6.33, 'aprovado', 10);
INSERT INTO Historico_Aluno (id_aluno, id_disciplina, semestre, nota, situacao, id_professor) VALUES (73, 13, '2024/1', 9.83, 'aprovado', 8);
INSERT INTO Historico_Aluno (id_aluno, id_disciplina, semestre, nota, situacao, id_professor) VALUES (74, 12, '2022/2', 9.87, 'aprovado', 20);
INSERT INTO Historico_Aluno (id_aluno, id_disciplina, semestre, nota, situacao, id_professor) VALUES (74, 30, '2022/2', 1.71, 'reprovado', 12);
INSERT INTO Historico_Aluno (id_aluno, id_disciplina, semestre, nota, situacao, id_professor) VALUES (74, 5, '2022/2', 1.42, 'reprovado', 18);
INSERT INTO Historico_Aluno (id_aluno, id_disciplina, semestre, nota, situacao, id_professor) VALUES (74, 15, '2022/2', 0.2, 'reprovado', 18);
INSERT INTO Historico_Aluno (id_aluno, id_disciplina, semestre, nota, situacao, id_professor) VALUES (74, 27, '2022/2', 7.81, 'aprovado', 11);
INSERT INTO Historico_Aluno (id_aluno, id_disciplina, semestre, nota, situacao, id_professor) VALUES (74, 11, '2024/1', 0.07, 'reprovado', 15);
INSERT INTO Historico_Aluno (id_aluno, id_disciplina, semestre, nota, situacao, id_professor) VALUES (74, 7, '2024/1', 8.93, 'aprovado', 11);
INSERT INTO Historico_Aluno (id_aluno, id_disciplina, semestre, nota, situacao, id_professor) VALUES (74, 2, '2024/1', 1.64, 'reprovado', 17);
INSERT INTO Historico_Aluno (id_aluno, id_disciplina, semestre, nota, situacao, id_professor) VALUES (74, 13, '2024/1', 3.99, 'reprovado', 12);
INSERT INTO Historico_Aluno (id_aluno, id_disciplina, semestre, nota, situacao, id_professor) VALUES (74, 1, '2024/1', 7.97, 'aprovado', 15);
INSERT INTO Historico_Aluno (id_aluno, id_disciplina, semestre, nota, situacao, id_professor) VALUES (74, 16, '2024/1', 3.22, 'reprovado', 11);
INSERT INTO Historico_Aluno (id_aluno, id_disciplina, semestre, nota, situacao, id_professor) VALUES (74, 6, '2025/2', 5.51, 'aprovado', 17);
INSERT INTO Historico_Aluno (id_aluno, id_disciplina, semestre, nota, situacao, id_professor) VALUES (74, 5, '2025/2', 6.7, 'aprovado', 12);
INSERT INTO Historico_Aluno (id_aluno, id_disciplina, semestre, nota, situacao, id_professor) VALUES (74, 17, '2025/2', 8.46, 'aprovado', 20);
INSERT INTO Historico_Aluno (id_aluno, id_disciplina, semestre, nota, situacao, id_professor) VALUES (74, 18, '2025/2', 8.26, 'aprovado', 17);
INSERT INTO Historico_Aluno (id_aluno, id_disciplina, semestre, nota, situacao, id_professor) VALUES (74, 15, '2025/2', 6.86, 'aprovado', 20);
INSERT INTO Historico_Aluno (id_aluno, id_disciplina, semestre, nota, situacao, id_professor) VALUES (74, 28, '2025/2', 9.74, 'aprovado', 20);
INSERT INTO Historico_Aluno (id_aluno, id_disciplina, semestre, nota, situacao, id_professor) VALUES (74, 30, '2025/2', 8.17, 'aprovado', 17);
INSERT INTO Historico_Aluno (id_aluno, id_disciplina, semestre, nota, situacao, id_professor) VALUES (74, 11, '2025/2', 5.9, 'aprovado', 16);
INSERT INTO Historico_Aluno (id_aluno, id_disciplina, semestre, nota, situacao, id_professor) VALUES (74, 2, '2025/2', 7.03, 'aprovado', 5);
INSERT INTO Historico_Aluno (id_aluno, id_disciplina, semestre, nota, situacao, id_professor) VALUES (74, 13, '2025/2', 6.68, 'aprovado', 5);
INSERT INTO Historico_Aluno (id_aluno, id_disciplina, semestre, nota, situacao, id_professor) VALUES (74, 16, '2025/2', 5.32, 'aprovado', 20);
INSERT INTO Historico_Aluno (id_aluno, id_disciplina, semestre, nota, situacao, id_professor) VALUES (75, 26, '2024/1', 8.19, 'aprovado', 9);
INSERT INTO Historico_Aluno (id_aluno, id_disciplina, semestre, nota, situacao, id_professor) VALUES (75, 24, '2024/1', 2.4, 'reprovado', 9);
INSERT INTO Historico_Aluno (id_aluno, id_disciplina, semestre, nota, situacao, id_professor) VALUES (75, 5, '2024/1', 7.34, 'aprovado', 9);
INSERT INTO Historico_Aluno (id_aluno, id_disciplina, semestre, nota, situacao, id_professor) VALUES (75, 4, '2024/1', 7.33, 'aprovado', 9);
INSERT INTO Historico_Aluno (id_aluno, id_disciplina, semestre, nota, situacao, id_professor) VALUES (75, 13, '2024/1', 1.43, 'reprovado', 9);
INSERT INTO Historico_Aluno (id_aluno, id_disciplina, semestre, nota, situacao, id_professor) VALUES (75, 3, '2025/2', 3.83, 'reprovado', 9);
INSERT INTO Historico_Aluno (id_aluno, id_disciplina, semestre, nota, situacao, id_professor) VALUES (75, 14, '2025/2', 7.0, 'aprovado', 9);
INSERT INTO Historico_Aluno (id_aluno, id_disciplina, semestre, nota, situacao, id_professor) VALUES (75, 21, '2025/2', 1.03, 'reprovado', 9);
INSERT INTO Historico_Aluno (id_aluno, id_disciplina, semestre, nota, situacao, id_professor) VALUES (75, 9, '2025/2', 0.06, 'reprovado', 9);
INSERT INTO Historico_Aluno (id_aluno, id_disciplina, semestre, nota, situacao, id_professor) VALUES (75, 20, '2025/2', 4.98, 'reprovado', 9);
INSERT INTO Historico_Aluno (id_aluno, id_disciplina, semestre, nota, situacao, id_professor) VALUES (75, 24, '2025/2', 9.17, 'aprovado', 2);
INSERT INTO Historico_Aluno (id_aluno, id_disciplina, semestre, nota, situacao, id_professor) VALUES (75, 13, '2025/2', 8.09, 'aprovado', 19);
INSERT INTO Historico_Aluno (id_aluno, id_disciplina, semestre, nota, situacao, id_professor) VALUES (76, 2, '2023/1', 5.8, 'aprovado', 5);
INSERT INTO Historico_Aluno (id_aluno, id_disciplina, semestre, nota, situacao, id_professor) VALUES (76, 3, '2023/1', 8.9, 'aprovado', 8);
INSERT INTO Historico_Aluno (id_aluno, id_disciplina, semestre, nota, situacao, id_professor) VALUES (76, 6, '2023/1', 5.53, 'aprovado', 5);
INSERT INTO Historico_Aluno (id_aluno, id_disciplina, semestre, nota, situacao, id_professor) VALUES (76, 30, '2023/1', 4.89, 'reprovado', 5);
INSERT INTO Historico_Aluno (id_aluno, id_disciplina, semestre, nota, situacao, id_professor) VALUES (76, 28, '2023/1', 4.44, 'reprovado', 5);
INSERT INTO Historico_Aluno (id_aluno, id_disciplina, semestre, nota, situacao, id_professor) VALUES (76, 21, '2023/2', 5.44, 'aprovado', 8);
INSERT INTO Historico_Aluno (id_aluno, id_disciplina, semestre, nota, situacao, id_professor) VALUES (76, 4, '2023/2', 6.8, 'aprovado', 19);
INSERT INTO Historico_Aluno (id_aluno, id_disciplina, semestre, nota, situacao, id_professor) VALUES (76, 18, '2023/2', 2.59, 'reprovado', 19);
INSERT INTO Historico_Aluno (id_aluno, id_disciplina, semestre, nota, situacao, id_professor) VALUES (76, 23, '2023/2', 5.26, 'aprovado', 5);
INSERT INTO Historico_Aluno (id_aluno, id_disciplina, semestre, nota, situacao, id_professor) VALUES (76, 26, '2023/2', 4.88, 'reprovado', 8);
INSERT INTO Historico_Aluno (id_aluno, id_disciplina, semestre, nota, situacao, id_professor) VALUES (76, 30, '2023/2', 6.72, 'aprovado', 3);
INSERT INTO Historico_Aluno (id_aluno, id_disciplina, semestre, nota, situacao, id_professor) VALUES (76, 28, '2023/2', 8.38, 'aprovado', 7);
INSERT INTO Historico_Aluno (id_aluno, id_disciplina, semestre, nota, situacao, id_professor) VALUES (77, 21, '2022/2', 3.4, 'reprovado', 3);
INSERT INTO Historico_Aluno (id_aluno, id_disciplina, semestre, nota, situacao, id_professor) VALUES (77, 22, '2022/2', 3.67, 'reprovado', 17);
INSERT INTO Historico_Aluno (id_aluno, id_disciplina, semestre, nota, situacao, id_professor) VALUES (77, 17, '2022/2', 6.44, 'aprovado', 11);
INSERT INTO Historico_Aluno (id_aluno, id_disciplina, semestre, nota, situacao, id_professor) VALUES (77, 28, '2022/2', 2.53, 'reprovado', 20);
INSERT INTO Historico_Aluno (id_aluno, id_disciplina, semestre, nota, situacao, id_professor) VALUES (77, 4, '2022/2', 8.72, 'aprovado', 11);
INSERT INTO Historico_Aluno (id_aluno, id_disciplina, semestre, nota, situacao, id_professor) VALUES (77, 14, '2024/2', 8.77, 'aprovado', 20);
INSERT INTO Historico_Aluno (id_aluno, id_disciplina, semestre, nota, situacao, id_professor) VALUES (77, 3, '2024/2', 3.14, 'reprovado', 12);
INSERT INTO Historico_Aluno (id_aluno, id_disciplina, semestre, nota, situacao, id_professor) VALUES (77, 24, '2024/2', 7.46, 'aprovado', 3);
INSERT INTO Historico_Aluno (id_aluno, id_disciplina, semestre, nota, situacao, id_professor) VALUES (77, 1, '2024/2', 0.93, 'reprovado', 18);
INSERT INTO Historico_Aluno (id_aluno, id_disciplina, semestre, nota, situacao, id_professor) VALUES (77, 21, '2024/2', 6.75, 'aprovado', 2);
INSERT INTO Historico_Aluno (id_aluno, id_disciplina, semestre, nota, situacao, id_professor) VALUES (77, 22, '2024/2', 6.92, 'aprovado', 12);
INSERT INTO Historico_Aluno (id_aluno, id_disciplina, semestre, nota, situacao, id_professor) VALUES (77, 28, '2024/2', 6.47, 'aprovado', 14);
INSERT INTO Historico_Aluno (id_aluno, id_disciplina, semestre, nota, situacao, id_professor) VALUES (78, 25, '2023/2', 8.1, 'aprovado', 14);
INSERT INTO Historico_Aluno (id_aluno, id_disciplina, semestre, nota, situacao, id_professor) VALUES (78, 17, '2023/2', 4.15, 'reprovado', 2);
INSERT INTO Historico_Aluno (id_aluno, id_disciplina, semestre, nota, situacao, id_professor) VALUES (78, 23, '2023/2', 1.78, 'reprovado', 13);
INSERT INTO Historico_Aluno (id_aluno, id_disciplina, semestre, nota, situacao, id_professor) VALUES (78, 10, '2023/2', 4.04, 'reprovado', 14);
INSERT INTO Historico_Aluno (id_aluno, id_disciplina, semestre, nota, situacao, id_professor) VALUES (78, 19, '2024/1', 9.02, 'aprovado', 14);
INSERT INTO Historico_Aluno (id_aluno, id_disciplina, semestre, nota, situacao, id_professor) VALUES (78, 6, '2024/1', 6.99, 'aprovado', 14);
INSERT INTO Historico_Aluno (id_aluno, id_disciplina, semestre, nota, situacao, id_professor) VALUES (78, 11, '2024/1', 3.67, 'reprovado', 2);
INSERT INTO Historico_Aluno (id_aluno, id_disciplina, semestre, nota, situacao, id_professor) VALUES (78, 27, '2024/1', 5.72, 'aprovado', 14);
INSERT INTO Historico_Aluno (id_aluno, id_disciplina, semestre, nota, situacao, id_professor) VALUES (78, 17, '2024/1', 9.05, 'aprovado', 2);
INSERT INTO Historico_Aluno (id_aluno, id_disciplina, semestre, nota, situacao, id_professor) VALUES (78, 4, '2024/1', 3.9, 'reprovado', 13);
INSERT INTO Historico_Aluno (id_aluno, id_disciplina, semestre, nota, situacao, id_professor) VALUES (78, 26, '2024/2', 6.51, 'aprovado', 2);
INSERT INTO Historico_Aluno (id_aluno, id_disciplina, semestre, nota, situacao, id_professor) VALUES (78, 13, '2024/2', 9.78, 'aprovado', 14);
INSERT INTO Historico_Aluno (id_aluno, id_disciplina, semestre, nota, situacao, id_professor) VALUES (78, 18, '2024/2', 2.5, 'reprovado', 14);
INSERT INTO Historico_Aluno (id_aluno, id_disciplina, semestre, nota, situacao, id_professor) VALUES (78, 21, '2024/2', 0.54, 'reprovado', 14);
INSERT INTO Historico_Aluno (id_aluno, id_disciplina, semestre, nota, situacao, id_professor) VALUES (78, 18, '2025/1', 7.02, 'aprovado', 2);
INSERT INTO Historico_Aluno (id_aluno, id_disciplina, semestre, nota, situacao, id_professor) VALUES (78, 8, '2025/1', 2.71, 'reprovado', 2);
INSERT INTO Historico_Aluno (id_aluno, id_disciplina, semestre, nota, situacao, id_professor) VALUES (78, 2, '2025/1', 1.07, 'reprovado', 13);
INSERT INTO Historico_Aluno (id_aluno, id_disciplina, semestre, nota, situacao, id_professor) VALUES (78, 23, '2025/1', 7.56, 'aprovado', 10);
INSERT INTO Historico_Aluno (id_aluno, id_disciplina, semestre, nota, situacao, id_professor) VALUES (78, 3, '2025/1', 5.15, 'aprovado', 10);
INSERT INTO Historico_Aluno (id_aluno, id_disciplina, semestre, nota, situacao, id_professor) VALUES (78, 16, '2025/1', 8.33, 'aprovado', 14);
INSERT INTO Historico_Aluno (id_aluno, id_disciplina, semestre, nota, situacao, id_professor) VALUES (78, 10, '2025/1', 7.38, 'aprovado', 9);
INSERT INTO Historico_Aluno (id_aluno, id_disciplina, semestre, nota, situacao, id_professor) VALUES (78, 11, '2025/1', 5.07, 'aprovado', 12);
INSERT INTO Historico_Aluno (id_aluno, id_disciplina, semestre, nota, situacao, id_professor) VALUES (78, 4, '2025/1', 8.44, 'aprovado', 15);
INSERT INTO Historico_Aluno (id_aluno, id_disciplina, semestre, nota, situacao, id_professor) VALUES (78, 21, '2025/1', 5.63, 'aprovado', 14);
INSERT INTO Historico_Aluno (id_aluno, id_disciplina, semestre, nota, situacao, id_professor) VALUES (79, 16, '2022/1', 4.31, 'reprovado', 14);
INSERT INTO Historico_Aluno (id_aluno, id_disciplina, semestre, nota, situacao, id_professor) VALUES (79, 23, '2022/1', 4.23, 'reprovado', 13);
INSERT INTO Historico_Aluno (id_aluno, id_disciplina, semestre, nota, situacao, id_professor) VALUES (79, 8, '2022/1', 0.79, 'reprovado', 2);
INSERT INTO Historico_Aluno (id_aluno, id_disciplina, semestre, nota, situacao, id_professor) VALUES (79, 20, '2022/1', 9.77, 'aprovado', 2);
INSERT INTO Historico_Aluno (id_aluno, id_disciplina, semestre, nota, situacao, id_professor) VALUES (79, 13, '2022/2', 0.45, 'reprovado', 13);
INSERT INTO Historico_Aluno (id_aluno, id_disciplina, semestre, nota, situacao, id_professor) VALUES (79, 28, '2022/2', 4.75, 'reprovado', 2);
INSERT INTO Historico_Aluno (id_aluno, id_disciplina, semestre, nota, situacao, id_professor) VALUES (79, 12, '2022/2', 1.17, 'reprovado', 2);
INSERT INTO Historico_Aluno (id_aluno, id_disciplina, semestre, nota, situacao, id_professor) VALUES (79, 1, '2022/2', 2.59, 'reprovado', 14);
INSERT INTO Historico_Aluno (id_aluno, id_disciplina, semestre, nota, situacao, id_professor) VALUES (79, 25, '2025/1', 9.97, 'aprovado', 14);
INSERT INTO Historico_Aluno (id_aluno, id_disciplina, semestre, nota, situacao, id_professor) VALUES (79, 4, '2025/1', 7.94, 'aprovado', 14);
INSERT INTO Historico_Aluno (id_aluno, id_disciplina, semestre, nota, situacao, id_professor) VALUES (79, 13, '2025/1', 7.32, 'aprovado', 10);
INSERT INTO Historico_Aluno (id_aluno, id_disciplina, semestre, nota, situacao, id_professor) VALUES (79, 27, '2025/1', 6.83, 'aprovado', 14);
INSERT INTO Historico_Aluno (id_aluno, id_disciplina, semestre, nota, situacao, id_professor) VALUES (79, 16, '2025/1', 6.87, 'aprovado', 3);
INSERT INTO Historico_Aluno (id_aluno, id_disciplina, semestre, nota, situacao, id_professor) VALUES (79, 23, '2025/1', 7.76, 'aprovado', 8);
INSERT INTO Historico_Aluno (id_aluno, id_disciplina, semestre, nota, situacao, id_professor) VALUES (79, 8, '2025/1', 6.04, 'aprovado', 20);
INSERT INTO Historico_Aluno (id_aluno, id_disciplina, semestre, nota, situacao, id_professor) VALUES (79, 28, '2025/1', 8.05, 'aprovado', 4);
INSERT INTO Historico_Aluno (id_aluno, id_disciplina, semestre, nota, situacao, id_professor) VALUES (79, 12, '2025/1', 9.41, 'aprovado', 20);
INSERT INTO Historico_Aluno (id_aluno, id_disciplina, semestre, nota, situacao, id_professor) VALUES (79, 1, '2025/1', 6.67, 'aprovado', 13);
INSERT INTO Historico_Aluno (id_aluno, id_disciplina, semestre, nota, situacao, id_professor) VALUES (80, 23, '2022/1', 0.08, 'reprovado', 7);
INSERT INTO Historico_Aluno (id_aluno, id_disciplina, semestre, nota, situacao, id_professor) VALUES (80, 12, '2022/1', 0.96, 'reprovado', 1);
INSERT INTO Historico_Aluno (id_aluno, id_disciplina, semestre, nota, situacao, id_professor) VALUES (80, 16, '2022/1', 4.19, 'reprovado', 4);
INSERT INTO Historico_Aluno (id_aluno, id_disciplina, semestre, nota, situacao, id_professor) VALUES (80, 25, '2022/1', 6.21, 'aprovado', 7);
INSERT INTO Historico_Aluno (id_aluno, id_disciplina, semestre, nota, situacao, id_professor) VALUES (80, 12, '2023/2', 8.62, 'aprovado', 16);
INSERT INTO Historico_Aluno (id_aluno, id_disciplina, semestre, nota, situacao, id_professor) VALUES (80, 10, '2023/2', 6.13, 'aprovado', 16);
INSERT INTO Historico_Aluno (id_aluno, id_disciplina, semestre, nota, situacao, id_professor) VALUES (80, 4, '2023/2', 1.07, 'reprovado', 4);
INSERT INTO Historico_Aluno (id_aluno, id_disciplina, semestre, nota, situacao, id_professor) VALUES (80, 14, '2023/2', 6.06, 'aprovado', 16);
INSERT INTO Historico_Aluno (id_aluno, id_disciplina, semestre, nota, situacao, id_professor) VALUES (80, 13, '2023/2', 1.03, 'reprovado', 16);
INSERT INTO Historico_Aluno (id_aluno, id_disciplina, semestre, nota, situacao, id_professor) VALUES (80, 27, '2023/2', 5.91, 'aprovado', 4);
INSERT INTO Historico_Aluno (id_aluno, id_disciplina, semestre, nota, situacao, id_professor) VALUES (80, 28, '2024/2', 9.61, 'aprovado', 16);
INSERT INTO Historico_Aluno (id_aluno, id_disciplina, semestre, nota, situacao, id_professor) VALUES (80, 13, '2024/2', 7.47, 'aprovado', 7);
INSERT INTO Historico_Aluno (id_aluno, id_disciplina, semestre, nota, situacao, id_professor) VALUES (80, 26, '2024/2', 1.85, 'reprovado', 1);
INSERT INTO Historico_Aluno (id_aluno, id_disciplina, semestre, nota, situacao, id_professor) VALUES (80, 9, '2024/2', 7.71, 'aprovado', 7);
INSERT INTO Historico_Aluno (id_aluno, id_disciplina, semestre, nota, situacao, id_professor) VALUES (80, 23, '2024/2', 9.5, 'aprovado', 8);
INSERT INTO Historico_Aluno (id_aluno, id_disciplina, semestre, nota, situacao, id_professor) VALUES (80, 16, '2024/2', 7.21, 'aprovado', 6);
INSERT INTO Historico_Aluno (id_aluno, id_disciplina, semestre, nota, situacao, id_professor) VALUES (80, 4, '2024/2', 7.56, 'aprovado', 19);
INSERT INTO Historico_Aluno (id_aluno, id_disciplina, semestre, nota, situacao, id_professor) VALUES (81, 16, '2023/1', 6.16, 'aprovado', 13);
INSERT INTO Historico_Aluno (id_aluno, id_disciplina, semestre, nota, situacao, id_professor) VALUES (81, 14, '2023/1', 3.07, 'reprovado', 13);
INSERT INTO Historico_Aluno (id_aluno, id_disciplina, semestre, nota, situacao, id_professor) VALUES (81, 18, '2023/1', 8.57, 'aprovado', 10);
INSERT INTO Historico_Aluno (id_aluno, id_disciplina, semestre, nota, situacao, id_professor) VALUES (81, 10, '2023/1', 9.23, 'aprovado', 2);
INSERT INTO Historico_Aluno (id_aluno, id_disciplina, semestre, nota, situacao, id_professor) VALUES (81, 24, '2023/1', 8.27, 'aprovado', 2);
INSERT INTO Historico_Aluno (id_aluno, id_disciplina, semestre, nota, situacao, id_professor) VALUES (81, 25, '2023/1', 2.58, 'reprovado', 2);
INSERT INTO Historico_Aluno (id_aluno, id_disciplina, semestre, nota, situacao, id_professor) VALUES (81, 23, '2024/1', 7.61, 'aprovado', 2);
INSERT INTO Historico_Aluno (id_aluno, id_disciplina, semestre, nota, situacao, id_professor) VALUES (81, 21, '2024/1', 8.3, 'aprovado', 2);
INSERT INTO Historico_Aluno (id_aluno, id_disciplina, semestre, nota, situacao, id_professor) VALUES (81, 26, '2024/1', 7.05, 'aprovado', 13);
INSERT INTO Historico_Aluno (id_aluno, id_disciplina, semestre, nota, situacao, id_professor) VALUES (81, 19, '2024/1', 5.29, 'aprovado', 13);
INSERT INTO Historico_Aluno (id_aluno, id_disciplina, semestre, nota, situacao, id_professor) VALUES (81, 29, '2025/1', 4.78, 'reprovado', 10);
INSERT INTO Historico_Aluno (id_aluno, id_disciplina, semestre, nota, situacao, id_professor) VALUES (81, 17, '2025/1', 1.93, 'reprovado', 10);
INSERT INTO Historico_Aluno (id_aluno, id_disciplina, semestre, nota, situacao, id_professor) VALUES (81, 1, '2025/1', 0.58, 'reprovado', 13);
INSERT INTO Historico_Aluno (id_aluno, id_disciplina, semestre, nota, situacao, id_professor) VALUES (81, 13, '2025/1', 4.93, 'reprovado', 2);
INSERT INTO Historico_Aluno (id_aluno, id_disciplina, semestre, nota, situacao, id_professor) VALUES (81, 5, '2025/1', 0.27, 'reprovado', 2);
INSERT INTO Historico_Aluno (id_aluno, id_disciplina, semestre, nota, situacao, id_professor) VALUES (81, 14, '2025/1', 7.45, 'aprovado', 10);
INSERT INTO Historico_Aluno (id_aluno, id_disciplina, semestre, nota, situacao, id_professor) VALUES (81, 25, '2025/1', 8.16, 'aprovado', 1);
INSERT INTO Historico_Aluno (id_aluno, id_disciplina, semestre, nota, situacao, id_professor) VALUES (82, 11, '2024/1', 8.01, 'aprovado', 2);
INSERT INTO Historico_Aluno (id_aluno, id_disciplina, semestre, nota, situacao, id_professor) VALUES (82, 10, '2024/1', 3.85, 'reprovado', 13);
INSERT INTO Historico_Aluno (id_aluno, id_disciplina, semestre, nota, situacao, id_professor) VALUES (82, 23, '2024/1', 7.37, 'aprovado', 13);
INSERT INTO Historico_Aluno (id_aluno, id_disciplina, semestre, nota, situacao, id_professor) VALUES (82, 22, '2024/1', 9.74, 'aprovado', 10);
INSERT INTO Historico_Aluno (id_aluno, id_disciplina, semestre, nota, situacao, id_professor) VALUES (82, 9, '2024/1', 9.19, 'aprovado', 2);
INSERT INTO Historico_Aluno (id_aluno, id_disciplina, semestre, nota, situacao, id_professor) VALUES (82, 2, '2025/1', 2.85, 'reprovado', 2);
INSERT INTO Historico_Aluno (id_aluno, id_disciplina, semestre, nota, situacao, id_professor) VALUES (82, 26, '2025/1', 9.97, 'aprovado', 14);
INSERT INTO Historico_Aluno (id_aluno, id_disciplina, semestre, nota, situacao, id_professor) VALUES (82, 13, '2025/1', 3.07, 'reprovado', 13);
INSERT INTO Historico_Aluno (id_aluno, id_disciplina, semestre, nota, situacao, id_professor) VALUES (82, 19, '2025/1', 1.12, 'reprovado', 2);
INSERT INTO Historico_Aluno (id_aluno, id_disciplina, semestre, nota, situacao, id_professor) VALUES (82, 10, '2025/1', 6.63, 'aprovado', 20);
INSERT INTO Historico_Aluno (id_aluno, id_disciplina, semestre, nota, situacao, id_professor) VALUES (83, 25, '2022/1', 8.52, 'aprovado', 17);
INSERT INTO Historico_Aluno (id_aluno, id_disciplina, semestre, nota, situacao, id_professor) VALUES (83, 26, '2022/1', 4.92, 'reprovado', 11);
INSERT INTO Historico_Aluno (id_aluno, id_disciplina, semestre, nota, situacao, id_professor) VALUES (83, 19, '2022/1', 6.42, 'aprovado', 11);
INSERT INTO Historico_Aluno (id_aluno, id_disciplina, semestre, nota, situacao, id_professor) VALUES (83, 29, '2022/1', 1.8, 'reprovado', 11);
INSERT INTO Historico_Aluno (id_aluno, id_disciplina, semestre, nota, situacao, id_professor) VALUES (83, 30, '2024/1', 0.05, 'reprovado', 17);
INSERT INTO Historico_Aluno (id_aluno, id_disciplina, semestre, nota, situacao, id_professor) VALUES (83, 20, '2024/1', 4.52, 'reprovado', 20);
INSERT INTO Historico_Aluno (id_aluno, id_disciplina, semestre, nota, situacao, id_professor) VALUES (83, 27, '2024/1', 5.3, 'aprovado', 15);
INSERT INTO Historico_Aluno (id_aluno, id_disciplina, semestre, nota, situacao, id_professor) VALUES (83, 17, '2024/1', 4.0, 'reprovado', 3);
INSERT INTO Historico_Aluno (id_aluno, id_disciplina, semestre, nota, situacao, id_professor) VALUES (83, 4, '2024/2', 3.68, 'reprovado', 20);
INSERT INTO Historico_Aluno (id_aluno, id_disciplina, semestre, nota, situacao, id_professor) VALUES (83, 24, '2024/2', 9.7, 'aprovado', 17);
INSERT INTO Historico_Aluno (id_aluno, id_disciplina, semestre, nota, situacao, id_professor) VALUES (83, 6, '2024/2', 3.01, 'reprovado', 11);
INSERT INTO Historico_Aluno (id_aluno, id_disciplina, semestre, nota, situacao, id_professor) VALUES (83, 9, '2024/2', 2.72, 'reprovado', 11);
INSERT INTO Historico_Aluno (id_aluno, id_disciplina, semestre, nota, situacao, id_professor) VALUES (83, 30, '2024/2', 9.51, 'aprovado', 15);
INSERT INTO Historico_Aluno (id_aluno, id_disciplina, semestre, nota, situacao, id_professor) VALUES (83, 26, '2024/2', 7.64, 'aprovado', 6);
INSERT INTO Historico_Aluno (id_aluno, id_disciplina, semestre, nota, situacao, id_professor) VALUES (83, 29, '2024/2', 7.3, 'aprovado', 13);
INSERT INTO Historico_Aluno (id_aluno, id_disciplina, semestre, nota, situacao, id_professor) VALUES (83, 20, '2024/2', 8.86, 'aprovado', 12);
INSERT INTO Historico_Aluno (id_aluno, id_disciplina, semestre, nota, situacao, id_professor) VALUES (83, 17, '2024/2', 7.67, 'aprovado', 2);
INSERT INTO Historico_Aluno (id_aluno, id_disciplina, semestre, nota, situacao, id_professor) VALUES (84, 16, '2022/1', 4.12, 'reprovado', 9);
INSERT INTO Historico_Aluno (id_aluno, id_disciplina, semestre, nota, situacao, id_professor) VALUES (84, 30, '2022/1', 4.03, 'reprovado', 9);
INSERT INTO Historico_Aluno (id_aluno, id_disciplina, semestre, nota, situacao, id_professor) VALUES (84, 3, '2022/1', 3.98, 'reprovado', 9);
INSERT INTO Historico_Aluno (id_aluno, id_disciplina, semestre, nota, situacao, id_professor) VALUES (84, 11, '2022/1', 8.05, 'aprovado', 9);
INSERT INTO Historico_Aluno (id_aluno, id_disciplina, semestre, nota, situacao, id_professor) VALUES (84, 27, '2022/1', 5.78, 'aprovado', 9);
INSERT INTO Historico_Aluno (id_aluno, id_disciplina, semestre, nota, situacao, id_professor) VALUES (84, 24, '2022/1', 8.66, 'aprovado', 9);
INSERT INTO Historico_Aluno (id_aluno, id_disciplina, semestre, nota, situacao, id_professor) VALUES (84, 5, '2024/1', 5.9, 'aprovado', 9);
INSERT INTO Historico_Aluno (id_aluno, id_disciplina, semestre, nota, situacao, id_professor) VALUES (84, 30, '2024/1', 9.91, 'aprovado', 9);
INSERT INTO Historico_Aluno (id_aluno, id_disciplina, semestre, nota, situacao, id_professor) VALUES (84, 10, '2024/1', 8.44, 'aprovado', 9);
INSERT INTO Historico_Aluno (id_aluno, id_disciplina, semestre, nota, situacao, id_professor) VALUES (84, 25, '2024/1', 4.0, 'reprovado', 9);
INSERT INTO Historico_Aluno (id_aluno, id_disciplina, semestre, nota, situacao, id_professor) VALUES (84, 16, '2025/2', 9.61, 'aprovado', 9);
INSERT INTO Historico_Aluno (id_aluno, id_disciplina, semestre, nota, situacao, id_professor) VALUES (84, 8, '2025/2', 4.37, 'reprovado', 9);
INSERT INTO Historico_Aluno (id_aluno, id_disciplina, semestre, nota, situacao, id_professor) VALUES (84, 23, '2025/2', 8.14, 'aprovado', 9);
INSERT INTO Historico_Aluno (id_aluno, id_disciplina, semestre, nota, situacao, id_professor) VALUES (84, 21, '2025/2', 7.2, 'aprovado', 9);
INSERT INTO Historico_Aluno (id_aluno, id_disciplina, semestre, nota, situacao, id_professor) VALUES (84, 3, '2025/2', 9.2, 'aprovado', 2);
INSERT INTO Historico_Aluno (id_aluno, id_disciplina, semestre, nota, situacao, id_professor) VALUES (84, 25, '2025/2', 9.85, 'aprovado', 15);
INSERT INTO Historico_Aluno (id_aluno, id_disciplina, semestre, nota, situacao, id_professor) VALUES (85, 7, '2022/1', 5.23, 'aprovado', 9);
INSERT INTO Historico_Aluno (id_aluno, id_disciplina, semestre, nota, situacao, id_professor) VALUES (85, 23, '2022/1', 3.64, 'reprovado', 9);
INSERT INTO Historico_Aluno (id_aluno, id_disciplina, semestre, nota, situacao, id_professor) VALUES (85, 20, '2022/1', 1.41, 'reprovado', 9);
INSERT INTO Historico_Aluno (id_aluno, id_disciplina, semestre, nota, situacao, id_professor) VALUES (85, 22, '2022/1', 9.97, 'aprovado', 9);
INSERT INTO Historico_Aluno (id_aluno, id_disciplina, semestre, nota, situacao, id_professor) VALUES (85, 17, '2022/1', 9.81, 'aprovado', 9);
INSERT INTO Historico_Aluno (id_aluno, id_disciplina, semestre, nota, situacao, id_professor) VALUES (85, 6, '2023/1', 8.21, 'aprovado', 9);
INSERT INTO Historico_Aluno (id_aluno, id_disciplina, semestre, nota, situacao, id_professor) VALUES (85, 21, '2023/1', 0.9, 'reprovado', 9);
INSERT INTO Historico_Aluno (id_aluno, id_disciplina, semestre, nota, situacao, id_professor) VALUES (85, 14, '2023/1', 2.52, 'reprovado', 9);
INSERT INTO Historico_Aluno (id_aluno, id_disciplina, semestre, nota, situacao, id_professor) VALUES (85, 4, '2023/1', 5.61, 'aprovado', 9);
INSERT INTO Historico_Aluno (id_aluno, id_disciplina, semestre, nota, situacao, id_professor) VALUES (85, 30, '2024/1', 7.77, 'aprovado', 9);
INSERT INTO Historico_Aluno (id_aluno, id_disciplina, semestre, nota, situacao, id_professor) VALUES (85, 15, '2024/1', 9.12, 'aprovado', 9);
INSERT INTO Historico_Aluno (id_aluno, id_disciplina, semestre, nota, situacao, id_professor) VALUES (85, 12, '2024/1', 2.07, 'reprovado', 9);
INSERT INTO Historico_Aluno (id_aluno, id_disciplina, semestre, nota, situacao, id_professor) VALUES (85, 3, '2024/1', 1.94, 'reprovado', 9);
INSERT INTO Historico_Aluno (id_aluno, id_disciplina, semestre, nota, situacao, id_professor) VALUES (85, 20, '2024/1', 6.12, 'aprovado', 9);
INSERT INTO Historico_Aluno (id_aluno, id_disciplina, semestre, nota, situacao, id_professor) VALUES (85, 18, '2024/2', 6.66, 'aprovado', 9);
INSERT INTO Historico_Aluno (id_aluno, id_disciplina, semestre, nota, situacao, id_professor) VALUES (85, 25, '2024/2', 6.58, 'aprovado', 9);
INSERT INTO Historico_Aluno (id_aluno, id_disciplina, semestre, nota, situacao, id_professor) VALUES (85, 2, '2024/2', 2.64, 'reprovado', 9);
INSERT INTO Historico_Aluno (id_aluno, id_disciplina, semestre, nota, situacao, id_professor) VALUES (85, 8, '2024/2', 3.38, 'reprovado', 9);
INSERT INTO Historico_Aluno (id_aluno, id_disciplina, semestre, nota, situacao, id_professor) VALUES (85, 16, '2024/2', 6.0, 'aprovado', 9);
INSERT INTO Historico_Aluno (id_aluno, id_disciplina, semestre, nota, situacao, id_professor) VALUES (85, 14, '2024/2', 9.42, 'aprovado', 9);
INSERT INTO Historico_Aluno (id_aluno, id_disciplina, semestre, nota, situacao, id_professor) VALUES (85, 23, '2024/2', 9.42, 'aprovado', 18);
INSERT INTO Historico_Aluno (id_aluno, id_disciplina, semestre, nota, situacao, id_professor) VALUES (85, 21, '2024/2', 8.42, 'aprovado', 14);
INSERT INTO Historico_Aluno (id_aluno, id_disciplina, semestre, nota, situacao, id_professor) VALUES (85, 12, '2024/2', 5.82, 'aprovado', 4);
INSERT INTO Historico_Aluno (id_aluno, id_disciplina, semestre, nota, situacao, id_professor) VALUES (85, 3, '2024/2', 9.11, 'aprovado', 6);
INSERT INTO Historico_Aluno (id_aluno, id_disciplina, semestre, nota, situacao, id_professor) VALUES (86, 6, '2024/1', 1.89, 'reprovado', 20);
INSERT INTO Historico_Aluno (id_aluno, id_disciplina, semestre, nota, situacao, id_professor) VALUES (86, 9, '2024/1', 6.81, 'aprovado', 15);
INSERT INTO Historico_Aluno (id_aluno, id_disciplina, semestre, nota, situacao, id_professor) VALUES (86, 23, '2024/1', 5.4, 'aprovado', 17);
INSERT INTO Historico_Aluno (id_aluno, id_disciplina, semestre, nota, situacao, id_professor) VALUES (86, 1, '2024/1', 5.7, 'aprovado', 17);
INSERT INTO Historico_Aluno (id_aluno, id_disciplina, semestre, nota, situacao, id_professor) VALUES (86, 8, '2024/1', 3.48, 'reprovado', 17);
INSERT INTO Historico_Aluno (id_aluno, id_disciplina, semestre, nota, situacao, id_professor) VALUES (86, 27, '2025/1', 2.16, 'reprovado', 12);
INSERT INTO Historico_Aluno (id_aluno, id_disciplina, semestre, nota, situacao, id_professor) VALUES (86, 14, '2025/1', 2.35, 'reprovado', 12);
INSERT INTO Historico_Aluno (id_aluno, id_disciplina, semestre, nota, situacao, id_professor) VALUES (86, 8, '2025/1', 6.04, 'aprovado', 12);
INSERT INTO Historico_Aluno (id_aluno, id_disciplina, semestre, nota, situacao, id_professor) VALUES (86, 7, '2025/1', 3.6, 'reprovado', 15);
INSERT INTO Historico_Aluno (id_aluno, id_disciplina, semestre, nota, situacao, id_professor) VALUES (86, 3, '2025/2', 5.27, 'aprovado', 12);
INSERT INTO Historico_Aluno (id_aluno, id_disciplina, semestre, nota, situacao, id_professor) VALUES (86, 29, '2025/2', 4.28, 'reprovado', 11);
INSERT INTO Historico_Aluno (id_aluno, id_disciplina, semestre, nota, situacao, id_professor) VALUES (86, 10, '2025/2', 6.75, 'aprovado', 15);
INSERT INTO Historico_Aluno (id_aluno, id_disciplina, semestre, nota, situacao, id_professor) VALUES (86, 13, '2025/2', 8.12, 'aprovado', 20);
INSERT INTO Historico_Aluno (id_aluno, id_disciplina, semestre, nota, situacao, id_professor) VALUES (86, 6, '2025/2', 6.59, 'aprovado', 15);
INSERT INTO Historico_Aluno (id_aluno, id_disciplina, semestre, nota, situacao, id_professor) VALUES (86, 27, '2025/2', 9.54, 'aprovado', 17);
INSERT INTO Historico_Aluno (id_aluno, id_disciplina, semestre, nota, situacao, id_professor) VALUES (86, 14, '2025/2', 7.6, 'aprovado', 14);
INSERT INTO Historico_Aluno (id_aluno, id_disciplina, semestre, nota, situacao, id_professor) VALUES (86, 7, '2025/2', 6.5, 'aprovado', 10);
INSERT INTO Historico_Aluno (id_aluno, id_disciplina, semestre, nota, situacao, id_professor) VALUES (87, 2, '2022/1', 7.26, 'aprovado', 19);
INSERT INTO Historico_Aluno (id_aluno, id_disciplina, semestre, nota, situacao, id_professor) VALUES (87, 7, '2022/1', 3.67, 'reprovado', 6);
INSERT INTO Historico_Aluno (id_aluno, id_disciplina, semestre, nota, situacao, id_professor) VALUES (87, 14, '2022/1', 0.48, 'reprovado', 6);
INSERT INTO Historico_Aluno (id_aluno, id_disciplina, semestre, nota, situacao, id_professor) VALUES (87, 9, '2022/1', 0.34, 'reprovado', 19);
INSERT INTO Historico_Aluno (id_aluno, id_disciplina, semestre, nota, situacao, id_professor) VALUES (87, 12, '2022/1', 8.68, 'aprovado', 5);
INSERT INTO Historico_Aluno (id_aluno, id_disciplina, semestre, nota, situacao, id_professor) VALUES (87, 4, '2023/1', 5.96, 'aprovado', 19);
INSERT INTO Historico_Aluno (id_aluno, id_disciplina, semestre, nota, situacao, id_professor) VALUES (87, 26, '2023/1', 3.92, 'reprovado', 5);
INSERT INTO Historico_Aluno (id_aluno, id_disciplina, semestre, nota, situacao, id_professor) VALUES (87, 9, '2023/1', 6.21, 'aprovado', 6);
INSERT INTO Historico_Aluno (id_aluno, id_disciplina, semestre, nota, situacao, id_professor) VALUES (87, 8, '2023/1', 2.3, 'reprovado', 19);
INSERT INTO Historico_Aluno (id_aluno, id_disciplina, semestre, nota, situacao, id_professor) VALUES (87, 7, '2023/1', 8.16, 'aprovado', 5);
INSERT INTO Historico_Aluno (id_aluno, id_disciplina, semestre, nota, situacao, id_professor) VALUES (87, 20, '2023/1', 7.16, 'aprovado', 8);
INSERT INTO Historico_Aluno (id_aluno, id_disciplina, semestre, nota, situacao, id_professor) VALUES (87, 24, '2025/1', 7.89, 'aprovado', 6);
INSERT INTO Historico_Aluno (id_aluno, id_disciplina, semestre, nota, situacao, id_professor) VALUES (87, 28, '2025/1', 7.89, 'aprovado', 5);
INSERT INTO Historico_Aluno (id_aluno, id_disciplina, semestre, nota, situacao, id_professor) VALUES (87, 5, '2025/1', 4.16, 'reprovado', 19);
INSERT INTO Historico_Aluno (id_aluno, id_disciplina, semestre, nota, situacao, id_professor) VALUES (87, 27, '2025/1', 2.91, 'reprovado', 6);
INSERT INTO Historico_Aluno (id_aluno, id_disciplina, semestre, nota, situacao, id_professor) VALUES (87, 16, '2025/1', 3.49, 'reprovado', 5);
INSERT INTO Historico_Aluno (id_aluno, id_disciplina, semestre, nota, situacao, id_professor) VALUES (87, 18, '2025/2', 9.54, 'aprovado', 19);
INSERT INTO Historico_Aluno (id_aluno, id_disciplina, semestre, nota, situacao, id_professor) VALUES (87, 23, '2025/2', 2.64, 'reprovado', 19);
INSERT INTO Historico_Aluno (id_aluno, id_disciplina, semestre, nota, situacao, id_professor) VALUES (87, 11, '2025/2', 2.67, 'reprovado', 6);
INSERT INTO Historico_Aluno (id_aluno, id_disciplina, semestre, nota, situacao, id_professor) VALUES (87, 22, '2025/2', 1.56, 'reprovado', 6);
INSERT INTO Historico_Aluno (id_aluno, id_disciplina, semestre, nota, situacao, id_professor) VALUES (87, 14, '2025/2', 5.96, 'aprovado', 19);
INSERT INTO Historico_Aluno (id_aluno, id_disciplina, semestre, nota, situacao, id_professor) VALUES (87, 26, '2025/2', 6.75, 'aprovado', 8);
INSERT INTO Historico_Aluno (id_aluno, id_disciplina, semestre, nota, situacao, id_professor) VALUES (87, 8, '2025/2', 9.69, 'aprovado', 7);
INSERT INTO Historico_Aluno (id_aluno, id_disciplina, semestre, nota, situacao, id_professor) VALUES (87, 5, '2025/2', 6.63, 'aprovado', 9);
INSERT INTO Historico_Aluno (id_aluno, id_disciplina, semestre, nota, situacao, id_professor) VALUES (87, 27, '2025/2', 6.93, 'aprovado', 19);
INSERT INTO Historico_Aluno (id_aluno, id_disciplina, semestre, nota, situacao, id_professor) VALUES (87, 16, '2025/2', 5.01, 'aprovado', 8);
INSERT INTO Historico_Aluno (id_aluno, id_disciplina, semestre, nota, situacao, id_professor) VALUES (88, 7, '2022/2', 8.68, 'aprovado', 16);
INSERT INTO Historico_Aluno (id_aluno, id_disciplina, semestre, nota, situacao, id_professor) VALUES (88, 22, '2022/2', 5.24, 'aprovado', 7);
INSERT INTO Historico_Aluno (id_aluno, id_disciplina, semestre, nota, situacao, id_professor) VALUES (88, 10, '2022/2', 1.97, 'reprovado', 7);
INSERT INTO Historico_Aluno (id_aluno, id_disciplina, semestre, nota, situacao, id_professor) VALUES (88, 19, '2022/2', 7.95, 'aprovado', 1);
INSERT INTO Historico_Aluno (id_aluno, id_disciplina, semestre, nota, situacao, id_professor) VALUES (88, 9, '2022/2', 3.12, 'reprovado', 7);
INSERT INTO Historico_Aluno (id_aluno, id_disciplina, semestre, nota, situacao, id_professor) VALUES (88, 14, '2023/2', 6.94, 'aprovado', 16);
INSERT INTO Historico_Aluno (id_aluno, id_disciplina, semestre, nota, situacao, id_professor) VALUES (88, 21, '2023/2', 4.27, 'reprovado', 4);
INSERT INTO Historico_Aluno (id_aluno, id_disciplina, semestre, nota, situacao, id_professor) VALUES (88, 18, '2023/2', 9.84, 'aprovado', 4);
INSERT INTO Historico_Aluno (id_aluno, id_disciplina, semestre, nota, situacao, id_professor) VALUES (88, 16, '2023/2', 9.91, 'aprovado', 4);
INSERT INTO Historico_Aluno (id_aluno, id_disciplina, semestre, nota, situacao, id_professor) VALUES (88, 6, '2023/2', 2.53, 'reprovado', 1);
INSERT INTO Historico_Aluno (id_aluno, id_disciplina, semestre, nota, situacao, id_professor) VALUES (88, 20, '2025/2', 0.72, 'reprovado', 1);
INSERT INTO Historico_Aluno (id_aluno, id_disciplina, semestre, nota, situacao, id_professor) VALUES (88, 28, '2025/2', 6.9, 'aprovado', 4);
INSERT INTO Historico_Aluno (id_aluno, id_disciplina, semestre, nota, situacao, id_professor) VALUES (88, 1, '2025/2', 7.97, 'aprovado', 16);
INSERT INTO Historico_Aluno (id_aluno, id_disciplina, semestre, nota, situacao, id_professor) VALUES (88, 13, '2025/2', 9.09, 'aprovado', 4);
INSERT INTO Historico_Aluno (id_aluno, id_disciplina, semestre, nota, situacao, id_professor) VALUES (88, 10, '2025/2', 8.75, 'aprovado', 16);
INSERT INTO Historico_Aluno (id_aluno, id_disciplina, semestre, nota, situacao, id_professor) VALUES (88, 17, '2025/2', 4.16, 'reprovado', 7);
INSERT INTO Historico_Aluno (id_aluno, id_disciplina, semestre, nota, situacao, id_professor) VALUES (88, 9, '2025/2', 5.98, 'aprovado', 9);
INSERT INTO Historico_Aluno (id_aluno, id_disciplina, semestre, nota, situacao, id_professor) VALUES (88, 21, '2025/2', 7.61, 'aprovado', 13);
INSERT INTO Historico_Aluno (id_aluno, id_disciplina, semestre, nota, situacao, id_professor) VALUES (88, 6, '2025/2', 9.09, 'aprovado', 18);
INSERT INTO Historico_Aluno (id_aluno, id_disciplina, semestre, nota, situacao, id_professor) VALUES (89, 26, '2022/1', 2.91, 'reprovado', 9);
INSERT INTO Historico_Aluno (id_aluno, id_disciplina, semestre, nota, situacao, id_professor) VALUES (89, 6, '2022/1', 5.23, 'aprovado', 9);
INSERT INTO Historico_Aluno (id_aluno, id_disciplina, semestre, nota, situacao, id_professor) VALUES (89, 7, '2022/1', 9.23, 'aprovado', 9);
INSERT INTO Historico_Aluno (id_aluno, id_disciplina, semestre, nota, situacao, id_professor) VALUES (89, 10, '2022/1', 8.97, 'aprovado', 9);
INSERT INTO Historico_Aluno (id_aluno, id_disciplina, semestre, nota, situacao, id_professor) VALUES (89, 15, '2022/1', 3.67, 'reprovado', 9);
INSERT INTO Historico_Aluno (id_aluno, id_disciplina, semestre, nota, situacao, id_professor) VALUES (89, 25, '2022/1', 2.25, 'reprovado', 9);
INSERT INTO Historico_Aluno (id_aluno, id_disciplina, semestre, nota, situacao, id_professor) VALUES (89, 4, '2024/1', 5.6, 'aprovado', 9);
INSERT INTO Historico_Aluno (id_aluno, id_disciplina, semestre, nota, situacao, id_professor) VALUES (89, 22, '2024/1', 1.93, 'reprovado', 9);
INSERT INTO Historico_Aluno (id_aluno, id_disciplina, semestre, nota, situacao, id_professor) VALUES (89, 16, '2024/1', 3.89, 'reprovado', 9);
INSERT INTO Historico_Aluno (id_aluno, id_disciplina, semestre, nota, situacao, id_professor) VALUES (89, 14, '2024/1', 3.43, 'reprovado', 9);
INSERT INTO Historico_Aluno (id_aluno, id_disciplina, semestre, nota, situacao, id_professor) VALUES (89, 19, '2024/1', 8.13, 'aprovado', 9);
INSERT INTO Historico_Aluno (id_aluno, id_disciplina, semestre, nota, situacao, id_professor) VALUES (89, 26, '2024/1', 8.16, 'aprovado', 16);
INSERT INTO Historico_Aluno (id_aluno, id_disciplina, semestre, nota, situacao, id_professor) VALUES (89, 15, '2024/1', 6.08, 'aprovado', 6);
INSERT INTO Historico_Aluno (id_aluno, id_disciplina, semestre, nota, situacao, id_professor) VALUES (89, 25, '2024/1', 9.93, 'aprovado', 10);
INSERT INTO Historico_Aluno (id_aluno, id_disciplina, semestre, nota, situacao, id_professor) VALUES (90, 22, '2022/1', 1.4, 'reprovado', 10);
INSERT INTO Historico_Aluno (id_aluno, id_disciplina, semestre, nota, situacao, id_professor) VALUES (90, 12, '2022/1', 7.37, 'aprovado', 2);
INSERT INTO Historico_Aluno (id_aluno, id_disciplina, semestre, nota, situacao, id_professor) VALUES (90, 4, '2022/1', 7.55, 'aprovado', 10);
INSERT INTO Historico_Aluno (id_aluno, id_disciplina, semestre, nota, situacao, id_professor) VALUES (90, 25, '2022/1', 3.31, 'reprovado', 10);
INSERT INTO Historico_Aluno (id_aluno, id_disciplina, semestre, nota, situacao, id_professor) VALUES (90, 6, '2022/2', 0.98, 'reprovado', 10);
INSERT INTO Historico_Aluno (id_aluno, id_disciplina, semestre, nota, situacao, id_professor) VALUES (90, 1, '2022/2', 9.89, 'aprovado', 13);
INSERT INTO Historico_Aluno (id_aluno, id_disciplina, semestre, nota, situacao, id_professor) VALUES (90, 21, '2022/2', 4.85, 'reprovado', 13);
INSERT INTO Historico_Aluno (id_aluno, id_disciplina, semestre, nota, situacao, id_professor) VALUES (90, 29, '2022/2', 2.2, 'reprovado', 2);
INSERT INTO Historico_Aluno (id_aluno, id_disciplina, semestre, nota, situacao, id_professor) VALUES (90, 15, '2022/2', 5.82, 'aprovado', 13);
INSERT INTO Historico_Aluno (id_aluno, id_disciplina, semestre, nota, situacao, id_professor) VALUES (90, 14, '2022/2', 5.97, 'aprovado', 10);
INSERT INTO Historico_Aluno (id_aluno, id_disciplina, semestre, nota, situacao, id_professor) VALUES (90, 6, '2023/1', 5.64, 'aprovado', 13);
INSERT INTO Historico_Aluno (id_aluno, id_disciplina, semestre, nota, situacao, id_professor) VALUES (90, 27, '2023/1', 5.33, 'aprovado', 13);
INSERT INTO Historico_Aluno (id_aluno, id_disciplina, semestre, nota, situacao, id_professor) VALUES (90, 8, '2023/1', 3.0, 'reprovado', 13);
INSERT INTO Historico_Aluno (id_aluno, id_disciplina, semestre, nota, situacao, id_professor) VALUES (90, 18, '2023/1', 4.21, 'reprovado', 10);
INSERT INTO Historico_Aluno (id_aluno, id_disciplina, semestre, nota, situacao, id_professor) VALUES (90, 26, '2024/1', 0.13, 'reprovado', 2);
INSERT INTO Historico_Aluno (id_aluno, id_disciplina, semestre, nota, situacao, id_professor) VALUES (90, 17, '2024/1', 6.04, 'aprovado', 2);
INSERT INTO Historico_Aluno (id_aluno, id_disciplina, semestre, nota, situacao, id_professor) VALUES (90, 5, '2024/1', 3.69, 'reprovado', 10);
INSERT INTO Historico_Aluno (id_aluno, id_disciplina, semestre, nota, situacao, id_professor) VALUES (90, 30, '2024/1', 0.18, 'reprovado', 14);
INSERT INTO Historico_Aluno (id_aluno, id_disciplina, semestre, nota, situacao, id_professor) VALUES (90, 19, '2024/1', 3.62, 'reprovado', 2);
INSERT INTO Historico_Aluno (id_aluno, id_disciplina, semestre, nota, situacao, id_professor) VALUES (90, 22, '2024/1', 8.12, 'aprovado', 16);
INSERT INTO Historico_Aluno (id_aluno, id_disciplina, semestre, nota, situacao, id_professor) VALUES (90, 25, '2024/1', 7.74, 'aprovado', 14);
INSERT INTO Historico_Aluno (id_aluno, id_disciplina, semestre, nota, situacao, id_professor) VALUES (90, 21, '2024/1', 6.52, 'aprovado', 2);
INSERT INTO Historico_Aluno (id_aluno, id_disciplina, semestre, nota, situacao, id_professor) VALUES (90, 29, '2024/1', 8.2, 'aprovado', 9);
INSERT INTO Historico_Aluno (id_aluno, id_disciplina, semestre, nota, situacao, id_professor) VALUES (90, 8, '2024/1', 9.1, 'aprovado', 18);
INSERT INTO Historico_Aluno (id_aluno, id_disciplina, semestre, nota, situacao, id_professor) VALUES (90, 18, '2024/1', 8.57, 'aprovado', 19);
INSERT INTO Historico_Aluno (id_aluno, id_disciplina, semestre, nota, situacao, id_professor) VALUES (91, 7, '2022/1', 8.06, 'aprovado', 9);
INSERT INTO Historico_Aluno (id_aluno, id_disciplina, semestre, nota, situacao, id_professor) VALUES (91, 8, '2022/1', 0.22, 'reprovado', 9);
INSERT INTO Historico_Aluno (id_aluno, id_disciplina, semestre, nota, situacao, id_professor) VALUES (91, 12, '2022/1', 7.56, 'aprovado', 9);
INSERT INTO Historico_Aluno (id_aluno, id_disciplina, semestre, nota, situacao, id_professor) VALUES (91, 17, '2022/1', 2.38, 'reprovado', 9);
INSERT INTO Historico_Aluno (id_aluno, id_disciplina, semestre, nota, situacao, id_professor) VALUES (91, 10, '2022/1', 4.93, 'reprovado', 9);
INSERT INTO Historico_Aluno (id_aluno, id_disciplina, semestre, nota, situacao, id_professor) VALUES (91, 9, '2022/1', 9.83, 'aprovado', 9);
INSERT INTO Historico_Aluno (id_aluno, id_disciplina, semestre, nota, situacao, id_professor) VALUES (91, 20, '2025/2', 4.42, 'reprovado', 9);
INSERT INTO Historico_Aluno (id_aluno, id_disciplina, semestre, nota, situacao, id_professor) VALUES (91, 28, '2025/2', 5.4, 'aprovado', 9);
INSERT INTO Historico_Aluno (id_aluno, id_disciplina, semestre, nota, situacao, id_professor) VALUES (91, 23, '2025/2', 3.39, 'reprovado', 9);
INSERT INTO Historico_Aluno (id_aluno, id_disciplina, semestre, nota, situacao, id_professor) VALUES (91, 6, '2025/2', 3.1, 'reprovado', 9);
INSERT INTO Historico_Aluno (id_aluno, id_disciplina, semestre, nota, situacao, id_professor) VALUES (91, 4, '2025/2', 4.58, 'reprovado', 9);
INSERT INTO Historico_Aluno (id_aluno, id_disciplina, semestre, nota, situacao, id_professor) VALUES (91, 8, '2025/2', 6.88, 'aprovado', 19);
INSERT INTO Historico_Aluno (id_aluno, id_disciplina, semestre, nota, situacao, id_professor) VALUES (91, 17, '2025/2', 7.03, 'aprovado', 12);
INSERT INTO Historico_Aluno (id_aluno, id_disciplina, semestre, nota, situacao, id_professor) VALUES (91, 10, '2025/2', 6.61, 'aprovado', 16);
INSERT INTO Historico_Aluno (id_aluno, id_disciplina, semestre, nota, situacao, id_professor) VALUES (92, 23, '2022/1', 5.45, 'aprovado', 3);
INSERT INTO Historico_Aluno (id_aluno, id_disciplina, semestre, nota, situacao, id_professor) VALUES (92, 4, '2022/1', 3.23, 'reprovado', 17);
INSERT INTO Historico_Aluno (id_aluno, id_disciplina, semestre, nota, situacao, id_professor) VALUES (92, 26, '2022/1', 1.58, 'reprovado', 11);
INSERT INTO Historico_Aluno (id_aluno, id_disciplina, semestre, nota, situacao, id_professor) VALUES (92, 14, '2022/1', 1.74, 'reprovado', 20);
INSERT INTO Historico_Aluno (id_aluno, id_disciplina, semestre, nota, situacao, id_professor) VALUES (92, 28, '2022/1', 0.48, 'reprovado', 17);
INSERT INTO Historico_Aluno (id_aluno, id_disciplina, semestre, nota, situacao, id_professor) VALUES (92, 7, '2022/1', 4.25, 'reprovado', 18);
INSERT INTO Historico_Aluno (id_aluno, id_disciplina, semestre, nota, situacao, id_professor) VALUES (92, 20, '2023/1', 9.3, 'aprovado', 12);
INSERT INTO Historico_Aluno (id_aluno, id_disciplina, semestre, nota, situacao, id_professor) VALUES (92, 14, '2023/1', 6.01, 'aprovado', 20);
INSERT INTO Historico_Aluno (id_aluno, id_disciplina, semestre, nota, situacao, id_professor) VALUES (92, 16, '2023/1', 8.68, 'aprovado', 18);
INSERT INTO Historico_Aluno (id_aluno, id_disciplina, semestre, nota, situacao, id_professor) VALUES (92, 26, '2023/1', 5.18, 'aprovado', 3);
INSERT INTO Historico_Aluno (id_aluno, id_disciplina, semestre, nota, situacao, id_professor) VALUES (92, 17, '2023/1', 4.03, 'reprovado', 3);
INSERT INTO Historico_Aluno (id_aluno, id_disciplina, semestre, nota, situacao, id_professor) VALUES (92, 10, '2025/2', 3.25, 'reprovado', 15);
INSERT INTO Historico_Aluno (id_aluno, id_disciplina, semestre, nota, situacao, id_professor) VALUES (92, 27, '2025/2', 6.58, 'aprovado', 11);
INSERT INTO Historico_Aluno (id_aluno, id_disciplina, semestre, nota, situacao, id_professor) VALUES (92, 8, '2025/2', 0.74, 'reprovado', 17);
INSERT INTO Historico_Aluno (id_aluno, id_disciplina, semestre, nota, situacao, id_professor) VALUES (92, 21, '2025/2', 9.11, 'aprovado', 18);
INSERT INTO Historico_Aluno (id_aluno, id_disciplina, semestre, nota, situacao, id_professor) VALUES (92, 4, '2025/2', 9.16, 'aprovado', 9);
INSERT INTO Historico_Aluno (id_aluno, id_disciplina, semestre, nota, situacao, id_professor) VALUES (92, 28, '2025/2', 8.77, 'aprovado', 4);
INSERT INTO Historico_Aluno (id_aluno, id_disciplina, semestre, nota, situacao, id_professor) VALUES (92, 7, '2025/2', 5.7, 'aprovado', 2);
INSERT INTO Historico_Aluno (id_aluno, id_disciplina, semestre, nota, situacao, id_professor) VALUES (92, 17, '2025/2', 9.98, 'aprovado', 20);
INSERT INTO Historico_Aluno (id_aluno, id_disciplina, semestre, nota, situacao, id_professor) VALUES (93, 5, '2022/2', 9.97, 'aprovado', 20);
INSERT INTO Historico_Aluno (id_aluno, id_disciplina, semestre, nota, situacao, id_professor) VALUES (93, 11, '2022/2', 0.43, 'reprovado', 15);
INSERT INTO Historico_Aluno (id_aluno, id_disciplina, semestre, nota, situacao, id_professor) VALUES (93, 29, '2022/2', 0.71, 'reprovado', 15);
INSERT INTO Historico_Aluno (id_aluno, id_disciplina, semestre, nota, situacao, id_professor) VALUES (93, 3, '2022/2', 5.73, 'aprovado', 12);
INSERT INTO Historico_Aluno (id_aluno, id_disciplina, semestre, nota, situacao, id_professor) VALUES (93, 6, '2022/2', 5.71, 'aprovado', 12);
INSERT INTO Historico_Aluno (id_aluno, id_disciplina, semestre, nota, situacao, id_professor) VALUES (93, 20, '2022/2', 5.57, 'aprovado', 15);
INSERT INTO Historico_Aluno (id_aluno, id_disciplina, semestre, nota, situacao, id_professor) VALUES (93, 25, '2023/1', 1.38, 'reprovado', 11);
INSERT INTO Historico_Aluno (id_aluno, id_disciplina, semestre, nota, situacao, id_professor) VALUES (93, 10, '2023/1', 0.32, 'reprovado', 18);
INSERT INTO Historico_Aluno (id_aluno, id_disciplina, semestre, nota, situacao, id_professor) VALUES (93, 2, '2023/1', 3.49, 'reprovado', 17);
INSERT INTO Historico_Aluno (id_aluno, id_disciplina, semestre, nota, situacao, id_professor) VALUES (93, 19, '2023/1', 0.53, 'reprovado', 17);
INSERT INTO Historico_Aluno (id_aluno, id_disciplina, semestre, nota, situacao, id_professor) VALUES (93, 12, '2023/1', 5.81, 'aprovado', 20);
INSERT INTO Historico_Aluno (id_aluno, id_disciplina, semestre, nota, situacao, id_professor) VALUES (93, 8, '2023/1', 0.3, 'reprovado', 17);
INSERT INTO Historico_Aluno (id_aluno, id_disciplina, semestre, nota, situacao, id_professor) VALUES (93, 11, '2023/1', 5.03, 'aprovado', 5);
INSERT INTO Historico_Aluno (id_aluno, id_disciplina, semestre, nota, situacao, id_professor) VALUES (93, 29, '2023/1', 7.57, 'aprovado', 12);
INSERT INTO Historico_Aluno (id_aluno, id_disciplina, semestre, nota, situacao, id_professor) VALUES (94, 2, '2022/2', 4.96, 'reprovado', 18);
INSERT INTO Historico_Aluno (id_aluno, id_disciplina, semestre, nota, situacao, id_professor) VALUES (94, 7, '2022/2', 1.58, 'reprovado', 18);
INSERT INTO Historico_Aluno (id_aluno, id_disciplina, semestre, nota, situacao, id_professor) VALUES (94, 26, '2022/2', 7.12, 'aprovado', 12);
INSERT INTO Historico_Aluno (id_aluno, id_disciplina, semestre, nota, situacao, id_professor) VALUES (94, 30, '2022/2', 3.74, 'reprovado', 15);
INSERT INTO Historico_Aluno (id_aluno, id_disciplina, semestre, nota, situacao, id_professor) VALUES (94, 29, '2022/2', 2.5, 'reprovado', 11);
INSERT INTO Historico_Aluno (id_aluno, id_disciplina, semestre, nota, situacao, id_professor) VALUES (94, 9, '2022/2', 5.91, 'aprovado', 20);
INSERT INTO Historico_Aluno (id_aluno, id_disciplina, semestre, nota, situacao, id_professor) VALUES (94, 11, '2023/1', 1.19, 'reprovado', 15);
INSERT INTO Historico_Aluno (id_aluno, id_disciplina, semestre, nota, situacao, id_professor) VALUES (94, 17, '2023/1', 5.2, 'aprovado', 11);
INSERT INTO Historico_Aluno (id_aluno, id_disciplina, semestre, nota, situacao, id_professor) VALUES (94, 30, '2023/1', 7.14, 'aprovado', 15);
INSERT INTO Historico_Aluno (id_aluno, id_disciplina, semestre, nota, situacao, id_professor) VALUES (94, 12, '2023/1', 5.47, 'aprovado', 17);
INSERT INTO Historico_Aluno (id_aluno, id_disciplina, semestre, nota, situacao, id_professor) VALUES (94, 29, '2025/1', 6.1, 'aprovado', 3);
INSERT INTO Historico_Aluno (id_aluno, id_disciplina, semestre, nota, situacao, id_professor) VALUES (94, 18, '2025/1', 1.91, 'reprovado', 18);
INSERT INTO Historico_Aluno (id_aluno, id_disciplina, semestre, nota, situacao, id_professor) VALUES (94, 25, '2025/1', 7.5, 'aprovado', 18);
INSERT INTO Historico_Aluno (id_aluno, id_disciplina, semestre, nota, situacao, id_professor) VALUES (94, 7, '2025/1', 7.75, 'aprovado', 11);
INSERT INTO Historico_Aluno (id_aluno, id_disciplina, semestre, nota, situacao, id_professor) VALUES (94, 2, '2025/1', 6.69, 'aprovado', 15);
INSERT INTO Historico_Aluno (id_aluno, id_disciplina, semestre, nota, situacao, id_professor) VALUES (94, 14, '2025/1', 7.75, 'aprovado', 11);
INSERT INTO Historico_Aluno (id_aluno, id_disciplina, semestre, nota, situacao, id_professor) VALUES (94, 11, '2025/1', 7.74, 'aprovado', 7);
INSERT INTO Historico_Aluno (id_aluno, id_disciplina, semestre, nota, situacao, id_professor) VALUES (95, 28, '2022/1', 6.91, 'aprovado', 14);
INSERT INTO Historico_Aluno (id_aluno, id_disciplina, semestre, nota, situacao, id_professor) VALUES (95, 20, '2022/1', 2.22, 'reprovado', 13);
INSERT INTO Historico_Aluno (id_aluno, id_disciplina, semestre, nota, situacao, id_professor) VALUES (95, 30, '2022/1', 7.84, 'aprovado', 14);
INSERT INTO Historico_Aluno (id_aluno, id_disciplina, semestre, nota, situacao, id_professor) VALUES (95, 15, '2022/1', 2.59, 'reprovado', 10);
INSERT INTO Historico_Aluno (id_aluno, id_disciplina, semestre, nota, situacao, id_professor) VALUES (95, 2, '2022/1', 5.33, 'aprovado', 13);
INSERT INTO Historico_Aluno (id_aluno, id_disciplina, semestre, nota, situacao, id_professor) VALUES (95, 15, '2022/2', 9.24, 'aprovado', 2);
INSERT INTO Historico_Aluno (id_aluno, id_disciplina, semestre, nota, situacao, id_professor) VALUES (95, 16, '2022/2', 0.18, 'reprovado', 2);
INSERT INTO Historico_Aluno (id_aluno, id_disciplina, semestre, nota, situacao, id_professor) VALUES (95, 21, '2022/2', 2.8, 'reprovado', 13);
INSERT INTO Historico_Aluno (id_aluno, id_disciplina, semestre, nota, situacao, id_professor) VALUES (95, 14, '2022/2', 0.29, 'reprovado', 13);
INSERT INTO Historico_Aluno (id_aluno, id_disciplina, semestre, nota, situacao, id_professor) VALUES (95, 11, '2022/2', 8.15, 'aprovado', 13);
INSERT INTO Historico_Aluno (id_aluno, id_disciplina, semestre, nota, situacao, id_professor) VALUES (95, 6, '2022/2', 7.15, 'aprovado', 2);
INSERT INTO Historico_Aluno (id_aluno, id_disciplina, semestre, nota, situacao, id_professor) VALUES (95, 24, '2025/2', 4.88, 'reprovado', 14);
INSERT INTO Historico_Aluno (id_aluno, id_disciplina, semestre, nota, situacao, id_professor) VALUES (95, 22, '2025/2', 8.4, 'aprovado', 14);
INSERT INTO Historico_Aluno (id_aluno, id_disciplina, semestre, nota, situacao, id_professor) VALUES (95, 10, '2025/2', 8.76, 'aprovado', 14);
INSERT INTO Historico_Aluno (id_aluno, id_disciplina, semestre, nota, situacao, id_professor) VALUES (95, 17, '2025/2', 0.63, 'reprovado', 13);
INSERT INTO Historico_Aluno (id_aluno, id_disciplina, semestre, nota, situacao, id_professor) VALUES (95, 20, '2025/2', 7.69, 'aprovado', 13);
INSERT INTO Historico_Aluno (id_aluno, id_disciplina, semestre, nota, situacao, id_professor) VALUES (95, 16, '2025/2', 8.21, 'aprovado', 16);
INSERT INTO Historico_Aluno (id_aluno, id_disciplina, semestre, nota, situacao, id_professor) VALUES (95, 21, '2025/2', 7.18, 'aprovado', 15);
INSERT INTO Historico_Aluno (id_aluno, id_disciplina, semestre, nota, situacao, id_professor) VALUES (95, 14, '2025/2', 9.43, 'aprovado', 13);
INSERT INTO Historico_Aluno (id_aluno, id_disciplina, semestre, nota, situacao, id_professor) VALUES (96, 19, '2023/2', 8.71, 'aprovado', 17);
INSERT INTO Historico_Aluno (id_aluno, id_disciplina, semestre, nota, situacao, id_professor) VALUES (96, 28, '2023/2', 5.08, 'aprovado', 3);
INSERT INTO Historico_Aluno (id_aluno, id_disciplina, semestre, nota, situacao, id_professor) VALUES (96, 2, '2023/2', 6.13, 'aprovado', 20);
INSERT INTO Historico_Aluno (id_aluno, id_disciplina, semestre, nota, situacao, id_professor) VALUES (96, 5, '2023/2', 2.31, 'reprovado', 18);
INSERT INTO Historico_Aluno (id_aluno, id_disciplina, semestre, nota, situacao, id_professor) VALUES (96, 18, '2023/2', 9.59, 'aprovado', 20);
INSERT INTO Historico_Aluno (id_aluno, id_disciplina, semestre, nota, situacao, id_professor) VALUES (96, 8, '2023/2', 6.76, 'aprovado', 3);
INSERT INTO Historico_Aluno (id_aluno, id_disciplina, semestre, nota, situacao, id_professor) VALUES (96, 30, '2024/1', 9.34, 'aprovado', 3);
INSERT INTO Historico_Aluno (id_aluno, id_disciplina, semestre, nota, situacao, id_professor) VALUES (96, 23, '2024/1', 5.38, 'aprovado', 3);
INSERT INTO Historico_Aluno (id_aluno, id_disciplina, semestre, nota, situacao, id_professor) VALUES (96, 11, '2024/1', 9.27, 'aprovado', 12);
INSERT INTO Historico_Aluno (id_aluno, id_disciplina, semestre, nota, situacao, id_professor) VALUES (96, 14, '2024/1', 5.51, 'aprovado', 15);
INSERT INTO Historico_Aluno (id_aluno, id_disciplina, semestre, nota, situacao, id_professor) VALUES (96, 21, '2024/1', 2.41, 'reprovado', 17);
INSERT INTO Historico_Aluno (id_aluno, id_disciplina, semestre, nota, situacao, id_professor) VALUES (96, 5, '2024/1', 9.3, 'aprovado', 9);
INSERT INTO Historico_Aluno (id_aluno, id_disciplina, semestre, nota, situacao, id_professor) VALUES (97, 17, '2022/2', 5.21, 'aprovado', 2);
INSERT INTO Historico_Aluno (id_aluno, id_disciplina, semestre, nota, situacao, id_professor) VALUES (97, 1, '2022/2', 4.31, 'reprovado', 14);
INSERT INTO Historico_Aluno (id_aluno, id_disciplina, semestre, nota, situacao, id_professor) VALUES (97, 23, '2022/2', 0.02, 'reprovado', 14);
INSERT INTO Historico_Aluno (id_aluno, id_disciplina, semestre, nota, situacao, id_professor) VALUES (97, 14, '2022/2', 4.68, 'reprovado', 14);
INSERT INTO Historico_Aluno (id_aluno, id_disciplina, semestre, nota, situacao, id_professor) VALUES (97, 13, '2022/2', 4.76, 'reprovado', 14);
INSERT INTO Historico_Aluno (id_aluno, id_disciplina, semestre, nota, situacao, id_professor) VALUES (97, 24, '2022/2', 6.83, 'aprovado', 14);
INSERT INTO Historico_Aluno (id_aluno, id_disciplina, semestre, nota, situacao, id_professor) VALUES (97, 10, '2024/2', 9.73, 'aprovado', 10);
INSERT INTO Historico_Aluno (id_aluno, id_disciplina, semestre, nota, situacao, id_professor) VALUES (97, 13, '2024/2', 8.3, 'aprovado', 10);
INSERT INTO Historico_Aluno (id_aluno, id_disciplina, semestre, nota, situacao, id_professor) VALUES (97, 8, '2024/2', 5.09, 'aprovado', 14);
INSERT INTO Historico_Aluno (id_aluno, id_disciplina, semestre, nota, situacao, id_professor) VALUES (97, 21, '2024/2', 8.8, 'aprovado', 13);
INSERT INTO Historico_Aluno (id_aluno, id_disciplina, semestre, nota, situacao, id_professor) VALUES (97, 14, '2024/2', 8.37, 'aprovado', 14);
INSERT INTO Historico_Aluno (id_aluno, id_disciplina, semestre, nota, situacao, id_professor) VALUES (97, 19, '2024/2', 7.91, 'aprovado', 10);
INSERT INTO Historico_Aluno (id_aluno, id_disciplina, semestre, nota, situacao, id_professor) VALUES (97, 1, '2024/2', 8.18, 'aprovado', 7);
INSERT INTO Historico_Aluno (id_aluno, id_disciplina, semestre, nota, situacao, id_professor) VALUES (97, 23, '2024/2', 7.4, 'aprovado', 19);
INSERT INTO Historico_Aluno (id_aluno, id_disciplina, semestre, nota, situacao, id_professor) VALUES (98, 4, '2023/1', 5.74, 'aprovado', 9);
INSERT INTO Historico_Aluno (id_aluno, id_disciplina, semestre, nota, situacao, id_professor) VALUES (98, 7, '2023/1', 6.26, 'aprovado', 9);
INSERT INTO Historico_Aluno (id_aluno, id_disciplina, semestre, nota, situacao, id_professor) VALUES (98, 18, '2023/1', 3.45, 'reprovado', 9);
INSERT INTO Historico_Aluno (id_aluno, id_disciplina, semestre, nota, situacao, id_professor) VALUES (98, 10, '2023/1', 7.64, 'aprovado', 9);
INSERT INTO Historico_Aluno (id_aluno, id_disciplina, semestre, nota, situacao, id_professor) VALUES (98, 8, '2023/1', 1.31, 'reprovado', 9);
INSERT INTO Historico_Aluno (id_aluno, id_disciplina, semestre, nota, situacao, id_professor) VALUES (98, 1, '2023/2', 1.5, 'reprovado', 9);
INSERT INTO Historico_Aluno (id_aluno, id_disciplina, semestre, nota, situacao, id_professor) VALUES (98, 2, '2023/2', 3.82, 'reprovado', 9);
INSERT INTO Historico_Aluno (id_aluno, id_disciplina, semestre, nota, situacao, id_professor) VALUES (98, 15, '2023/2', 3.4, 'reprovado', 9);
INSERT INTO Historico_Aluno (id_aluno, id_disciplina, semestre, nota, situacao, id_professor) VALUES (98, 29, '2023/2', 5.96, 'aprovado', 9);
INSERT INTO Historico_Aluno (id_aluno, id_disciplina, semestre, nota, situacao, id_professor) VALUES (98, 12, '2024/2', 6.06, 'aprovado', 9);
INSERT INTO Historico_Aluno (id_aluno, id_disciplina, semestre, nota, situacao, id_professor) VALUES (98, 19, '2024/2', 9.16, 'aprovado', 9);
INSERT INTO Historico_Aluno (id_aluno, id_disciplina, semestre, nota, situacao, id_professor) VALUES (98, 25, '2024/2', 5.19, 'aprovado', 9);
INSERT INTO Historico_Aluno (id_aluno, id_disciplina, semestre, nota, situacao, id_professor) VALUES (98, 18, '2024/2', 5.77, 'aprovado', 9);
INSERT INTO Historico_Aluno (id_aluno, id_disciplina, semestre, nota, situacao, id_professor) VALUES (98, 26, '2024/2', 4.57, 'reprovado', 9);
INSERT INTO Historico_Aluno (id_aluno, id_disciplina, semestre, nota, situacao, id_professor) VALUES (98, 8, '2024/2', 9.61, 'aprovado', 20);
INSERT INTO Historico_Aluno (id_aluno, id_disciplina, semestre, nota, situacao, id_professor) VALUES (98, 1, '2024/2', 5.82, 'aprovado', 15);
INSERT INTO Historico_Aluno (id_aluno, id_disciplina, semestre, nota, situacao, id_professor) VALUES (98, 2, '2024/2', 8.33, 'aprovado', 4);
INSERT INTO Historico_Aluno (id_aluno, id_disciplina, semestre, nota, situacao, id_professor) VALUES (98, 15, '2024/2', 9.37, 'aprovado', 9);
INSERT INTO Historico_Aluno (id_aluno, id_disciplina, semestre, nota, situacao, id_professor) VALUES (99, 4, '2023/1', 4.25, 'reprovado', 18);
INSERT INTO Historico_Aluno (id_aluno, id_disciplina, semestre, nota, situacao, id_professor) VALUES (99, 26, '2023/1', 10.0, 'aprovado', 12);
INSERT INTO Historico_Aluno (id_aluno, id_disciplina, semestre, nota, situacao, id_professor) VALUES (99, 5, '2023/1', 5.75, 'aprovado', 18);
INSERT INTO Historico_Aluno (id_aluno, id_disciplina, semestre, nota, situacao, id_professor) VALUES (99, 15, '2023/1', 3.3, 'reprovado', 20);
INSERT INTO Historico_Aluno (id_aluno, id_disciplina, semestre, nota, situacao, id_professor) VALUES (99, 27, '2023/2', 6.35, 'aprovado', 11);
INSERT INTO Historico_Aluno (id_aluno, id_disciplina, semestre, nota, situacao, id_professor) VALUES (99, 22, '2023/2', 7.71, 'aprovado', 11);
INSERT INTO Historico_Aluno (id_aluno, id_disciplina, semestre, nota, situacao, id_professor) VALUES (99, 29, '2023/2', 3.25, 'reprovado', 20);
INSERT INTO Historico_Aluno (id_aluno, id_disciplina, semestre, nota, situacao, id_professor) VALUES (99, 7, '2023/2', 3.78, 'reprovado', 3);
INSERT INTO Historico_Aluno (id_aluno, id_disciplina, semestre, nota, situacao, id_professor) VALUES (99, 29, '2024/2', 8.66, 'aprovado', 3);
INSERT INTO Historico_Aluno (id_aluno, id_disciplina, semestre, nota, situacao, id_professor) VALUES (99, 12, '2024/2', 1.07, 'reprovado', 12);
INSERT INTO Historico_Aluno (id_aluno, id_disciplina, semestre, nota, situacao, id_professor) VALUES (99, 13, '2024/2', 4.67, 'reprovado', 15);
INSERT INTO Historico_Aluno (id_aluno, id_disciplina, semestre, nota, situacao, id_professor) VALUES (99, 30, '2024/2', 8.48, 'aprovado', 12);
INSERT INTO Historico_Aluno (id_aluno, id_disciplina, semestre, nota, situacao, id_professor) VALUES (99, 28, '2025/1', 2.33, 'reprovado', 3);
INSERT INTO Historico_Aluno (id_aluno, id_disciplina, semestre, nota, situacao, id_professor) VALUES (99, 9, '2025/1', 2.6, 'reprovado', 12);
INSERT INTO Historico_Aluno (id_aluno, id_disciplina, semestre, nota, situacao, id_professor) VALUES (99, 14, '2025/1', 7.44, 'aprovado', 18);
INSERT INTO Historico_Aluno (id_aluno, id_disciplina, semestre, nota, situacao, id_professor) VALUES (99, 6, '2025/1', 0.07, 'reprovado', 12);
INSERT INTO Historico_Aluno (id_aluno, id_disciplina, semestre, nota, situacao, id_professor) VALUES (99, 23, '2025/1', 9.6, 'aprovado', 15);
INSERT INTO Historico_Aluno (id_aluno, id_disciplina, semestre, nota, situacao, id_professor) VALUES (99, 4, '2025/1', 6.7, 'aprovado', 20);
INSERT INTO Historico_Aluno (id_aluno, id_disciplina, semestre, nota, situacao, id_professor) VALUES (99, 15, '2025/1', 5.96, 'aprovado', 4);
INSERT INTO Historico_Aluno (id_aluno, id_disciplina, semestre, nota, situacao, id_professor) VALUES (99, 7, '2025/1', 5.11, 'aprovado', 16);
INSERT INTO Historico_Aluno (id_aluno, id_disciplina, semestre, nota, situacao, id_professor) VALUES (99, 12, '2025/1', 7.79, 'aprovado', 13);
INSERT INTO Historico_Aluno (id_aluno, id_disciplina, semestre, nota, situacao, id_professor) VALUES (99, 13, '2025/1', 7.65, 'aprovado', 9);
INSERT INTO Historico_Aluno (id_aluno, id_disciplina, semestre, nota, situacao, id_professor) VALUES (100, 29, '2022/2', 9.81, 'aprovado', 10);
INSERT INTO Historico_Aluno (id_aluno, id_disciplina, semestre, nota, situacao, id_professor) VALUES (100, 3, '2022/2', 6.31, 'aprovado', 14);
INSERT INTO Historico_Aluno (id_aluno, id_disciplina, semestre, nota, situacao, id_professor) VALUES (100, 1, '2022/2', 7.96, 'aprovado', 10);
INSERT INTO Historico_Aluno (id_aluno, id_disciplina, semestre, nota, situacao, id_professor) VALUES (100, 23, '2022/2', 3.19, 'reprovado', 2);
INSERT INTO Historico_Aluno (id_aluno, id_disciplina, semestre, nota, situacao, id_professor) VALUES (100, 19, '2022/2', 8.27, 'aprovado', 14);
INSERT INTO Historico_Aluno (id_aluno, id_disciplina, semestre, nota, situacao, id_professor) VALUES (100, 16, '2025/1', 9.58, 'aprovado', 14);
INSERT INTO Historico_Aluno (id_aluno, id_disciplina, semestre, nota, situacao, id_professor) VALUES (100, 14, '2025/1', 0.85, 'reprovado', 2);
INSERT INTO Historico_Aluno (id_aluno, id_disciplina, semestre, nota, situacao, id_professor) VALUES (100, 21, '2025/1', 7.18, 'aprovado', 10);
INSERT INTO Historico_Aluno (id_aluno, id_disciplina, semestre, nota, situacao, id_professor) VALUES (100, 27, '2025/1', 4.37, 'reprovado', 10);
INSERT INTO Historico_Aluno (id_aluno, id_disciplina, semestre, nota, situacao, id_professor) VALUES (100, 23, '2025/1', 8.15, 'aprovado', 10);
INSERT INTO TCC (id_tcc, titulo, id_orientador) VALUES (1, 'Architecto nam suscipit eum blanditiis quas neque.', 18);
INSERT INTO TCC (id_tcc, titulo, id_orientador) VALUES (2, 'Libero a dignissimos totam veritatis.', 15);
INSERT INTO TCC (id_tcc, titulo, id_orientador) VALUES (3, 'Unde distinctio ratione distinctio enim incidunt.', 17);
INSERT INTO TCC (id_tcc, titulo, id_orientador) VALUES (4, 'Eius iste repellat.', 10);
INSERT INTO TCC (id_tcc, titulo, id_orientador) VALUES (5, 'Ipsa provident voluptatibus amet.', 6);
INSERT INTO TCC (id_tcc, titulo, id_orientador) VALUES (6, 'Facilis molestiae consequuntur.', 13);
INSERT INTO TCC (id_tcc, titulo, id_orientador) VALUES (7, 'Voluptates ex facilis dolorem libero.', 5);
INSERT INTO TCC (id_tcc, titulo, id_orientador) VALUES (8, 'Recusandae inventore assumenda impedit illum iste quia.', 18);
INSERT INTO TCC (id_tcc, titulo, id_orientador) VALUES (9, 'Sequi enim error eos quae similique.', 15);
INSERT INTO TCC (id_tcc, titulo, id_orientador) VALUES (10, 'Temporibus veniam inventore eius cumque accusantium dolore qui.', 5);
INSERT INTO TCC (id_tcc, titulo, id_orientador) VALUES (11, 'Culpa excepturi ipsum ea.', 14);
INSERT INTO TCC (id_tcc, titulo, id_orientador) VALUES (12, 'Veniam quas aspernatur magni optio et.', 16);
INSERT INTO TCC (id_tcc, titulo, id_orientador) VALUES (13, 'Nesciunt quaerat distinctio doloremque eaque ea.', 3);
INSERT INTO TCC (id_tcc, titulo, id_orientador) VALUES (14, 'Veritatis voluptatibus vero officiis dolores qui alias.', 15);
INSERT INTO TCC (id_tcc, titulo, id_orientador) VALUES (15, 'Perspiciatis in velit voluptatum nihil vero.', 2);
INSERT INTO TCC (id_tcc, titulo, id_orientador) VALUES (16, 'Quibusdam cupiditate sit odit provident.', 19);
INSERT INTO TCC (id_tcc, titulo, id_orientador) VALUES (17, 'Sapiente beatae ad dolor.', 12);
INSERT INTO TCC (id_tcc, titulo, id_orientador) VALUES (18, 'Blanditiis quo blanditiis repellendus.', 12);
INSERT INTO TCC (id_tcc, titulo, id_orientador) VALUES (19, 'Totam adipisci dolor velit dolore facilis.', 4);
INSERT INTO TCC (id_tcc, titulo, id_orientador) VALUES (20, 'Debitis nam illo blanditiis quis ab sunt.', 12);
INSERT INTO Aluno_TCC (id_tcc, id_aluno) VALUES (1, 86);
INSERT INTO Aluno_TCC (id_tcc, id_aluno) VALUES (1, 89);
INSERT INTO Aluno_TCC (id_tcc, id_aluno) VALUES (1, 17);
INSERT INTO Aluno_TCC (id_tcc, id_aluno) VALUES (1, 49);
INSERT INTO Aluno_TCC (id_tcc, id_aluno) VALUES (2, 42);
INSERT INTO Aluno_TCC (id_tcc, id_aluno) VALUES (2, 14);
INSERT INTO Aluno_TCC (id_tcc, id_aluno) VALUES (2, 38);
INSERT INTO Aluno_TCC (id_tcc, id_aluno) VALUES (3, 73);
INSERT INTO Aluno_TCC (id_tcc, id_aluno) VALUES (4, 23);
INSERT INTO Aluno_TCC (id_tcc, id_aluno) VALUES (4, 58);
INSERT INTO Aluno_TCC (id_tcc, id_aluno) VALUES (4, 41);
INSERT INTO Aluno_TCC (id_tcc, id_aluno) VALUES (4, 56);
INSERT INTO Aluno_TCC (id_tcc, id_aluno) VALUES (5, 99);
INSERT INTO Aluno_TCC (id_tcc, id_aluno) VALUES (5, 75);
INSERT INTO Aluno_TCC (id_tcc, id_aluno) VALUES (5, 70);
INSERT INTO Aluno_TCC (id_tcc, id_aluno) VALUES (5, 45);
INSERT INTO Aluno_TCC (id_tcc, id_aluno) VALUES (5, 11);
INSERT INTO Aluno_TCC (id_tcc, id_aluno) VALUES (6, 65);
INSERT INTO Aluno_TCC (id_tcc, id_aluno) VALUES (6, 62);
INSERT INTO Aluno_TCC (id_tcc, id_aluno) VALUES (7, 79);
INSERT INTO Aluno_TCC (id_tcc, id_aluno) VALUES (8, 19);
INSERT INTO Aluno_TCC (id_tcc, id_aluno) VALUES (8, 53);
INSERT INTO Aluno_TCC (id_tcc, id_aluno) VALUES (9, 63);
INSERT INTO Aluno_TCC (id_tcc, id_aluno) VALUES (9, 81);
INSERT INTO Aluno_TCC (id_tcc, id_aluno) VALUES (10, 29);
INSERT INTO Aluno_TCC (id_tcc, id_aluno) VALUES (10, 83);
INSERT INTO Aluno_TCC (id_tcc, id_aluno) VALUES (10, 20);
INSERT INTO Aluno_TCC (id_tcc, id_aluno) VALUES (11, 2);
INSERT INTO Aluno_TCC (id_tcc, id_aluno) VALUES (11, 43);
INSERT INTO Aluno_TCC (id_tcc, id_aluno) VALUES (12, 60);
INSERT INTO Aluno_TCC (id_tcc, id_aluno) VALUES (13, 97);
INSERT INTO Aluno_TCC (id_tcc, id_aluno) VALUES (13, 92);
INSERT INTO Aluno_TCC (id_tcc, id_aluno) VALUES (13, 1);
INSERT INTO Aluno_TCC (id_tcc, id_aluno) VALUES (13, 18);
INSERT INTO Aluno_TCC (id_tcc, id_aluno) VALUES (14, 51);
INSERT INTO Aluno_TCC (id_tcc, id_aluno) VALUES (14, 66);
INSERT INTO Aluno_TCC (id_tcc, id_aluno) VALUES (14, 26);
INSERT INTO Aluno_TCC (id_tcc, id_aluno) VALUES (14, 21);
INSERT INTO Aluno_TCC (id_tcc, id_aluno) VALUES (15, 84);
INSERT INTO Aluno_TCC (id_tcc, id_aluno) VALUES (16, 46);
INSERT INTO Aluno_TCC (id_tcc, id_aluno) VALUES (16, 4);
INSERT INTO Aluno_TCC (id_tcc, id_aluno) VALUES (16, 80);
INSERT INTO Aluno_TCC (id_tcc, id_aluno) VALUES (16, 35);
INSERT INTO Aluno_TCC (id_tcc, id_aluno) VALUES (17, 94);
INSERT INTO Aluno_TCC (id_tcc, id_aluno) VALUES (17, 5);
INSERT INTO Aluno_TCC (id_tcc, id_aluno) VALUES (17, 30);
INSERT INTO Aluno_TCC (id_tcc, id_aluno) VALUES (17, 36);
INSERT INTO Aluno_TCC (id_tcc, id_aluno) VALUES (18, 27);
INSERT INTO Aluno_TCC (id_tcc, id_aluno) VALUES (18, 32);
INSERT INTO Aluno_TCC (id_tcc, id_aluno) VALUES (18, 77);
INSERT INTO Aluno_TCC (id_tcc, id_aluno) VALUES (18, 22);
INSERT INTO Aluno_TCC (id_tcc, id_aluno) VALUES (18, 76);
INSERT INTO Aluno_TCC (id_tcc, id_aluno) VALUES (19, 39);
INSERT INTO Aluno_TCC (id_tcc, id_aluno) VALUES (20, 50);
INSERT INTO Aluno_TCC (id_tcc, id_aluno) VALUES (20, 7);
INSERT INTO Aluno_TCC (id_tcc, id_aluno) VALUES (20, 25);
INSERT INTO Aluno_TCC (id_tcc, id_aluno) VALUES (20, 100);
INSERT INTO Grade_Curso (id_curso, id_disciplina) VALUES (1, 1);
INSERT INTO Grade_Curso (id_curso, id_disciplina) VALUES (1, 16);
INSERT INTO Grade_Curso (id_curso, id_disciplina) VALUES (1, 11);
INSERT INTO Grade_Curso (id_curso, id_disciplina) VALUES (1, 27);
INSERT INTO Grade_Curso (id_curso, id_disciplina) VALUES (1, 23);
INSERT INTO Grade_Curso (id_curso, id_disciplina) VALUES (1, 13);
INSERT INTO Grade_Curso (id_curso, id_disciplina) VALUES (1, 28);
INSERT INTO Grade_Curso (id_curso, id_disciplina) VALUES (1, 8);
INSERT INTO Grade_Curso (id_curso, id_disciplina) VALUES (1, 24);
INSERT INTO Grade_Curso (id_curso, id_disciplina) VALUES (2, 12);
INSERT INTO Grade_Curso (id_curso, id_disciplina) VALUES (2, 1);
INSERT INTO Grade_Curso (id_curso, id_disciplina) VALUES (2, 20);
INSERT INTO Grade_Curso (id_curso, id_disciplina) VALUES (2, 10);
INSERT INTO Grade_Curso (id_curso, id_disciplina) VALUES (2, 11);
INSERT INTO Grade_Curso (id_curso, id_disciplina) VALUES (2, 14);
INSERT INTO Grade_Curso (id_curso, id_disciplina) VALUES (2, 22);
INSERT INTO Grade_Curso (id_curso, id_disciplina) VALUES (2, 29);
INSERT INTO Grade_Curso (id_curso, id_disciplina) VALUES (2, 6);
INSERT INTO Grade_Curso (id_curso, id_disciplina) VALUES (2, 15);
INSERT INTO Grade_Curso (id_curso, id_disciplina) VALUES (2, 28);
INSERT INTO Grade_Curso (id_curso, id_disciplina) VALUES (2, 17);
INSERT INTO Grade_Curso (id_curso, id_disciplina) VALUES (2, 19);
INSERT INTO Grade_Curso (id_curso, id_disciplina) VALUES (2, 8);
INSERT INTO Grade_Curso (id_curso, id_disciplina) VALUES (3, 23);
INSERT INTO Grade_Curso (id_curso, id_disciplina) VALUES (3, 30);
INSERT INTO Grade_Curso (id_curso, id_disciplina) VALUES (3, 9);
INSERT INTO Grade_Curso (id_curso, id_disciplina) VALUES (3, 28);
INSERT INTO Grade_Curso (id_curso, id_disciplina) VALUES (3, 24);
INSERT INTO Grade_Curso (id_curso, id_disciplina) VALUES (3, 26);
INSERT INTO Grade_Curso (id_curso, id_disciplina) VALUES (3, 22);
INSERT INTO Grade_Curso (id_curso, id_disciplina) VALUES (3, 10);
INSERT INTO Grade_Curso (id_curso, id_disciplina) VALUES (3, 4);
INSERT INTO Grade_Curso (id_curso, id_disciplina) VALUES (3, 1);
INSERT INTO Grade_Curso (id_curso, id_disciplina) VALUES (3, 20);
INSERT INTO Grade_Curso (id_curso, id_disciplina) VALUES (4, 11);
INSERT INTO Grade_Curso (id_curso, id_disciplina) VALUES (4, 24);
INSERT INTO Grade_Curso (id_curso, id_disciplina) VALUES (4, 18);
INSERT INTO Grade_Curso (id_curso, id_disciplina) VALUES (4, 13);
INSERT INTO Grade_Curso (id_curso, id_disciplina) VALUES (4, 27);
INSERT INTO Grade_Curso (id_curso, id_disciplina) VALUES (4, 26);
INSERT INTO Grade_Curso (id_curso, id_disciplina) VALUES (4, 21);
INSERT INTO Grade_Curso (id_curso, id_disciplina) VALUES (4, 3);
INSERT INTO Grade_Curso (id_curso, id_disciplina) VALUES (4, 2);
INSERT INTO Grade_Curso (id_curso, id_disciplina) VALUES (4, 23);
INSERT INTO Grade_Curso (id_curso, id_disciplina) VALUES (5, 21);
INSERT INTO Grade_Curso (id_curso, id_disciplina) VALUES (5, 13);
INSERT INTO Grade_Curso (id_curso, id_disciplina) VALUES (5, 2);
INSERT INTO Grade_Curso (id_curso, id_disciplina) VALUES (5, 12);
INSERT INTO Grade_Curso (id_curso, id_disciplina) VALUES (5, 9);
INSERT INTO Grade_Curso (id_curso, id_disciplina) VALUES (5, 8);
INSERT INTO Grade_Curso (id_curso, id_disciplina) VALUES (5, 11);
INSERT INTO Grade_Curso (id_curso, id_disciplina) VALUES (5, 29);
INSERT INTO Grade_Curso (id_curso, id_disciplina) VALUES (5, 24);